{"credit":"Made with Blockbench","textures":{"main":"creaturesplus:mob/brush_stooge/walking/brush_stooge"},"elements":[{"name":"head","from":[6,2,0],"to":[10,6,4],"faces":{"north":{"uv":[5.625,1.625,6,2],"texture":"#main","tintindex":0},"east":{"uv":[5.0625,0.6875,5.3125,0.9375],"texture":"#main","tintindex":0},"south":{"uv":[4,0,4.57142875,0.42857125],"texture":"#main","tintindex":0},"west":{"uv":[5.6875,0.625,5.9375,0.875],"texture":"#main","tintindex":0},"up":{"uv":[4.5,0.125,4.75,0.375],"texture":"#main","tintindex":0},"down":{"uv":[5.6875,1,5.9375,0.75],"texture":"#main","tintindex":0}}},{"name":"body","from":[5,2,4],"to":[11,7,12],"faces":{"north":{"uv":[5.125,0.3125,5.5,0],"texture":"#main","tintindex":0},"east":{"uv":[5.125,0.6875,5.625,1],"texture":"#main","tintindex":0},"south":{"uv":[5.125,0.3125,5.5,0],"texture":"#main","tintindex":0},"west":{"uv":[5.25,0.75,5.75,1],"texture":"#main","tintindex":0},"up":{"uv":[4.3125,0.25,4.6875,0.75],"texture":"#main","tintindex":0},"down":{"uv":[4.3125,1.25,4.6875,1.75],"texture":"#main","tintindex":0}}},{"from":[7.26571,13.00959,10.25614],"to":[8.76571,14.25959,13.75614],"rotation":{"angle":22.5,"axis":"x","origin":[8,4.5,13]},"faces":{"north":{"uv":[4,0,4.57142875,0.42857125],"rotation":180,"texture":"#main","tintindex":0},"east":{"uv":[4,0,4.57142875,0.42857125],"rotation":180,"texture":"#main","tintindex":0},"south":{"uv":[4,0,4.57142875,0.42857125],"rotation":180,"texture":"#main","tintindex":0},"west":{"uv":[4,0,4.571375,0.428625],"rotation":180,"texture":"#main","tintindex":0},"up":{"uv":[4,0,4.57142875,0.57142875],"texture":"#main","tintindex":0},"down":{"uv":[4,0,4.57142875,0.57142875],"texture":"#main","tintindex":0}}},{"from":[7.01571,7.74386,18.50959],"to":[9.01571,11.24386,20.75959],"rotation":{"angle":-22.5,"axis":"x","origin":[8,4.5,13]},"faces":{"north":{"uv":[4,0,4.57142875,0.57142875],"rotation":180,"texture":"#main","tintindex":0},"east":{"uv":[4,0,4.57142875,0.42857125],"rotation":90,"texture":"#main","tintindex":0},"south":{"uv":[4,0,4.57142875,0.57142875],"texture":"#main","tintindex":0},"west":{"uv":[4,0,4.571375,0.428625],"rotation":270,"texture":"#main","tintindex":0},"up":{"uv":[4,0,4.57142875,0.42857125],"texture":"#main","tintindex":0},"down":{"uv":[4,0,4.57142875,0.42857125],"rotation":180,"texture":"#main","tintindex":0}}},{"from":[6.76571,8.74386,16.25959],"to":[9.26571,11.24386,19.00959],"faces":{"north":{"uv":[4,0,4.57142875,0.57142875],"rotation":180,"texture":"#main","tintindex":0},"east":{"uv":[4,0,4.57142875,0.42857125],"rotation":90,"texture":"#main","tintindex":0},"south":{"uv":[4,0,4.57142875,0.57142875],"texture":"#main","tintindex":0},"west":{"uv":[4,0,4.571375,0.428625],"rotation":270,"texture":"#main","tintindex":0},"up":{"uv":[4,0,4.57142875,0.42857125],"texture":"#main","tintindex":0},"down":{"uv":[4,0,4.57142875,0.42857125],"rotation":180,"texture":"#main","tintindex":0}}},{"from":[6.51571,8.24386,13.75959],"to":[9.51571,10.74386,17.00959],"rotation":{"angle":22.5,"axis":"x","origin":[8,4.5,13]},"faces":{"north":{"uv":[4,0,4.57142875,0.57142875],"rotation":180,"texture":"#main","tintindex":0},"east":{"uv":[4,0,4.57142875,0.42857125],"rotation":90,"texture":"#main","tintindex":0},"south":{"uv":[4,0,4.57142875,0.57142875],"texture":"#main","tintindex":0},"west":{"uv":[4,0,4.571375,0.428625],"rotation":270,"texture":"#main","tintindex":0},"up":{"uv":[4,0,4.57142875,0.42857125],"texture":"#main","tintindex":0},"down":{"uv":[4,0,4.57142875,0.42857125],"rotation":180,"texture":"#main","tintindex":0}}},{"from":[6.26571,2.24041,13.99386],"to":[9.76571,5.74041,17.99386],"rotation":{"angle":-45,"axis":"x","origin":[8,4.5,13]},"faces":{"north":{"uv":[4,0,4.57142875,0.42857125],"texture":"#main","tintindex":0},"east":{"uv":[4,0,4.5,0.4375],"texture":"#main","tintindex":0},"south":{"uv":[4,0,4.57142875,0.42857125],"texture":"#main","tintindex":0},"west":{"uv":[4,0,4.5,0.4375],"texture":"#main","tintindex":0},"up":{"uv":[4,0,4.4375,0.5],"texture":"#main","tintindex":0},"down":{"uv":[4,0,4.21875,0.25],"texture":"#main","tintindex":0}}},{"from":[6.01571,2.74041,10.99386],"to":[10.01571,6.74041,14.99386],"rotation":{"angle":-22.5,"axis":"x","origin":[8,4.5,13]},"faces":{"north":{"uv":[4,0,4.25,0.25],"texture":"#main","tintindex":0},"east":{"uv":[5.75,0.625,6,0.875],"texture":"#main","tintindex":0},"south":{"uv":[4,0,4.25,0.25],"texture":"#main","tintindex":0},"west":{"uv":[5,0.75,5.25,1],"texture":"#main","tintindex":0},"up":{"uv":[4.1875,0.125,4.4375,0.375],"texture":"#main","tintindex":0},"down":{"uv":[5.25,0.75,5.5,1],"texture":"#main","tintindex":0}}},{"name":"plant","from":[10,6,9],"to":[10,10,13],"faces":{"north":{"uv":[3.5625,2.625,3.875,2.9375],"texture":"#main","tintindex":0},"east":{"uv":[3.5625,2.9375,3.875,2.625],"texture":"#main","tintindex":0},"south":{"uv":[3.5625,2.625,3.875,2.9375],"texture":"#main","tintindex":0},"west":{"uv":[3.875,2.9375,3.5625,2.625],"texture":"#main","tintindex":0},"up":{"uv":[3.5625,2.625,3.875,2.9375],"rotation":270,"texture":"#main","tintindex":0},"down":{"uv":[3.5625,2.625,3.875,2.9375],"rotation":90,"texture":"#main","tintindex":0}}},{"name":"plant","from":[8,6,11],"to":[12,10,11],"faces":{"north":{"uv":[3.875,2.9375,3.5625,2.625],"texture":"#main","tintindex":0},"east":{"uv":[3.5625,2.625,3.875,2.9375],"texture":"#main","tintindex":0},"south":{"uv":[3.5625,2.9375,3.875,2.625],"texture":"#main","tintindex":0},"west":{"uv":[3.5625,2.625,3.875,2.9375],"texture":"#main","tintindex":0},"up":{"uv":[3.5625,2.625,3.875,2.9375],"texture":"#main","tintindex":0},"down":{"uv":[3.5625,2.625,3.875,2.9375],"texture":"#main","tintindex":0}}},{"name":"plant","from":[9.5,5,1],"to":[9.5,8,4],"faces":{"north":{"uv":[3.5625,2.625,3.875,2.9375],"texture":"#main","tintindex":0},"east":{"uv":[3.5625,2.9375,3.875,2.625],"texture":"#main","tintindex":0},"south":{"uv":[3.5625,2.625,3.875,2.9375],"texture":"#main","tintindex":0},"west":{"uv":[3.875,2.9375,3.5625,2.625],"texture":"#main","tintindex":0},"up":{"uv":[3.5625,2.625,3.875,2.9375],"rotation":270,"texture":"#main","tintindex":0},"down":{"uv":[3.5625,2.625,3.875,2.9375],"rotation":90,"texture":"#main","tintindex":0}}},{"name":"plant","from":[8,5,2.5],"to":[11,8,2.5],"faces":{"north":{"uv":[3.875,2.9375,3.5625,2.625],"texture":"#main","tintindex":0},"east":{"uv":[3.5625,2.625,3.875,2.9375],"texture":"#main","tintindex":0},"south":{"uv":[3.5625,2.9375,3.875,2.625],"texture":"#main","tintindex":0},"west":{"uv":[3.5625,2.625,3.875,2.9375],"texture":"#main","tintindex":0},"up":{"uv":[3.5625,2.625,3.875,2.9375],"texture":"#main","tintindex":0},"down":{"uv":[3.5625,2.625,3.875,2.9375],"texture":"#main","tintindex":0}}},{"name":"plant","from":[11.25,10,18.5],"to":[15.25,14,18.5],"rotation":{"angle":-45,"axis":"y","origin":[10,8,11]},"faces":{"north":{"uv":[3.875,2.9375,3.5625,2.625],"texture":"#main","tintindex":0},"east":{"uv":[3.5625,2.625,3.875,2.9375],"texture":"#main","tintindex":0},"south":{"uv":[3.5625,2.9375,3.875,2.625],"texture":"#main","tintindex":0},"west":{"uv":[3.5625,2.625,3.875,2.9375],"texture":"#main","tintindex":0},"up":{"uv":[3.5625,2.625,3.875,2.9375],"texture":"#main","tintindex":0},"down":{"uv":[3.5625,2.625,3.875,2.9375],"texture":"#main","tintindex":0}}},{"name":"plant","from":[0.5,10,14.25],"to":[4.5,14,14.25],"rotation":{"angle":45,"axis":"y","origin":[10,8,11]},"faces":{"north":{"uv":[3.875,2.9375,3.5625,2.625],"texture":"#main","tintindex":0},"east":{"uv":[3.5625,2.625,3.875,2.9375],"texture":"#main","tintindex":0},"south":{"uv":[3.5625,2.9375,3.875,2.625],"texture":"#main","tintindex":0},"west":{"uv":[3.5625,2.625,3.875,2.9375],"texture":"#main","tintindex":0},"up":{"uv":[3.5625,2.625,3.875,2.9375],"texture":"#main","tintindex":0},"down":{"uv":[3.5625,2.625,3.875,2.9375],"texture":"#main","tintindex":0}}},{"name":"red mushroom","from":[4.1453,6.25069,8.504],"to":[5.1453,7.75069,9.504],"rotation":{"angle":22.5,"axis":"z","origin":[5.14574,8.18819,11.00356]},"faces":{"north":{"uv":[2.6875,0.3125,2.8125,0.5],"texture":"#main","tintindex":0},"east":{"uv":[2.6875,0.3125,2.8125,0.5],"texture":"#main","tintindex":0},"south":{"uv":[2.6875,0.3125,2.8125,0.5],"texture":"#main","tintindex":0},"west":{"uv":[2.6875,0.3125,2.8125,0.5],"texture":"#main","tintindex":0},"up":{"uv":[2.6875,0.3125,2.8125,0.375],"texture":"#main","tintindex":0},"down":{"uv":[2.6875,0.375,2.8125,0.5],"texture":"#main","tintindex":0}}},{"name":"red mushroom","from":[2.6453,7.75069,7.004],"to":[6.6453,8.75069,11.004],"rotation":{"angle":22.5,"axis":"z","origin":[5.14574,8.18819,11.00356]},"faces":{"north":{"uv":[2.5,0.1875,3,0.3125],"texture":"#main","tintindex":0},"east":{"uv":[2.5,0.1875,3,0.3125],"texture":"#main","tintindex":0},"south":{"uv":[2.5,0.1875,3,0.3125],"texture":"#main","tintindex":0},"west":{"uv":[2.5,0.1875,3,0.3125],"texture":"#main","tintindex":0},"up":{"uv":[2.5,0.5,3,1],"texture":"#main","tintindex":0},"down":{"uv":[2,0.5,2.5,1],"texture":"#main","tintindex":0}}},{"name":"red mushroom","from":[3.64705,9.25069,8.00226],"to":[5.64705,9.75069,10.00226],"rotation":{"angle":22.5,"axis":"z","origin":[5.14574,8.18819,11.00356]},"faces":{"north":{"uv":[2.625,0.0625,2.875,0.125],"texture":"#main","tintindex":0},"east":{"uv":[2.8125,0.0625,2.875,0.125],"texture":"#main","tintindex":0},"south":{"uv":[2.625,0.0625,2.875,0.125],"texture":"#main","tintindex":0},"west":{"uv":[2.625,0.0625,2.875,0.125],"texture":"#main","tintindex":0},"up":{"uv":[2.625,0.625,2.875,0.875],"texture":"#main","tintindex":0},"down":{"uv":[2.625,0.0625,2.875,0.125],"texture":"#main","tintindex":0}}},{"name":"red mushroom","from":[3.1453,8.75069,7.504],"to":[6.1453,9.25069,10.504],"rotation":{"angle":22.5,"axis":"z","origin":[5.14574,8.18819,11.00356]},"faces":{"north":{"uv":[2.5625,0.125,2.9375,0.1875],"texture":"#main","tintindex":0},"east":{"uv":[2.5625,0.125,2.9375,0.1875],"texture":"#main","tintindex":0},"south":{"uv":[2.5625,0.125,2.9375,0.1875],"texture":"#main","tintindex":0},"west":{"uv":[2.5625,0.125,2.9375,0.1875],"texture":"#main","tintindex":0},"up":{"uv":[2.5625,0.5625,2.9375,0.9375],"texture":"#main","tintindex":0},"down":{"uv":[2.5625,0.125,2.9375,0.1875],"texture":"#main","tintindex":0}}},{"from":[3.5,2.5,4.99998],"to":[5.5,3.5,5.99998],"rotation":{"angle":22.5,"axis":"z","origin":[4.5,3,5]},"faces":{"north":{"uv":[4,0,4.125,0.25],"rotation":270,"texture":"#main","tintindex":0},"east":{"uv":[4,0,4.125,0.125],"rotation":90,"texture":"#main","tintindex":0},"south":{"uv":[4,0,4.125,0.25],"rotation":90,"texture":"#main","tintindex":0},"west":{"uv":[4,0,4.125,0.125],"rotation":90,"texture":"#main","tintindex":0},"up":{"uv":[4,0,4.125,0.25],"rotation":90,"texture":"#main","tintindex":0},"down":{"uv":[4,0,4.125,0.25],"rotation":90,"texture":"#main","tintindex":0}}},{"from":[3.5,-0.25,5],"to":[4.5,2.75,6],"rotation":{"angle":-22.5,"axis":"z","origin":[4.5,3,5]},"faces":{"north":{"uv":[4,0,4.125,0.375],"texture":"#main","tintindex":0},"east":{"uv":[4,0,4.125,0.375],"texture":"#main","tintindex":0},"south":{"uv":[4,0,4.125,0.375],"texture":"#main","tintindex":0},"west":{"uv":[4,0,4.125,0.375],"texture":"#main","tintindex":0},"up":{"uv":[4,0,4.125,0.125],"texture":"#main","tintindex":0},"down":{"uv":[4,0,4.125,0.125],"texture":"#main","tintindex":0}}},{"from":[4,2,7.49998],"to":[5,4,8.49998],"rotation":{"angle":-45,"axis":"z","origin":[4.5,3,7.5]},"faces":{"north":{"uv":[4,0,4.125,0.25],"texture":"#main","tintindex":0},"east":{"uv":[4,0,4.125,0.25],"texture":"#main","tintindex":0},"south":{"uv":[4,0,4.125,0.25],"texture":"#main","tintindex":0},"west":{"uv":[4,0,4.125,0.25],"texture":"#main","tintindex":0},"up":{"uv":[4,0,4.125,0.125],"texture":"#main","tintindex":0},"down":{"uv":[4,0,4.125,0.125],"texture":"#main","tintindex":0}}},{"from":[3.5,-0.25,7.5],"to":[4.5,2.75,8.5],"faces":{"north":{"uv":[4,0,4.125,0.375],"texture":"#main","tintindex":0},"east":{"uv":[4,0,4.125,0.375],"texture":"#main","tintindex":0},"south":{"uv":[4,0,4.125,0.375],"texture":"#main","tintindex":0},"west":{"uv":[4,0,4.125,0.375],"texture":"#main","tintindex":0},"up":{"uv":[4,0,4.125,0.125],"texture":"#main","tintindex":0},"down":{"uv":[4,0,4.125,0.125],"texture":"#main","tintindex":0}}},{"from":[3.5,2.5,9.99998],"to":[5.5,3.5,10.99998],"rotation":{"angle":22.5,"axis":"z","origin":[4.5,3,10]},"faces":{"north":{"uv":[4,0,4.125,0.25],"rotation":270,"texture":"#main","tintindex":0},"east":{"uv":[4,0,4.125,0.125],"rotation":90,"texture":"#main","tintindex":0},"south":{"uv":[4,0,4.125,0.25],"rotation":90,"texture":"#main","tintindex":0},"west":{"uv":[4,0,4.125,0.125],"rotation":90,"texture":"#main","tintindex":0},"up":{"uv":[4,0,4.125,0.25],"rotation":90,"texture":"#main","tintindex":0},"down":{"uv":[4,0,4.125,0.25],"rotation":90,"texture":"#main","tintindex":0}}},{"from":[3.5,-0.25,10],"to":[4.5,2.75,11],"rotation":{"angle":-22.5,"axis":"z","origin":[4.5,3,10]},"faces":{"north":{"uv":[4,0,4.125,0.375],"texture":"#main","tintindex":0},"east":{"uv":[4,0,4.125,0.375],"texture":"#main","tintindex":0},"south":{"uv":[4,0,4.125,0.375],"texture":"#main","tintindex":0},"west":{"uv":[4,0,4.125,0.375],"texture":"#main","tintindex":0},"up":{"uv":[4,0,4.125,0.125],"texture":"#main","tintindex":0},"down":{"uv":[4,0,4.125,0.125],"texture":"#main","tintindex":0}}},{"from":[10.75,1.8,4.99998],"to":[12.75,2.8,5.99998],"rotation":{"angle":-22.5,"axis":"z","origin":[12.5,3,5]},"faces":{"north":{"uv":[4,0,4.125,0.25],"rotation":90,"texture":"#main","tintindex":0},"east":{"uv":[4,0,4.125,0.125],"rotation":90,"texture":"#main","tintindex":0},"south":{"uv":[4,0,4.125,0.25],"rotation":270,"texture":"#main","tintindex":0},"west":{"uv":[4,0,4.125,0.125],"rotation":90,"texture":"#main","tintindex":0},"up":{"uv":[4,0,4.125,0.25],"rotation":90,"texture":"#main","tintindex":0},"down":{"uv":[4,0,4.125,0.25],"rotation":90,"texture":"#main","tintindex":0}}},{"from":[11.5,-0.25,5],"to":[12.5,2.75,6],"rotation":{"angle":22.5,"axis":"z","origin":[12.5,3,5]},"faces":{"north":{"uv":[4,0,4.125,0.375],"texture":"#main","tintindex":0},"east":{"uv":[4,0,4.125,0.375],"texture":"#main","tintindex":0},"south":{"uv":[4,0,4.125,0.375],"texture":"#main","tintindex":0},"west":{"uv":[4,0,4.125,0.375],"texture":"#main","tintindex":0},"up":{"uv":[4,0,4.125,0.125],"texture":"#main","tintindex":0},"down":{"uv":[4,0,4.125,0.125],"texture":"#main","tintindex":0}}},{"from":[11.3,2.75,7.49998],"to":[12.3,4.75,8.49998],"rotation":{"angle":45,"axis":"z","origin":[12.5,3,7.5]},"faces":{"north":{"uv":[4,0,4.125,0.25],"texture":"#main","tintindex":0},"east":{"uv":[4,0,4.125,0.25],"rotation":180,"texture":"#main","tintindex":0},"south":{"uv":[4,0,4.125,0.25],"texture":"#main","tintindex":0},"west":{"uv":[4,0,4.125,0.25],"rotation":180,"texture":"#main","tintindex":0},"up":{"uv":[4,0,4.125,0.125],"rotation":180,"texture":"#main","tintindex":0},"down":{"uv":[4,0,4.125,0.125],"rotation":180,"texture":"#main","tintindex":0}}},{"from":[11.5,-0.25,7.5],"to":[12.5,2.75,8.5],"faces":{"north":{"uv":[4,0,4.125,0.375],"texture":"#main","tintindex":0},"east":{"uv":[4,0,4.125,0.375],"texture":"#main","tintindex":0},"south":{"uv":[4,0,4.125,0.375],"texture":"#main","tintindex":0},"west":{"uv":[4,0,4.125,0.375],"texture":"#main","tintindex":0},"up":{"uv":[4,0,4.125,0.125],"texture":"#main","tintindex":0},"down":{"uv":[4,0,4.125,0.125],"texture":"#main","tintindex":0}}},{"from":[10.75,1.8,9.99998],"to":[12.75,2.8,10.99998],"rotation":{"angle":-22.5,"axis":"z","origin":[12.5,3,10]},"faces":{"north":{"uv":[4,0,4.125,0.25],"rotation":90,"texture":"#main","tintindex":0},"east":{"uv":[4,0,4.125,0.125],"rotation":90,"texture":"#main","tintindex":0},"south":{"uv":[4,0,4.125,0.25],"rotation":270,"texture":"#main","tintindex":0},"west":{"uv":[4,0,4.125,0.125],"rotation":90,"texture":"#main","tintindex":0},"up":{"uv":[4,0,4.125,0.25],"rotation":90,"texture":"#main","tintindex":0},"down":{"uv":[4,0,4.125,0.25],"rotation":90,"texture":"#main","tintindex":0}}},{"from":[11.5,-0.25,10],"to":[12.5,2.75,11],"rotation":{"angle":22.5,"axis":"z","origin":[12.5,3,10]},"faces":{"north":{"uv":[4,0,4.125,0.375],"texture":"#main","tintindex":0},"east":{"uv":[4,0,4.125,0.375],"texture":"#main","tintindex":0},"south":{"uv":[4,0,4.125,0.375],"texture":"#main","tintindex":0},"west":{"uv":[4,0,4.125,0.375],"texture":"#main","tintindex":0},"up":{"uv":[4,0,4.125,0.125],"texture":"#main","tintindex":0},"down":{"uv":[4,0,4.125,0.125],"texture":"#main","tintindex":0}}},{"name":"body","from":[7,3,1],"to":[9,5,3],"faces":{"north":{"uv":[4.375,1.25,4.625,1.5],"texture":"#main","tintindex":0},"east":{"uv":[4.375,1.25,4.625,1.5],"texture":"#main","tintindex":0},"south":{"uv":[4.375,1.25,4.625,1.5],"texture":"#main","tintindex":0},"west":{"uv":[4.375,1.25,4.625,1.5],"texture":"#main","tintindex":0},"up":{"uv":[4.375,1.25,4.625,1.5],"texture":"#main","tintindex":0},"down":{"uv":[4.375,1.25,4.625,1.5],"texture":"#main","tintindex":0}}},{"name":"head","from":[6,2,0],"to":[10,6,4],"faces":{"north":{"uv":[13.625,1.625,14,2],"texture":"#main","tintindex":0},"east":{"uv":[13.0625,0.6875,13.3125,0.9375],"texture":"#main","tintindex":0},"south":{"uv":[12,0,12.571428749999999,0.42857125],"texture":"#main","tintindex":0},"west":{"uv":[13.6875,0.625,13.9375,0.875],"texture":"#main","tintindex":0},"up":{"uv":[12.5,0.125,12.75,0.375],"texture":"#main","tintindex":0},"down":{"uv":[13.6875,1,13.9375,0.75],"texture":"#main","tintindex":0}}},{"name":"body","from":[5,2,4],"to":[11,7,12],"faces":{"north":{"uv":[13.125,0.3125,13.5,0],"texture":"#main","tintindex":0},"east":{"uv":[13.125,0.6875,13.625,1],"texture":"#main","tintindex":0},"south":{"uv":[13.125,0.3125,13.5,0],"texture":"#main","tintindex":0},"west":{"uv":[13.25,0.75,13.75,1],"texture":"#main","tintindex":0},"up":{"uv":[12.3125,0.25,12.6875,0.75],"texture":"#main","tintindex":0},"down":{"uv":[12.3125,1.25,12.6875,1.75],"texture":"#main","tintindex":0}}},{"from":[7.26571,13.00959,10.25614],"to":[8.76571,14.25959,13.75614],"rotation":{"angle":22.5,"axis":"x","origin":[8,4.5,13]},"faces":{"north":{"uv":[12,0,12.571428749999999,0.42857125],"rotation":180,"texture":"#main","tintindex":0},"east":{"uv":[12,0,12.571428749999999,0.42857125],"rotation":180,"texture":"#main","tintindex":0},"south":{"uv":[12,0,12.571428749999999,0.42857125],"rotation":180,"texture":"#main","tintindex":0},"west":{"uv":[12,0,12.571375,0.428625],"rotation":180,"texture":"#main","tintindex":0},"up":{"uv":[12,0,12.571428749999999,0.57142875],"texture":"#main","tintindex":0},"down":{"uv":[12,0,12.571428749999999,0.57142875],"texture":"#main","tintindex":0}}},{"from":[7.01571,7.74386,18.50959],"to":[9.01571,11.24386,20.75959],"rotation":{"angle":-22.5,"axis":"x","origin":[8,4.5,13]},"faces":{"north":{"uv":[12,0,12.571428749999999,0.57142875],"rotation":180,"texture":"#main","tintindex":0},"east":{"uv":[12,0,12.571428749999999,0.42857125],"rotation":90,"texture":"#main","tintindex":0},"south":{"uv":[12,0,12.571428749999999,0.57142875],"texture":"#main","tintindex":0},"west":{"uv":[12,0,12.571375,0.428625],"rotation":270,"texture":"#main","tintindex":0},"up":{"uv":[12,0,12.571428749999999,0.42857125],"texture":"#main","tintindex":0},"down":{"uv":[12,0,12.571428749999999,0.42857125],"rotation":180,"texture":"#main","tintindex":0}}},{"from":[6.76571,8.74386,16.25959],"to":[9.26571,11.24386,19.00959],"faces":{"north":{"uv":[12,0,12.571428749999999,0.57142875],"rotation":180,"texture":"#main","tintindex":0},"east":{"uv":[12,0,12.571428749999999,0.42857125],"rotation":90,"texture":"#main","tintindex":0},"south":{"uv":[12,0,12.571428749999999,0.57142875],"texture":"#main","tintindex":0},"west":{"uv":[12,0,12.571375,0.428625],"rotation":270,"texture":"#main","tintindex":0},"up":{"uv":[12,0,12.571428749999999,0.42857125],"texture":"#main","tintindex":0},"down":{"uv":[12,0,12.571428749999999,0.42857125],"rotation":180,"texture":"#main","tintindex":0}}},{"from":[6.51571,8.24386,13.75959],"to":[9.51571,10.74386,17.00959],"rotation":{"angle":22.5,"axis":"x","origin":[8,4.5,13]},"faces":{"north":{"uv":[12,0,12.571428749999999,0.57142875],"rotation":180,"texture":"#main","tintindex":0},"east":{"uv":[12,0,12.571428749999999,0.42857125],"rotation":90,"texture":"#main","tintindex":0},"south":{"uv":[12,0,12.571428749999999,0.57142875],"texture":"#main","tintindex":0},"west":{"uv":[12,0,12.571375,0.428625],"rotation":270,"texture":"#main","tintindex":0},"up":{"uv":[12,0,12.571428749999999,0.42857125],"texture":"#main","tintindex":0},"down":{"uv":[12,0,12.571428749999999,0.42857125],"rotation":180,"texture":"#main","tintindex":0}}},{"from":[6.26571,2.24041,13.99386],"to":[9.76571,5.74041,17.99386],"rotation":{"angle":-45,"axis":"x","origin":[8,4.5,13]},"faces":{"north":{"uv":[12,0,12.571428749999999,0.42857125],"texture":"#main","tintindex":0},"east":{"uv":[12,0,12.5,0.4375],"texture":"#main","tintindex":0},"south":{"uv":[12,0,12.571428749999999,0.42857125],"texture":"#main","tintindex":0},"west":{"uv":[12,0,12.5,0.4375],"texture":"#main","tintindex":0},"up":{"uv":[12,0,12.4375,0.5],"texture":"#main","tintindex":0},"down":{"uv":[12,0,12.21875,0.25],"texture":"#main","tintindex":0}}},{"from":[6.01571,2.74041,10.99386],"to":[10.01571,6.74041,14.99386],"rotation":{"angle":-22.5,"axis":"x","origin":[8,4.5,13]},"faces":{"north":{"uv":[12,0,12.25,0.25],"texture":"#main","tintindex":0},"east":{"uv":[13.75,0.625,14,0.875],"texture":"#main","tintindex":0},"south":{"uv":[12,0,12.25,0.25],"texture":"#main","tintindex":0},"west":{"uv":[13,0.75,13.25,1],"texture":"#main","tintindex":0},"up":{"uv":[12.1875,0.125,12.4375,0.375],"texture":"#main","tintindex":0},"down":{"uv":[13.25,0.75,13.5,1],"texture":"#main","tintindex":0}}},{"name":"plant","from":[10,6,9],"to":[10,10,13],"faces":{"north":{"uv":[11.5625,2.625,11.875,2.9375],"texture":"#main","tintindex":0},"east":{"uv":[11.5625,2.9375,11.875,2.625],"texture":"#main","tintindex":0},"south":{"uv":[11.5625,2.625,11.875,2.9375],"texture":"#main","tintindex":0},"west":{"uv":[11.875,2.9375,11.5625,2.625],"texture":"#main","tintindex":0},"up":{"uv":[11.5625,2.625,11.875,2.9375],"rotation":270,"texture":"#main","tintindex":0},"down":{"uv":[11.5625,2.625,11.875,2.9375],"rotation":90,"texture":"#main","tintindex":0}}},{"name":"plant","from":[8,6,11],"to":[12,10,11],"faces":{"north":{"uv":[11.875,2.9375,11.5625,2.625],"texture":"#main","tintindex":0},"east":{"uv":[11.5625,2.625,11.875,2.9375],"texture":"#main","tintindex":0},"south":{"uv":[11.5625,2.9375,11.875,2.625],"texture":"#main","tintindex":0},"west":{"uv":[11.5625,2.625,11.875,2.9375],"texture":"#main","tintindex":0},"up":{"uv":[11.5625,2.625,11.875,2.9375],"texture":"#main","tintindex":0},"down":{"uv":[11.5625,2.625,11.875,2.9375],"texture":"#main","tintindex":0}}},{"name":"plant","from":[9.5,5,1],"to":[9.5,8,4],"faces":{"north":{"uv":[11.5625,2.625,11.875,2.9375],"texture":"#main","tintindex":0},"east":{"uv":[11.5625,2.9375,11.875,2.625],"texture":"#main","tintindex":0},"south":{"uv":[11.5625,2.625,11.875,2.9375],"texture":"#main","tintindex":0},"west":{"uv":[11.875,2.9375,11.5625,2.625],"texture":"#main","tintindex":0},"up":{"uv":[11.5625,2.625,11.875,2.9375],"rotation":270,"texture":"#main","tintindex":0},"down":{"uv":[11.5625,2.625,11.875,2.9375],"rotation":90,"texture":"#main","tintindex":0}}},{"name":"plant","from":[8,5,2.5],"to":[11,8,2.5],"faces":{"north":{"uv":[11.875,2.9375,11.5625,2.625],"texture":"#main","tintindex":0},"east":{"uv":[11.5625,2.625,11.875,2.9375],"texture":"#main","tintindex":0},"south":{"uv":[11.5625,2.9375,11.875,2.625],"texture":"#main","tintindex":0},"west":{"uv":[11.5625,2.625,11.875,2.9375],"texture":"#main","tintindex":0},"up":{"uv":[11.5625,2.625,11.875,2.9375],"texture":"#main","tintindex":0},"down":{"uv":[11.5625,2.625,11.875,2.9375],"texture":"#main","tintindex":0}}},{"name":"plant","from":[11.25,10,18.5],"to":[15.25,14,18.5],"rotation":{"angle":-45,"axis":"y","origin":[10,8,11]},"faces":{"north":{"uv":[11.875,2.9375,11.5625,2.625],"texture":"#main","tintindex":0},"east":{"uv":[11.5625,2.625,11.875,2.9375],"texture":"#main","tintindex":0},"south":{"uv":[11.5625,2.9375,11.875,2.625],"texture":"#main","tintindex":0},"west":{"uv":[11.5625,2.625,11.875,2.9375],"texture":"#main","tintindex":0},"up":{"uv":[11.5625,2.625,11.875,2.9375],"texture":"#main","tintindex":0},"down":{"uv":[11.5625,2.625,11.875,2.9375],"texture":"#main","tintindex":0}}},{"name":"plant","from":[0.5,10,14.25],"to":[4.5,14,14.25],"rotation":{"angle":45,"axis":"y","origin":[10,8,11]},"faces":{"north":{"uv":[11.875,2.9375,11.5625,2.625],"texture":"#main","tintindex":0},"east":{"uv":[11.5625,2.625,11.875,2.9375],"texture":"#main","tintindex":0},"south":{"uv":[11.5625,2.9375,11.875,2.625],"texture":"#main","tintindex":0},"west":{"uv":[11.5625,2.625,11.875,2.9375],"texture":"#main","tintindex":0},"up":{"uv":[11.5625,2.625,11.875,2.9375],"texture":"#main","tintindex":0},"down":{"uv":[11.5625,2.625,11.875,2.9375],"texture":"#main","tintindex":0}}},{"name":"red mushroom","from":[4.1453,6.25069,8.504],"to":[5.1453,7.75069,9.504],"rotation":{"angle":22.5,"axis":"z","origin":[5.14574,8.18819,11.00356]},"faces":{"north":{"uv":[10.6875,0.3125,10.8125,0.5],"texture":"#main","tintindex":0},"east":{"uv":[10.6875,0.3125,10.8125,0.5],"texture":"#main","tintindex":0},"south":{"uv":[10.6875,0.3125,10.8125,0.5],"texture":"#main","tintindex":0},"west":{"uv":[10.6875,0.3125,10.8125,0.5],"texture":"#main","tintindex":0},"up":{"uv":[10.6875,0.3125,10.8125,0.375],"texture":"#main","tintindex":0},"down":{"uv":[10.6875,0.375,10.8125,0.5],"texture":"#main","tintindex":0}}},{"name":"red mushroom","from":[2.6453,7.75069,7.004],"to":[6.6453,8.75069,11.004],"rotation":{"angle":22.5,"axis":"z","origin":[5.14574,8.18819,11.00356]},"faces":{"north":{"uv":[10.5,0.1875,11,0.3125],"texture":"#main","tintindex":0},"east":{"uv":[10.5,0.1875,11,0.3125],"texture":"#main","tintindex":0},"south":{"uv":[10.5,0.1875,11,0.3125],"texture":"#main","tintindex":0},"west":{"uv":[10.5,0.1875,11,0.3125],"texture":"#main","tintindex":0},"up":{"uv":[10.5,0.5,11,1],"texture":"#main","tintindex":0},"down":{"uv":[10,0.5,10.5,1],"texture":"#main","tintindex":0}}},{"name":"red mushroom","from":[3.64705,9.25069,8.00226],"to":[5.64705,9.75069,10.00226],"rotation":{"angle":22.5,"axis":"z","origin":[5.14574,8.18819,11.00356]},"faces":{"north":{"uv":[10.625,0.0625,10.875,0.125],"texture":"#main","tintindex":0},"east":{"uv":[10.8125,0.0625,10.875,0.125],"texture":"#main","tintindex":0},"south":{"uv":[10.625,0.0625,10.875,0.125],"texture":"#main","tintindex":0},"west":{"uv":[10.625,0.0625,10.875,0.125],"texture":"#main","tintindex":0},"up":{"uv":[10.625,0.625,10.875,0.875],"texture":"#main","tintindex":0},"down":{"uv":[10.625,0.0625,10.875,0.125],"texture":"#main","tintindex":0}}},{"name":"red mushroom","from":[3.1453,8.75069,7.504],"to":[6.1453,9.25069,10.504],"rotation":{"angle":22.5,"axis":"z","origin":[5.14574,8.18819,11.00356]},"faces":{"north":{"uv":[10.5625,0.125,10.9375,0.1875],"texture":"#main","tintindex":0},"east":{"uv":[10.5625,0.125,10.9375,0.1875],"texture":"#main","tintindex":0},"south":{"uv":[10.5625,0.125,10.9375,0.1875],"texture":"#main","tintindex":0},"west":{"uv":[10.5625,0.125,10.9375,0.1875],"texture":"#main","tintindex":0},"up":{"uv":[10.5625,0.5625,10.9375,0.9375],"texture":"#main","tintindex":0},"down":{"uv":[10.5625,0.125,10.9375,0.1875],"texture":"#main","tintindex":0}}},{"from":[4,2,4.99998],"to":[5,4,5.99998],"rotation":{"angle":-45,"axis":"z","origin":[4.5,3,5]},"faces":{"north":{"uv":[12,0,12.125,0.25],"texture":"#main","tintindex":0},"east":{"uv":[12,0,12.125,0.25],"texture":"#main","tintindex":0},"south":{"uv":[12,0,12.125,0.25],"texture":"#main","tintindex":0},"west":{"uv":[12,0,12.125,0.25],"texture":"#main","tintindex":0},"up":{"uv":[12,0,12.125,0.125],"texture":"#main","tintindex":0},"down":{"uv":[12,0,12.125,0.125],"texture":"#main","tintindex":0}}},{"from":[3.5,-0.25,5],"to":[4.5,2.75,6],"faces":{"north":{"uv":[12,0,12.125,0.375],"texture":"#main","tintindex":0},"east":{"uv":[12,0,12.125,0.375],"texture":"#main","tintindex":0},"south":{"uv":[12,0,12.125,0.375],"texture":"#main","tintindex":0},"west":{"uv":[12,0,12.125,0.375],"texture":"#main","tintindex":0},"up":{"uv":[12,0,12.125,0.125],"texture":"#main","tintindex":0},"down":{"uv":[12,0,12.125,0.125],"texture":"#main","tintindex":0}}},{"from":[3.5,2.5,7.49998],"to":[5.5,3.5,8.49998],"rotation":{"angle":22.5,"axis":"z","origin":[4.5,3,7.5]},"faces":{"north":{"uv":[12,0,12.125,0.25],"rotation":270,"texture":"#main","tintindex":0},"east":{"uv":[12,0,12.125,0.125],"rotation":90,"texture":"#main","tintindex":0},"south":{"uv":[12,0,12.125,0.25],"rotation":90,"texture":"#main","tintindex":0},"west":{"uv":[12,0,12.125,0.125],"rotation":90,"texture":"#main","tintindex":0},"up":{"uv":[12,0,12.125,0.25],"rotation":90,"texture":"#main","tintindex":0},"down":{"uv":[12,0,12.125,0.25],"rotation":90,"texture":"#main","tintindex":0}}},{"from":[3.5,-0.25,7.5],"to":[4.5,2.75,8.5],"rotation":{"angle":-22.5,"axis":"z","origin":[4.5,3,7.5]},"faces":{"north":{"uv":[12,0,12.125,0.375],"texture":"#main","tintindex":0},"east":{"uv":[12,0,12.125,0.375],"texture":"#main","tintindex":0},"south":{"uv":[12,0,12.125,0.375],"texture":"#main","tintindex":0},"west":{"uv":[12,0,12.125,0.375],"texture":"#main","tintindex":0},"up":{"uv":[12,0,12.125,0.125],"texture":"#main","tintindex":0},"down":{"uv":[12,0,12.125,0.125],"texture":"#main","tintindex":0}}},{"from":[4,2,9.99998],"to":[5,4,10.99998],"rotation":{"angle":-45,"axis":"z","origin":[4.5,3,10]},"faces":{"north":{"uv":[12,0,12.125,0.25],"texture":"#main","tintindex":0},"east":{"uv":[12,0,12.125,0.25],"texture":"#main","tintindex":0},"south":{"uv":[12,0,12.125,0.25],"texture":"#main","tintindex":0},"west":{"uv":[12,0,12.125,0.25],"texture":"#main","tintindex":0},"up":{"uv":[12,0,12.125,0.125],"texture":"#main","tintindex":0},"down":{"uv":[12,0,12.125,0.125],"texture":"#main","tintindex":0}}},{"from":[3.5,-0.25,10],"to":[4.5,2.75,11],"faces":{"north":{"uv":[12,0,12.125,0.375],"texture":"#main","tintindex":0},"east":{"uv":[12,0,12.125,0.375],"texture":"#main","tintindex":0},"south":{"uv":[12,0,12.125,0.375],"texture":"#main","tintindex":0},"west":{"uv":[12,0,12.125,0.375],"texture":"#main","tintindex":0},"up":{"uv":[12,0,12.125,0.125],"texture":"#main","tintindex":0},"down":{"uv":[12,0,12.125,0.125],"texture":"#main","tintindex":0}}},{"from":[11.3,2.75,4.99998],"to":[12.3,4.75,5.99998],"rotation":{"angle":45,"axis":"z","origin":[12.5,3,5]},"faces":{"north":{"uv":[12,0,12.125,0.25],"texture":"#main","tintindex":0},"east":{"uv":[12,0,12.125,0.25],"rotation":180,"texture":"#main","tintindex":0},"south":{"uv":[12,0,12.125,0.25],"texture":"#main","tintindex":0},"west":{"uv":[12,0,12.125,0.25],"rotation":180,"texture":"#main","tintindex":0},"up":{"uv":[12,0,12.125,0.125],"rotation":180,"texture":"#main","tintindex":0},"down":{"uv":[12,0,12.125,0.125],"rotation":180,"texture":"#main","tintindex":0}}},{"from":[11.5,-0.25,5],"to":[12.5,2.75,6],"faces":{"north":{"uv":[12,0,12.125,0.375],"texture":"#main","tintindex":0},"east":{"uv":[12,0,12.125,0.375],"texture":"#main","tintindex":0},"south":{"uv":[12,0,12.125,0.375],"texture":"#main","tintindex":0},"west":{"uv":[12,0,12.125,0.375],"texture":"#main","tintindex":0},"up":{"uv":[12,0,12.125,0.125],"texture":"#main","tintindex":0},"down":{"uv":[12,0,12.125,0.125],"texture":"#main","tintindex":0}}},{"from":[10.75,1.8,7.49998],"to":[12.75,2.8,8.49998],"rotation":{"angle":-22.5,"axis":"z","origin":[12.5,3,7.5]},"faces":{"north":{"uv":[12,0,12.125,0.25],"rotation":90,"texture":"#main","tintindex":0},"east":{"uv":[12,0,12.125,0.125],"rotation":90,"texture":"#main","tintindex":0},"south":{"uv":[12,0,12.125,0.25],"rotation":270,"texture":"#main","tintindex":0},"west":{"uv":[12,0,12.125,0.125],"rotation":90,"texture":"#main","tintindex":0},"up":{"uv":[12,0,12.125,0.25],"rotation":90,"texture":"#main","tintindex":0},"down":{"uv":[12,0,12.125,0.25],"rotation":90,"texture":"#main","tintindex":0}}},{"from":[11.5,-0.25,7.5],"to":[12.5,2.75,8.5],"rotation":{"angle":22.5,"axis":"z","origin":[12.5,3,7.5]},"faces":{"north":{"uv":[12,0,12.125,0.375],"texture":"#main","tintindex":0},"east":{"uv":[12,0,12.125,0.375],"texture":"#main","tintindex":0},"south":{"uv":[12,0,12.125,0.375],"texture":"#main","tintindex":0},"west":{"uv":[12,0,12.125,0.375],"texture":"#main","tintindex":0},"up":{"uv":[12,0,12.125,0.125],"texture":"#main","tintindex":0},"down":{"uv":[12,0,12.125,0.125],"texture":"#main","tintindex":0}}},{"from":[11.3,2.75,9.99998],"to":[12.3,4.75,10.99998],"rotation":{"angle":45,"axis":"z","origin":[12.5,3,10]},"faces":{"north":{"uv":[12,0,12.125,0.25],"texture":"#main","tintindex":0},"east":{"uv":[12,0,12.125,0.25],"rotation":180,"texture":"#main","tintindex":0},"south":{"uv":[12,0,12.125,0.25],"texture":"#main","tintindex":0},"west":{"uv":[12,0,12.125,0.25],"rotation":180,"texture":"#main","tintindex":0},"up":{"uv":[12,0,12.125,0.125],"rotation":180,"texture":"#main","tintindex":0},"down":{"uv":[12,0,12.125,0.125],"rotation":180,"texture":"#main","tintindex":0}}},{"from":[11.5,-0.25,10],"to":[12.5,2.75,11],"faces":{"north":{"uv":[12,0,12.125,0.375],"texture":"#main","tintindex":0},"east":{"uv":[12,0,12.125,0.375],"texture":"#main","tintindex":0},"south":{"uv":[12,0,12.125,0.375],"texture":"#main","tintindex":0},"west":{"uv":[12,0,12.125,0.375],"texture":"#main","tintindex":0},"up":{"uv":[12,0,12.125,0.125],"texture":"#main","tintindex":0},"down":{"uv":[12,0,12.125,0.125],"texture":"#main","tintindex":0}}},{"name":"body","from":[7,3,1],"to":[9,5,3],"faces":{"north":{"uv":[12.375,1.25,12.625,1.5],"texture":"#main","tintindex":0},"east":{"uv":[12.375,1.25,12.625,1.5],"texture":"#main","tintindex":0},"south":{"uv":[12.375,1.25,12.625,1.5],"texture":"#main","tintindex":0},"west":{"uv":[12.375,1.25,12.625,1.5],"texture":"#main","tintindex":0},"up":{"uv":[12.375,1.25,12.625,1.5],"texture":"#main","tintindex":0},"down":{"uv":[12.375,1.25,12.625,1.5],"texture":"#main","tintindex":0}}}],"display":{"thirdperson_righthand":{"rotation":[75,45,0],"translation":[0,2.5,0],"scale":[0.375,0.375,0.375]},"thirdperson_lefthand":{"rotation":[75,45,0],"translation":[0,2.5,0],"scale":[0.375,0.375,0.375]},"firstperson_righthand":{"rotation":[0,111,0],"scale":[0.4,0.4,0.4]},"firstperson_lefthand":{"rotation":[0,132,0],"scale":[0.4,0.4,0.4]},"ground":{"translation":[0,3,0],"scale":[0.25,0.25,0.25]},"gui":{"rotation":[30,225,0],"translation":[0,-2,0],"scale":[0.5,0.5,0.5]},"head":{"translation":[0,-22,0],"scale":[1.6,1.6,1.6]},"fixed":{"scale":[0.5,0.5,0.5]}},"groups":[0,1,{"name":"tail","origin":[8,8,8],"children":[2,3,4,5,6,7]},{"name":"plants","origin":[8,8,8],"children":[8,9,10,11,12,13,{"name":"mushroom","origin":[8,8,8],"children":[14,15,16,17]}]},{"name":"legs","origin":[8,8,8],"children":[{"name":"leg","origin":[8,8,8],"children":[18,19]},{"name":"leg2","origin":[8,8,8],"children":[20,21]},{"name":"leg3","origin":[8,8,8],"children":[22,23]},{"name":"leg4","origin":[8,8,8],"children":[24,25]},{"name":"leg5","origin":[8,8,8],"children":[26,27]},{"name":"leg6","origin":[8,8,8],"children":[28,29]}]},30],"__comment":"Model animated using Fizzy\u0027s model animator - http://fizzy81.github.io/animated-models/"}