{
	"credit": "Made with Blockbench",
	"textures": {
		"1": "iamobs:mob/small_bee/bee",
		"particle": "iamobs:mob/small_bee/bee"
	},
	"elements": [
		{
			"from": [4.5, 0, 3],
			"to": [11.5, 7, 13],
			"rotation": {"angle": 0, "axis": "y", "origin": [13.5, 8, 13]},
			"faces": {
				"north": {"uv": [4.444, 4.444, 7.528, 7.528], "texture": "#1"},
				"east": {"uv": [0, 4.444, 4.416, 7.528], "texture": "#1"},
				"south": {"uv": [12, 4.444, 15.083, 7.528], "texture": "#1"},
				"west": {"uv": [7.556, 4.444, 11.972, 7.528], "texture": "#1"},
				"up": {"uv": [4.444, 0, 7.527, 4.417], "rotation": 180, "texture": "#1"},
				"down": {"uv": [7.556, 0, 10.639, 4.417], "texture": "#1"}
			}
		},
		{
			"name": "wing_left",
			"from": [9.5, 7, 5],
			"to": [16.5, 7, 12],
			"rotation": {"angle": 0, "axis": "z", "origin": [13, 7, 8.5]},
			"faces": {
				"north": {"uv": [0, 8.25, 3.75, 9.75], "texture": "#1"},
				"east": {"uv": [0, 8.25, 3.75, 9.75], "texture": "#1"},
				"south": {"uv": [0, 8.25, 3.75, 9.75], "texture": "#1"},
				"west": {"uv": [0, 8.25, 3.75, 9.75], "texture": "#1"},
				"up": {"uv": [6.667, 10.667, 9.75, 13.5], "rotation": 90, "texture": "#1"},
				"down": {"uv": [3.556, 8, 6.639, 10.833], "rotation": 90, "texture": "#1"}
			}
		},
		{
			"name": "wing_left",
			"from": [-0.5, 7, 5],
			"to": [6.5, 7, 12],
			"rotation": {"angle": 0, "axis": "z", "origin": [3, 7, 8.5]},
			"faces": {
				"north": {"uv": [0, 8.25, 3.75, 9.75], "texture": "#1"},
				"east": {"uv": [0, 8.25, 3.75, 9.75], "texture": "#1"},
				"south": {"uv": [0, 8.25, 3.75, 9.75], "texture": "#1"},
				"west": {"uv": [0, 8.25, 3.75, 9.75], "texture": "#1"},
				"up": {"uv": [3.556, 8, 6.639, 10.833], "rotation": 270, "texture": "#1"},
				"down": {"uv": [6.667, 10.667, 9.75, 13.5], "rotation": 270, "texture": "#1"}
			}
		}
	],
	"display": {
		"thirdperson_righthand": {
			"rotation": [75, 45, 0],
			"translation": [0, 2.5, 0],
			"scale": [0.375, 0.375, 0.375]
		},
		"thirdperson_lefthand": {
			"rotation": [75, 45, 0],
			"translation": [0, 2.5, 0],
			"scale": [0.375, 0.375, 0.375]
		},
		"firstperson_righthand": {
			"rotation": [0, 111, 0],
			"scale": [0.4, 0.4, 0.4]
		},
		"firstperson_lefthand": {
			"rotation": [0, 132, 0],
			"scale": [0.4, 0.4, 0.4]
		},
		"ground": {
			"translation": [0, 3, 0],
			"scale": [0.25, 0.25, 0.25]
		},
		"gui": {
			"rotation": [30, 225, 0],
			"translation": [0, -2, 0],
			"scale": [0.5, 0.5, 0.5]
		},
		"head": {
			"translation": [0, -18.25, 0],
			"scale": [1.6, 1.6, 1.6]
		},
		"fixed": {
			"scale": [0.5, 0.5, 0.5]
		}
	},
	"groups": [
		{
			"name": "group",
			"origin": [8, 8, 8],
			"children": [0, 1, 2]
		}
	]
}