{"credit":"Made with Blockbench","texture_size":[64,64],"textures":{"0":"iamobs:mob/ender_wither/ender_wither","particle":"iamobs:mob/ender_wither/ender_wither"},"elements":[{"name":"upperBodyPart1","from":[-3.4,17.1,4.5],"to":[19.6,20.1,7.5],"shade":false,"rotation":{"angle":0,"axis":"y","origin":[16.6,8,13]},"faces":{"north":{"uv":[0.75,4,7.75,5.5],"texture":"#0","tintindex":0},"east":{"uv":[0.75,4,2.25,5.5],"texture":"#0","tintindex":0},"south":{"uv":[0.75,4,7.75,5.5],"texture":"#0","tintindex":0},"west":{"uv":[0.75,4,2.25,5.5],"texture":"#0","tintindex":0},"up":{"uv":[0.75,4,7.75,5.5],"texture":"#0","tintindex":0},"down":{"uv":[0.75,4,7.75,5.5],"texture":"#0","tintindex":0}}},{"name":"upperBodyPart2","from":[6.6,7.1,4.5],"to":[9.6,17.1,7.5],"shade":false,"rotation":{"angle":0,"axis":"y","origin":[16.6,8,13]},"faces":{"north":{"uv":[4,0,6,2],"texture":"#0","tintindex":0},"east":{"uv":[4,0,6,2],"texture":"#0","tintindex":0},"south":{"uv":[4,0,6,2],"texture":"#0","tintindex":0},"west":{"uv":[4,0,6,2],"texture":"#0","tintindex":0},"up":{"uv":[4,0,6,2],"texture":"#0","tintindex":0},"down":{"uv":[4,0,6,2],"texture":"#0","tintindex":0}}},{"name":"upperBodyPart3","from":[6.6,6.1,8.5],"to":[9.6,16.1,11.5],"shade":false,"rotation":{"angle":-45,"axis":"x","origin":[16.6,7,17]},"faces":{"north":{"uv":[4,0,6,2],"texture":"#0","tintindex":0},"east":{"uv":[4,0,6,2],"texture":"#0","tintindex":0},"south":{"uv":[4,0,6,2],"texture":"#0","tintindex":0},"west":{"uv":[4,0,6,2],"texture":"#0","tintindex":0},"up":{"uv":[4,0,6,2],"texture":"#0","tintindex":0},"down":{"uv":[4,0,6,2],"texture":"#0","tintindex":0}}},{"name":"upperBodyPart2","from":[2.6,13.6,5],"to":[13.6,15.6,7],"shade":false,"rotation":{"angle":0,"axis":"y","origin":[16.6,8,13]},"faces":{"north":{"uv":[7,5.5,12,6.5],"texture":"#0","tintindex":0},"east":{"uv":[4,0,6,2],"texture":"#0","tintindex":0},"south":{"uv":[7,5.5,12,6.5],"texture":"#0","tintindex":0},"west":{"uv":[4,0,6,2],"texture":"#0","tintindex":0},"up":{"uv":[7,5.5,12,6.5],"texture":"#0","tintindex":0},"down":{"uv":[7,5.5,12,6.5],"texture":"#0","tintindex":0}}},{"name":"upperBodyPart2","from":[2.6,11.1,5],"to":[13.6,13.1,7],"shade":false,"rotation":{"angle":0,"axis":"y","origin":[16.6,8,13]},"faces":{"north":{"uv":[7,5.5,12,6.5],"texture":"#0","tintindex":0},"east":{"uv":[4,0,6,2],"texture":"#0","tintindex":0},"south":{"uv":[7,5.5,12,6.5],"texture":"#0","tintindex":0},"west":{"uv":[4,0,6,2],"texture":"#0","tintindex":0},"up":{"uv":[7,5.5,12,6.5],"texture":"#0","tintindex":0},"down":{"uv":[7,5.5,12,6.5],"texture":"#0","tintindex":0}}},{"name":"upperBodyPart2","from":[2.6,8.6,5],"to":[13.6,10.6,7],"shade":false,"rotation":{"angle":0,"axis":"y","origin":[16.6,8,13]},"faces":{"north":{"uv":[7,5.5,12,6.5],"texture":"#0","tintindex":0},"east":{"uv":[4,0,6,2],"texture":"#0","tintindex":0},"south":{"uv":[7,5.5,12,6.5],"texture":"#0","tintindex":0},"west":{"uv":[4,0,6,2],"texture":"#0","tintindex":0},"up":{"uv":[7,5.5,12,6.5],"texture":"#0","tintindex":0},"down":{"uv":[7,5.5,12,6.5],"texture":"#0","tintindex":0}}},{"name":"head1","from":[4.1,20,1],"to":[12.1,28,9],"shade":false,"rotation":{"angle":0,"axis":"y","origin":[16.1,8,13]},"faces":{"north":{"uv":[2,2,4,4],"texture":"#0","tintindex":0},"east":{"uv":[0,2,2,4],"texture":"#0","tintindex":0},"south":{"uv":[4,0,6,2],"texture":"#0","tintindex":0},"west":{"uv":[4,2,6,4],"texture":"#0","tintindex":0},"up":{"uv":[2,0,4,2],"texture":"#0","tintindex":0},"down":{"uv":[4,0,6,2],"texture":"#0","tintindex":0}}},{"name":"head2","from":[-3.4,18,1],"to":[2.6,24,7],"shade":false,"rotation":{"angle":0,"axis":"y","origin":[16.6,8,13]},"faces":{"north":{"uv":[2,2,4,4],"texture":"#0","tintindex":0},"east":{"uv":[4,2,6,4],"texture":"#0","tintindex":0},"south":{"uv":[4,0,6,2],"texture":"#0","tintindex":0},"west":{"uv":[4,2,6,4],"texture":"#0","tintindex":0},"up":{"uv":[2,0,4,2],"texture":"#0","tintindex":0},"down":{"uv":[4,2,6,4],"texture":"#0","tintindex":0}}},{"name":"head3","from":[13.6,18,1],"to":[19.6,24,7],"shade":false,"rotation":{"angle":0,"axis":"y","origin":[15.6,8,13]},"faces":{"north":{"uv":[2,2,4,4],"texture":"#0","tintindex":0},"east":{"uv":[4,2,6,4],"texture":"#0","tintindex":0},"south":{"uv":[4,0,6,2],"texture":"#0","tintindex":0},"west":{"uv":[4,2,6,4],"texture":"#0","tintindex":0},"up":{"uv":[2,0,4,2],"texture":"#0","tintindex":0},"down":{"uv":[4,2,6,4],"texture":"#0","tintindex":0}}}],"display":{"thirdperson_righthand":{"rotation":[71,0,0],"scale":[0.5,0.5,0.5]},"ground":{"translation":[0,4.75,0],"scale":[0.5,0.5,0.5]},"gui":{"rotation":[25,-145,0],"translation":[-1.25,-4.25,0],"scale":[0.65,0.65,0.65]},"head":{"translation":[0,-73.25,10.5],"scale":[4,4,4]},"fixed":{"translation":[0,-4.25,-2.25]}},"groups":[{"name":"upperBodyPart1","origin":[0,24,0],"shade":false,"children":[0]},{"name":"upperBodyPart2","origin":[-2,17.1,-0.5],"shade":false,"children":[1,2,3,4,5]},{"name":"upperBodyPart3","origin":[0,24,0],"shade":false,"children":[]},{"name":"head1","origin":[0,20,0],"shade":false,"children":[6]},{"name":"head2","origin":[-9,18,-1],"shade":false,"children":[7]},{"name":"head3","origin":[9,18,-1],"shade":false,"children":[8]}]}