{
	"credit": "Made with Blockbench",
	"textures": {
		"particle": "iamobs:mob/red_ender_dragon/dragon",
		"1_0": "iamobs:mob/red_ender_dragon/dragon"
	},
	"elements": [
		{
			"from": [17.09047, 3.92749, 5.61195],
			"to": [25.39047, 4.02749, 12.71195],
			"rotation": {"angle": 0, "axis": "z", "origin": [7.85792, 0.96534, 7.9163]},
			"faces": {
				"north": {"uv": [9, 13, 11, 13.562], "rotation": 180, "texture": "#1_0"},
				"east": {"uv": [9, 13, 11, 13.562], "rotation": 180, "texture": "#1_0"},
				"south": {"uv": [9, 13, 11, 13.562], "rotation": 180, "texture": "#1_0"},
				"west": {"uv": [9, 13, 11, 13.562], "rotation": 180, "texture": "#1_0"},
				"up": {"uv": [0, 9.063, 3.375, 12.561], "rotation": 180, "texture": "#1_0"},
				"down": {"uv": [9, 13, 11, 13.562], "rotation": 180, "texture": "#1_0"}
			}
		},
		{
			"from": [17.30477, 3.97315, 5.71195],
			"to": [25.40477, 4.07315, 12.71195],
			"rotation": {"angle": 0, "axis": "z", "origin": [7.85792, 0.96534, 7.9163]},
			"faces": {
				"north": {"uv": [9, 13, 11, 13.562], "rotation": 180, "texture": "#1_0"},
				"east": {"uv": [9, 13, 11, 13.562], "rotation": 180, "texture": "#1_0"},
				"south": {"uv": [9, 13, 11, 13.562], "rotation": 180, "texture": "#1_0"},
				"west": {"uv": [9, 13, 11, 13.562], "rotation": 180, "texture": "#1_0"},
				"up": {"uv": [9, 13, 11, 13.562], "rotation": 180, "texture": "#1_0"},
				"down": {"uv": [0, 9.063, 3.438, 12.498], "rotation": 90, "texture": "#1_0"}
			}
		},
		{
			"from": [17.01897, 3.87315, 5.2],
			"to": [25.41897, 4.57315, 5.7],
			"rotation": {"angle": 0, "axis": "z", "origin": [7.85792, 0.96534, 7.9163]},
			"faces": {
				"north": {"uv": [11.063, 5.938, 13.063, 6.5], "texture": "#1_0"},
				"east": {"uv": [11.063, 5.938, 13.063, 6.5], "texture": "#1_0"},
				"south": {"uv": [11.063, 5.938, 13.063, 6.5], "texture": "#1_0"},
				"west": {"uv": [11.063, 5.938, 13.063, 6.5], "texture": "#1_0"},
				"up": {"uv": [11.063, 5.938, 13.063, 6.5], "texture": "#1_0"},
				"down": {"uv": [11.063, 5.938, 13.063, 6.5], "texture": "#1_0"}
			}
		},
		{
			"from": [9.80352, -0.2833, 4.7],
			"to": [17.80352, 0.7167, 5.7],
			"rotation": {"angle": 22.5, "axis": "z", "origin": [7.85792, 0.96534, 7.9163]},
			"faces": {
				"north": {"uv": [11.063, 5.938, 13.063, 6.5], "texture": "#1_0"},
				"east": {"uv": [11.063, 5.938, 13.063, 6.5], "texture": "#1_0"},
				"south": {"uv": [11.063, 5.938, 13.063, 6.5], "texture": "#1_0"},
				"west": {"uv": [11.063, 5.938, 13.063, 6.5], "texture": "#1_0"},
				"up": {"uv": [11.063, 5.938, 13.063, 6.5], "texture": "#1_0"},
				"down": {"uv": [11.063, 5.938, 13.063, 6.5], "texture": "#1_0"}
			}
		},
		{
			"from": [9.80352, 0.1429, 5.71195],
			"to": [17.80352, 0.2429, 12.71195],
			"rotation": {"angle": 22.5, "axis": "z", "origin": [7.85792, 0.96534, 7.9163]},
			"faces": {
				"north": {"uv": [9, 13, 11, 13.562], "rotation": 180, "texture": "#1_0"},
				"east": {"uv": [9, 13, 11, 13.562], "rotation": 180, "texture": "#1_0"},
				"south": {"uv": [9, 13, 11, 13.562], "rotation": 180, "texture": "#1_0"},
				"west": {"uv": [9, 13, 11, 13.562], "rotation": 180, "texture": "#1_0"},
				"up": {"uv": [0, 9.063, 3.438, 12.561], "rotation": 270, "texture": "#1_0"},
				"down": {"uv": [9, 13, 11, 13.562], "rotation": 180, "texture": "#1_0"}
			}
		},
		{
			"from": [9.78932, 0.1167, 5.71195],
			"to": [17.78932, 0.2167, 12.71195],
			"rotation": {"angle": 22.5, "axis": "z", "origin": [7.85792, 0.96534, 7.9163]},
			"faces": {
				"north": {"uv": [9, 13, 11, 13.562], "rotation": 180, "texture": "#1_0"},
				"east": {"uv": [9, 13, 11, 13.562], "rotation": 180, "texture": "#1_0"},
				"south": {"uv": [9, 13, 11, 13.562], "rotation": 180, "texture": "#1_0"},
				"west": {"uv": [9, 13, 11, 13.562], "rotation": 180, "texture": "#1_0"},
				"up": {"uv": [9, 13, 11, 13.562], "rotation": 180, "texture": "#1_0"},
				"down": {"uv": [0, 9.063, 3.438, 12.436], "texture": "#1_0"}
			}
		},
		{
			"from": [-1.85291, -0.22991, 4.7],
			"to": [6.14709, 0.77009, 5.7],
			"rotation": {"angle": -22.5, "axis": "z", "origin": [7.90792, 0.86534, 7.9163]},
			"faces": {
				"north": {"uv": [11.063, 5.938, 13.063, 6.5], "texture": "#1_0"},
				"east": {"uv": [11.063, 5.938, 13.063, 6.5], "texture": "#1_0"},
				"south": {"uv": [11.063, 5.938, 13.063, 6.5], "texture": "#1_0"},
				"west": {"uv": [11.063, 5.938, 13.063, 6.5], "texture": "#1_0"},
				"up": {"uv": [11.063, 5.938, 13.063, 6.5], "texture": "#1_0"},
				"down": {"uv": [11.063, 5.938, 13.063, 6.5], "texture": "#1_0"}
			}
		},
		{
			"from": [-1.93871, 0.27009, 5.71195],
			"to": [6.16129, 0.37009, 12.71195],
			"rotation": {"angle": -22.5, "axis": "z", "origin": [7.90792, 0.86534, 7.9163]},
			"faces": {
				"north": {"uv": [0.5, 4.375, 2.5, 4.937], "rotation": 180, "texture": "#1_0"},
				"east": {"uv": [9, 13, 11, 13.562], "rotation": 180, "texture": "#1_0"},
				"south": {"uv": [9, 13, 11, 13.562], "rotation": 180, "texture": "#1_0"},
				"west": {"uv": [9, 13, 11, 13.562], "rotation": 180, "texture": "#1_0"},
				"up": {"uv": [0, 9.063, 3.375, 12.498], "rotation": 180, "texture": "#1_0"},
				"down": {"uv": [9, 13, 11, 13.562], "rotation": 180, "texture": "#1_0"}
			}
		},
		{
			"from": [-1.85291, 0.14389, 5.71195],
			"to": [6.14709, 0.24389, 12.71195],
			"rotation": {"angle": -22.5, "axis": "z", "origin": [7.90792, 0.86534, 7.9163]},
			"faces": {
				"north": {"uv": [9, 13, 11, 13.562], "rotation": 180, "texture": "#1_0"},
				"east": {"uv": [9, 13, 11, 13.562], "rotation": 180, "texture": "#1_0"},
				"south": {"uv": [9, 13, 11, 13.562], "rotation": 180, "texture": "#1_0"},
				"west": {"uv": [9, 13, 11, 13.562], "rotation": 180, "texture": "#1_0"},
				"up": {"uv": [9, 13, 11, 13.562], "rotation": 180, "texture": "#1_0"},
				"down": {"uv": [0, 9.063, 3.438, 12.436], "rotation": 90, "texture": "#1_0"}
			}
		},
		{
			"from": [-9.45724, 3.58871, 5.2],
			"to": [-1.05724, 4.28871, 5.7],
			"rotation": {"angle": 0, "axis": "z", "origin": [7.90792, 0.86534, 7.9163]},
			"faces": {
				"north": {"uv": [11.063, 5.938, 13.063, 6.5], "texture": "#1_0"},
				"east": {"uv": [11.063, 5.938, 13.063, 6.5], "texture": "#1_0"},
				"south": {"uv": [11.063, 5.938, 13.063, 6.5], "texture": "#1_0"},
				"west": {"uv": [11.063, 5.938, 13.063, 6.5], "texture": "#1_0"},
				"up": {"uv": [11.063, 5.938, 13.063, 6.5], "texture": "#1_0"},
				"down": {"uv": [11.063, 5.938, 13.063, 6.5], "texture": "#1_0"}
			}
		},
		{
			"from": [-9.44304, 4.08871, 5.71195],
			"to": [-1.34304, 4.18871, 12.71195],
			"rotation": {"angle": 0, "axis": "z", "origin": [7.90792, 0.86534, 7.9163]},
			"faces": {
				"north": {"uv": [8.938, 12.5, 12.375, 15.998], "rotation": 180, "texture": "#1_0"},
				"east": {"uv": [8.938, 12.5, 12.375, 15.998], "rotation": 180, "texture": "#1_0"},
				"south": {"uv": [8.938, 12.5, 12.375, 15.998], "rotation": 180, "texture": "#1_0"},
				"west": {"uv": [8.938, 12.5, 12.375, 15.998], "rotation": 180, "texture": "#1_0"},
				"up": {"uv": [0, 9.063, 3.438, 12.498], "rotation": 270, "texture": "#1_0"},
				"down": {"uv": [8.938, 12.5, 12.375, 15.998], "rotation": 180, "texture": "#1_0"}
			}
		},
		{
			"from": [-9.42874, 3.93437, 5.71195],
			"to": [-1.32874, 4.03437, 12.71195],
			"rotation": {"angle": 0, "axis": "z", "origin": [-5.37002, 3.96159, 9.22597]},
			"faces": {
				"north": {"uv": [9.188, 12.313, 12.625, 15.81], "rotation": 180, "texture": "#1_0"},
				"east": {"uv": [9.188, 12.313, 12.625, 15.81], "rotation": 180, "texture": "#1_0"},
				"south": {"uv": [9.188, 12.313, 12.625, 15.81], "rotation": 180, "texture": "#1_0"},
				"west": {"uv": [9.188, 12.313, 12.625, 15.81], "rotation": 180, "texture": "#1_0"},
				"up": {"uv": [9.188, 12.313, 12.625, 15.81], "texture": "#1_0"},
				"down": {"uv": [0, 9.063, 3.438, 12.498], "texture": "#1_0"}
			}
		},
		{
			"from": [6, -2.5, 4],
			"to": [10, 1.5, 13],
			"rotation": {"angle": 0, "axis": "y", "origin": [14, 8.5, 13]},
			"faces": {
				"north": {"uv": [4, 4, 5.5, 5.439], "texture": "#1_0"},
				"east": {"uv": [0, 4, 4, 5.439], "texture": "#1_0"},
				"south": {"uv": [4, 4, 5.5, 5.439], "texture": "#1_0"},
				"west": {"uv": [0, 4, 4, 5.439], "texture": "#1_0"},
				"up": {"uv": [4, 0, 5.5, 4.001], "texture": "#1_0"},
				"down": {"uv": [5.438, 0, 6.938, 4.001], "texture": "#1_0"}
			}
		},
		{
			"from": [4.5, -2.5, 11],
			"to": [6.5, -0.5, 16],
			"rotation": {"angle": 22.5, "axis": "x", "origin": [5.5, -1.5, 13.5]},
			"faces": {
				"north": {"uv": [2, 0, 2.938, 1.002], "texture": "#1_0"},
				"east": {"uv": [2, 1, 2.938, 2.939], "texture": "#1_0"},
				"south": {"uv": [4, 4, 5.5, 5.439], "texture": "#1_0"},
				"west": {"uv": [2, 1, 2.938, 2.939], "texture": "#1_0"},
				"up": {"uv": [2, 1, 2.938, 2.939], "texture": "#1_0"},
				"down": {"uv": [2, 1, 2.938, 2.939], "texture": "#1_0"}
			}
		},
		{
			"from": [4.75, -3.25, 15.75],
			"to": [6.25, -1.5, 20],
			"rotation": {"angle": 0, "axis": "x", "origin": [5.5, -2.25, 18.25]},
			"faces": {
				"north": {"uv": [2, 0, 2.938, 1.002], "texture": "#1_0"},
				"east": {"uv": [2, 1, 2.938, 2.939], "texture": "#1_0"},
				"south": {"uv": [4, 4, 5.5, 5.439], "texture": "#1_0"},
				"west": {"uv": [2, 1, 2.938, 2.939], "texture": "#1_0"},
				"up": {"uv": [2, 1, 2.938, 2.939], "texture": "#1_0"},
				"down": {"uv": [2, 1, 2.938, 2.939], "texture": "#1_0"}
			}
		},
		{
			"from": [7, -1.35, 2],
			"to": [9, 0.4, 4],
			"rotation": {"angle": 0, "axis": "y", "origin": [14, 8.9, -1]},
			"faces": {
				"north": {"uv": [4, 4, 5.5, 5.439], "texture": "#1_0"},
				"east": {"uv": [0, 4, 4, 5.439], "texture": "#1_0"},
				"south": {"uv": [4, 4, 5.5, 5.439], "texture": "#1_0"},
				"west": {"uv": [0, 4, 4, 5.439], "texture": "#1_0"},
				"up": {"uv": [4, 0, 5.5, 4.001], "texture": "#1_0"},
				"down": {"uv": [5.438, 0, 6.938, 4.001], "texture": "#1_0"}
			}
		},
		{
			"from": [7, -1.35, -1],
			"to": [9, 0.4, 2],
			"rotation": {"angle": 0, "axis": "y", "origin": [14, 8.9, -3]},
			"faces": {
				"north": {"uv": [4, 4, 5.5, 5.439], "texture": "#1_0"},
				"east": {"uv": [0, 4, 4, 5.439], "texture": "#1_0"},
				"south": {"uv": [4, 4, 5.5, 5.439], "texture": "#1_0"},
				"west": {"uv": [0, 4, 4, 5.439], "texture": "#1_0"},
				"up": {"uv": [4, 0, 5.5, 4.001], "texture": "#1_0"},
				"down": {"uv": [5.438, 0, 6.938, 4.001], "texture": "#1_0"}
			}
		},
		{
			"from": [7.8, 0.35, -0.6],
			"to": [8.2, 0.8, 0.3],
			"rotation": {"angle": 0, "axis": "y", "origin": [13.8, 11.1, -4.5]},
			"faces": {
				"north": {"uv": [14.5, 3.313, 14.75, 4.064], "texture": "#1_0"},
				"east": {"uv": [14.5, 3.313, 14.75, 4.064], "texture": "#1_0"},
				"south": {"uv": [14.5, 3.313, 14.75, 4.064], "texture": "#1_0"},
				"west": {"uv": [14.5, 3.313, 14.75, 4.064], "texture": "#1_0"},
				"up": {"uv": [14.5, 3.313, 14.75, 4.064], "texture": "#1_0"},
				"down": {"uv": [14.5, 3.313, 14.75, 4.064], "texture": "#1_0"}
			}
		},
		{
			"from": [7.8, 0.35, 1],
			"to": [8.2, 0.8, 1.9],
			"rotation": {"angle": 0, "axis": "y", "origin": [13.8, 11.1, -2.9]},
			"faces": {
				"north": {"uv": [14.5, 3.313, 14.75, 4.064], "texture": "#1_0"},
				"east": {"uv": [14.5, 3.313, 14.75, 4.064], "texture": "#1_0"},
				"south": {"uv": [14.5, 3.313, 14.75, 4.064], "texture": "#1_0"},
				"west": {"uv": [14.5, 3.313, 14.75, 4.064], "texture": "#1_0"},
				"up": {"uv": [14.5, 3.313, 14.75, 4.064], "texture": "#1_0"},
				"down": {"uv": [14.5, 3.313, 14.75, 4.064], "texture": "#1_0"}
			}
		},
		{
			"from": [7.8, 0.35, 2.5],
			"to": [8.2, 0.8, 3.4],
			"rotation": {"angle": 0, "axis": "y", "origin": [13.8, 11.1, -1.4]},
			"faces": {
				"north": {"uv": [14.5, 3.313, 14.75, 4.064], "texture": "#1_0"},
				"east": {"uv": [14.5, 3.313, 14.75, 4.064], "texture": "#1_0"},
				"south": {"uv": [14.5, 3.313, 14.75, 4.064], "texture": "#1_0"},
				"west": {"uv": [14.5, 3.313, 14.75, 4.064], "texture": "#1_0"},
				"up": {"uv": [14.5, 3.313, 14.75, 4.064], "texture": "#1_0"},
				"down": {"uv": [14.5, 3.313, 14.75, 4.064], "texture": "#1_0"}
			}
		},
		{
			"from": [7.8, 1.45, 4.9],
			"to": [8.2, 1.9, 6.4],
			"rotation": {"angle": 0, "axis": "y", "origin": [13.8, 12.2, 1.6]},
			"faces": {
				"north": {"uv": [14.5, 3.313, 14.75, 4.064], "texture": "#1_0"},
				"east": {"uv": [14.5, 3.313, 14.75, 4.064], "texture": "#1_0"},
				"south": {"uv": [14.5, 3.313, 14.75, 4.064], "texture": "#1_0"},
				"west": {"uv": [14.5, 3.313, 14.75, 4.064], "texture": "#1_0"},
				"up": {"uv": [14.5, 3.313, 14.75, 4.064], "texture": "#1_0"},
				"down": {"uv": [14.5, 3.313, 14.75, 4.064], "texture": "#1_0"}
			}
		},
		{
			"from": [7.8, 1.45, 7.7],
			"to": [8.2, 1.9, 9.2],
			"rotation": {"angle": 0, "axis": "y", "origin": [13.8, 12.2, 4.4]},
			"faces": {
				"north": {"uv": [14.5, 3.313, 14.75, 4.064], "texture": "#1_0"},
				"east": {"uv": [14.5, 3.313, 14.75, 4.064], "texture": "#1_0"},
				"south": {"uv": [14.5, 3.313, 14.75, 4.064], "texture": "#1_0"},
				"west": {"uv": [14.5, 3.313, 14.75, 4.064], "texture": "#1_0"},
				"up": {"uv": [14.5, 3.313, 14.75, 4.064], "texture": "#1_0"},
				"down": {"uv": [14.5, 3.313, 14.75, 4.064], "texture": "#1_0"}
			}
		},
		{
			"from": [7.8, 1.45, 10.6],
			"to": [8.2, 1.9, 12.1],
			"rotation": {"angle": 0, "axis": "y", "origin": [13.8, 12.2, 7.3]},
			"faces": {
				"north": {"uv": [14.5, 3.313, 14.75, 4.064], "texture": "#1_0"},
				"east": {"uv": [14.5, 3.313, 14.75, 4.064], "texture": "#1_0"},
				"south": {"uv": [14.5, 3.313, 14.75, 4.064], "texture": "#1_0"},
				"west": {"uv": [14.5, 3.313, 14.75, 4.064], "texture": "#1_0"},
				"up": {"uv": [14.5, 3.313, 14.75, 4.064], "texture": "#1_0"},
				"down": {"uv": [14.5, 3.313, 14.75, 4.064], "texture": "#1_0"}
			}
		},
		{
			"from": [9.75, -3.25, 15.75],
			"to": [11.25, -1.5, 20],
			"rotation": {"angle": 0, "axis": "x", "origin": [10.5, -2.25, 18.25]},
			"faces": {
				"north": {"uv": [2, 0, 2.938, 1.002], "texture": "#1_0"},
				"east": {"uv": [2, 1, 2.938, 2.939], "texture": "#1_0"},
				"south": {"uv": [4, 4, 5.5, 5.439], "texture": "#1_0"},
				"west": {"uv": [2, 1, 2.938, 2.939], "texture": "#1_0"},
				"up": {"uv": [2, 1, 2.938, 2.939], "texture": "#1_0"},
				"down": {"uv": [2, 1, 2.938, 2.939], "texture": "#1_0"}
			}
		},
		{
			"from": [4.5, -4.45, 19.5],
			"to": [6.5, -3.7, 22.75],
			"rotation": {"angle": 45, "axis": "x", "origin": [5.5, -3.45, 22]},
			"faces": {
				"north": {"uv": [2, 0, 2.938, 1.002], "texture": "#1_0"},
				"east": {"uv": [2, 1, 2.938, 2.939], "texture": "#1_0"},
				"south": {"uv": [4, 4, 5.5, 5.439], "texture": "#1_0"},
				"west": {"uv": [2, 1, 2.938, 2.939], "texture": "#1_0"},
				"up": {"uv": [2, 1, 2.938, 2.939], "texture": "#1_0"},
				"down": {"uv": [2, 1, 2.938, 2.939], "texture": "#1_0"}
			}
		},
		{
			"from": [9.5, -4.45, 19.5],
			"to": [11.5, -3.7, 22.75],
			"rotation": {"angle": 45, "axis": "x", "origin": [10.5, -3.45, 22]},
			"faces": {
				"north": {"uv": [2, 0, 2.938, 1.002], "texture": "#1_0"},
				"east": {"uv": [2, 1, 2.938, 2.939], "texture": "#1_0"},
				"south": {"uv": [4, 4, 5.5, 5.439], "texture": "#1_0"},
				"west": {"uv": [2, 1, 2.938, 2.939], "texture": "#1_0"},
				"up": {"uv": [2, 1, 2.938, 2.939], "texture": "#1_0"},
				"down": {"uv": [2, 1, 2.938, 2.939], "texture": "#1_0"}
			}
		},
		{
			"from": [9.5, -2.5, 11],
			"to": [11.5, -0.5, 16],
			"rotation": {"angle": 22.5, "axis": "x", "origin": [10.5, -1.5, 13.5]},
			"faces": {
				"north": {"uv": [2, 0, 2.938, 1.002], "texture": "#1_0"},
				"east": {"uv": [2, 1, 2.938, 2.939], "texture": "#1_0"},
				"south": {"uv": [4, 4, 5.5, 5.439], "texture": "#1_0"},
				"west": {"uv": [2, 1, 2.938, 2.939], "texture": "#1_0"},
				"up": {"uv": [2, 1, 2.938, 2.939], "texture": "#1_0"},
				"down": {"uv": [2, 1, 2.938, 2.939], "texture": "#1_0"}
			}
		},
		{
			"from": [6.5, -1.85, -3.75],
			"to": [9.5, 0.9, -1],
			"rotation": {"angle": 0, "axis": "y", "origin": [14, 8.9, -6]},
			"faces": {
				"north": {"uv": [8, 2.875, 9, 3.876], "texture": "#1_0"},
				"east": {"uv": [7, 2.876, 8, 3.877], "texture": "#1_0"},
				"south": {"uv": [4, 4, 5.5, 5.439], "texture": "#1_0"},
				"west": {"uv": [7, 2.876, 8, 3.877], "texture": "#1_0"},
				"up": {"uv": [8, 1.875, 9, 2.876], "texture": "#1_0"},
				"down": {"uv": [9, 1.875, 10, 2.876], "texture": "#1_0"}
			}
		},
		{
			"from": [7, 0.85, -3.1],
			"to": [7.5, 1.6, -2],
			"rotation": {"angle": 0, "axis": "y", "origin": [13, 11.6, -6.8]},
			"faces": {
				"north": {"uv": [14.5, 3.313, 14.75, 4.064], "texture": "#1_0"},
				"east": {"uv": [14.5, 3.313, 14.75, 4.064], "texture": "#1_0"},
				"south": {"uv": [14.5, 3.313, 14.75, 4.064], "texture": "#1_0"},
				"west": {"uv": [14.5, 3.313, 14.75, 4.064], "texture": "#1_0"},
				"up": {"uv": [14.5, 3.313, 14.75, 4.064], "texture": "#1_0"},
				"down": {"uv": [14.5, 3.313, 14.75, 4.064], "texture": "#1_0"}
			}
		},
		{
			"from": [8.5, 0.85, -3.1],
			"to": [9, 1.6, -2],
			"rotation": {"angle": 0, "axis": "y", "origin": [14.5, 11.6, -6.8]},
			"faces": {
				"north": {"uv": [14.5, 3.313, 14.75, 4.064], "texture": "#1_0"},
				"east": {"uv": [14.5, 3.313, 14.75, 4.064], "texture": "#1_0"},
				"south": {"uv": [14.5, 3.313, 14.75, 4.064], "texture": "#1_0"},
				"west": {"uv": [14.5, 3.313, 14.75, 4.064], "texture": "#1_0"},
				"up": {"uv": [14.5, 3.313, 14.75, 4.064], "texture": "#1_0"},
				"down": {"uv": [14.5, 3.313, 14.75, 4.064], "texture": "#1_0"}
			}
		},
		{
			"from": [7, -1.1, -6.45],
			"to": [9, -0.35, -3.7],
			"rotation": {"angle": 0, "axis": "y", "origin": [14, 8.65, -8.7]},
			"faces": {
				"north": {"uv": [12, 2.75, 12.376, 3.751], "texture": "#1_0"},
				"east": {"uv": [12, 2.75, 12.376, 3.751], "texture": "#1_0"},
				"south": {"uv": [4, 4, 5.5, 5.439], "texture": "#1_0"},
				"west": {"uv": [12, 2.75, 12.376, 3.751], "texture": "#1_0"},
				"up": {"uv": [12, 2.75, 12.813, 3.751], "texture": "#1_0"},
				"down": {"uv": [12.75, 2.75, 13.501, 3.751], "texture": "#1_0"}
			}
		},
		{
			"from": [7, -2.5, -6.15],
			"to": [9, -1.75, -3.4],
			"rotation": {"angle": -22.5, "axis": "x", "origin": [8, -2.125, -4.775]},
			"faces": {
				"north": {"uv": [12, 2.75, 12.376, 3.751], "rotation": 180, "texture": "#1_0"},
				"east": {"uv": [12, 2.75, 12.376, 3.751], "rotation": 180, "texture": "#1_0"},
				"south": {"uv": [4, 4, 5.5, 5.439], "rotation": 180, "texture": "#1_0"},
				"west": {"uv": [12, 2.75, 12.376, 3.751], "rotation": 180, "texture": "#1_0"},
				"up": {"uv": [12.75, 2.75, 13.501, 3.751], "rotation": 180, "texture": "#1_0"},
				"down": {"uv": [12, 2.75, 12.813, 3.751], "rotation": 180, "texture": "#1_0"}
			}
		},
		{
			"from": [7, -1.35, 16],
			"to": [9, 0.4, 18],
			"rotation": {"angle": 0, "axis": "y", "origin": [14, 8.9, 13]},
			"faces": {
				"north": {"uv": [4, 4, 5.5, 5.439], "texture": "#1_0"},
				"east": {"uv": [0, 4, 4, 5.439], "texture": "#1_0"},
				"south": {"uv": [4, 4, 5.5, 5.439], "texture": "#1_0"},
				"west": {"uv": [0, 4, 4, 5.439], "texture": "#1_0"},
				"up": {"uv": [4, 0, 5.5, 4.001], "texture": "#1_0"},
				"down": {"uv": [5.438, 0, 6.938, 4.001], "texture": "#1_0"}
			}
		},
		{
			"from": [7, -1.35, 22.9],
			"to": [9, 0.4, 24.9],
			"rotation": {"angle": 0, "axis": "y", "origin": [14, 8.9, 19.9]},
			"faces": {
				"north": {"uv": [4, 4, 5.5, 5.439], "texture": "#1_0"},
				"east": {"uv": [0, 4, 4, 5.439], "texture": "#1_0"},
				"south": {"uv": [4, 4, 5.5, 5.439], "texture": "#1_0"},
				"west": {"uv": [0, 4, 4, 5.439], "texture": "#1_0"},
				"up": {"uv": [4, 0, 5.5, 4.001], "texture": "#1_0"},
				"down": {"uv": [5.438, 0, 6.938, 4.001], "texture": "#1_0"}
			}
		},
		{
			"from": [7, -1.35, 17.9],
			"to": [9, 0.4, 19.9],
			"rotation": {"angle": 0, "axis": "y", "origin": [14, 8.9, 14.9]},
			"faces": {
				"north": {"uv": [4, 4, 5.5, 5.439], "texture": "#1_0"},
				"east": {"uv": [0, 4, 4, 5.439], "texture": "#1_0"},
				"south": {"uv": [4, 4, 5.5, 5.439], "texture": "#1_0"},
				"west": {"uv": [0, 4, 4, 5.439], "texture": "#1_0"},
				"up": {"uv": [4, 0, 5.5, 4.001], "texture": "#1_0"},
				"down": {"uv": [5.438, 0, 6.938, 4.001], "texture": "#1_0"}
			}
		},
		{
			"from": [7, -1.35, 24.8],
			"to": [9, 0.4, 26.8],
			"rotation": {"angle": 0, "axis": "y", "origin": [14, 8.9, 21.8]},
			"faces": {
				"north": {"uv": [4, 4, 5.5, 5.439], "texture": "#1_0"},
				"east": {"uv": [0, 4, 4, 5.439], "texture": "#1_0"},
				"south": {"uv": [4, 4, 5.5, 5.439], "texture": "#1_0"},
				"west": {"uv": [0, 4, 4, 5.439], "texture": "#1_0"},
				"up": {"uv": [4, 0, 5.5, 4.001], "texture": "#1_0"},
				"down": {"uv": [5.438, 0, 6.938, 4.001], "texture": "#1_0"}
			}
		},
		{
			"from": [7, -1.35, 26.8],
			"to": [9, 0.4, 28.8],
			"rotation": {"angle": 0, "axis": "y", "origin": [14, 8.9, 23.8]},
			"faces": {
				"north": {"uv": [4, 4, 5.5, 5.439], "texture": "#1_0"},
				"east": {"uv": [0, 4, 4, 5.439], "texture": "#1_0"},
				"south": {"uv": [4, 4, 5.5, 5.439], "texture": "#1_0"},
				"west": {"uv": [0, 4, 4, 5.439], "texture": "#1_0"},
				"up": {"uv": [4, 0, 5.5, 4.001], "texture": "#1_0"},
				"down": {"uv": [5.438, 0, 6.938, 4.001], "texture": "#1_0"}
			}
		},
		{
			"from": [7, -1.35, 28.8],
			"to": [9, 0.4, 30.8],
			"rotation": {"angle": 0, "axis": "y", "origin": [14, 8.9, 25.8]},
			"faces": {
				"north": {"uv": [4, 4, 5.5, 5.439], "texture": "#1_0"},
				"east": {"uv": [0, 4, 4, 5.439], "texture": "#1_0"},
				"south": {"uv": [4, 4, 5.5, 5.439], "texture": "#1_0"},
				"west": {"uv": [0, 4, 4, 5.439], "texture": "#1_0"},
				"up": {"uv": [4, 0, 5.5, 4.001], "texture": "#1_0"},
				"down": {"uv": [5.438, 0, 6.938, 4.001], "texture": "#1_0"}
			}
		},
		{
			"from": [7, -1.35, 13],
			"to": [9, 0.4, 16],
			"rotation": {"angle": 0, "axis": "y", "origin": [14, 8.9, 11]},
			"faces": {
				"north": {"uv": [4, 4, 5.5, 5.439], "texture": "#1_0"},
				"east": {"uv": [0, 4, 4, 5.439], "texture": "#1_0"},
				"south": {"uv": [4, 4, 5.5, 5.439], "texture": "#1_0"},
				"west": {"uv": [0, 4, 4, 5.439], "texture": "#1_0"},
				"up": {"uv": [4, 0, 5.5, 4.001], "texture": "#1_0"},
				"down": {"uv": [5.438, 0, 6.938, 4.001], "texture": "#1_0"}
			}
		},
		{
			"from": [7, -1.35, 19.9],
			"to": [9, 0.4, 22.9],
			"rotation": {"angle": 0, "axis": "y", "origin": [14, 8.9, 17.9]},
			"faces": {
				"north": {"uv": [4, 4, 5.5, 5.439], "texture": "#1_0"},
				"east": {"uv": [0, 4, 4, 5.439], "texture": "#1_0"},
				"south": {"uv": [4, 4, 5.5, 5.439], "texture": "#1_0"},
				"west": {"uv": [0, 4, 4, 5.439], "texture": "#1_0"},
				"up": {"uv": [4, 0, 5.5, 4.001], "texture": "#1_0"},
				"down": {"uv": [5.438, 0, 6.938, 4.001], "texture": "#1_0"}
			}
		},
		{
			"from": [7.8, 0.35, 13.4],
			"to": [8.2, 0.8, 14.3],
			"rotation": {"angle": 0, "axis": "y", "origin": [13.8, 11.1, 9.5]},
			"faces": {
				"north": {"uv": [14.5, 3.313, 14.75, 4.064], "texture": "#1_0"},
				"east": {"uv": [14.5, 3.313, 14.75, 4.064], "texture": "#1_0"},
				"south": {"uv": [14.5, 3.313, 14.75, 4.064], "texture": "#1_0"},
				"west": {"uv": [14.5, 3.313, 14.75, 4.064], "texture": "#1_0"},
				"up": {"uv": [14.5, 3.313, 14.75, 4.064], "texture": "#1_0"},
				"down": {"uv": [14.5, 3.313, 14.75, 4.064], "texture": "#1_0"}
			}
		},
		{
			"from": [7.8, 0.35, 20.3],
			"to": [8.2, 0.8, 21.2],
			"rotation": {"angle": 0, "axis": "y", "origin": [13.8, 11.1, 16.4]},
			"faces": {
				"north": {"uv": [14.5, 3.313, 14.75, 4.064], "texture": "#1_0"},
				"east": {"uv": [14.5, 3.313, 14.75, 4.064], "texture": "#1_0"},
				"south": {"uv": [14.5, 3.313, 14.75, 4.064], "texture": "#1_0"},
				"west": {"uv": [14.5, 3.313, 14.75, 4.064], "texture": "#1_0"},
				"up": {"uv": [14.5, 3.313, 14.75, 4.064], "texture": "#1_0"},
				"down": {"uv": [14.5, 3.313, 14.75, 4.064], "texture": "#1_0"}
			}
		},
		{
			"from": [7.8, 0.35, 15],
			"to": [8.2, 0.8, 15.9],
			"rotation": {"angle": 0, "axis": "y", "origin": [13.8, 11.1, 11.1]},
			"faces": {
				"north": {"uv": [14.5, 3.313, 14.75, 4.064], "texture": "#1_0"},
				"east": {"uv": [14.5, 3.313, 14.75, 4.064], "texture": "#1_0"},
				"south": {"uv": [14.5, 3.313, 14.75, 4.064], "texture": "#1_0"},
				"west": {"uv": [14.5, 3.313, 14.75, 4.064], "texture": "#1_0"},
				"up": {"uv": [14.5, 3.313, 14.75, 4.064], "texture": "#1_0"},
				"down": {"uv": [14.5, 3.313, 14.75, 4.064], "texture": "#1_0"}
			}
		},
		{
			"from": [7.8, 0.35, 21.9],
			"to": [8.2, 0.8, 22.8],
			"rotation": {"angle": 0, "axis": "y", "origin": [13.8, 11.1, 18]},
			"faces": {
				"north": {"uv": [14.5, 3.313, 14.75, 4.064], "texture": "#1_0"},
				"east": {"uv": [14.5, 3.313, 14.75, 4.064], "texture": "#1_0"},
				"south": {"uv": [14.5, 3.313, 14.75, 4.064], "texture": "#1_0"},
				"west": {"uv": [14.5, 3.313, 14.75, 4.064], "texture": "#1_0"},
				"up": {"uv": [14.5, 3.313, 14.75, 4.064], "texture": "#1_0"},
				"down": {"uv": [14.5, 3.313, 14.75, 4.064], "texture": "#1_0"}
			}
		},
		{
			"from": [7.8, 0.35, 16.5],
			"to": [8.2, 0.8, 17.4],
			"rotation": {"angle": 0, "axis": "y", "origin": [13.8, 11.1, 12.6]},
			"faces": {
				"north": {"uv": [14.5, 3.313, 14.75, 4.064], "texture": "#1_0"},
				"east": {"uv": [14.5, 3.313, 14.75, 4.064], "texture": "#1_0"},
				"south": {"uv": [14.5, 3.313, 14.75, 4.064], "texture": "#1_0"},
				"west": {"uv": [14.5, 3.313, 14.75, 4.064], "texture": "#1_0"},
				"up": {"uv": [14.5, 3.313, 14.75, 4.064], "texture": "#1_0"},
				"down": {"uv": [14.5, 3.313, 14.75, 4.064], "texture": "#1_0"}
			}
		},
		{
			"from": [7.8, 0.35, 23.4],
			"to": [8.2, 0.8, 24.3],
			"rotation": {"angle": 0, "axis": "y", "origin": [13.8, 11.1, 19.5]},
			"faces": {
				"north": {"uv": [14.5, 3.313, 14.75, 4.064], "texture": "#1_0"},
				"east": {"uv": [14.5, 3.313, 14.75, 4.064], "texture": "#1_0"},
				"south": {"uv": [14.5, 3.313, 14.75, 4.064], "texture": "#1_0"},
				"west": {"uv": [14.5, 3.313, 14.75, 4.064], "texture": "#1_0"},
				"up": {"uv": [14.5, 3.313, 14.75, 4.064], "texture": "#1_0"},
				"down": {"uv": [14.5, 3.313, 14.75, 4.064], "texture": "#1_0"}
			}
		},
		{
			"from": [7.8, 0.35, 18.4],
			"to": [8.2, 0.8, 19.3],
			"rotation": {"angle": 0, "axis": "y", "origin": [13.8, 11.1, 14.5]},
			"faces": {
				"north": {"uv": [14.5, 3.313, 14.75, 4.064], "texture": "#1_0"},
				"east": {"uv": [14.5, 3.313, 14.75, 4.064], "texture": "#1_0"},
				"south": {"uv": [14.5, 3.313, 14.75, 4.064], "texture": "#1_0"},
				"west": {"uv": [14.5, 3.313, 14.75, 4.064], "texture": "#1_0"},
				"up": {"uv": [14.5, 3.313, 14.75, 4.064], "texture": "#1_0"},
				"down": {"uv": [14.5, 3.313, 14.75, 4.064], "texture": "#1_0"}
			}
		},
		{
			"from": [7.8, 0.35, 25.3],
			"to": [8.2, 0.8, 26.2],
			"rotation": {"angle": 0, "axis": "y", "origin": [13.8, 11.1, 21.4]},
			"faces": {
				"north": {"uv": [14.5, 3.313, 14.75, 4.064], "texture": "#1_0"},
				"east": {"uv": [14.5, 3.313, 14.75, 4.064], "texture": "#1_0"},
				"south": {"uv": [14.5, 3.313, 14.75, 4.064], "texture": "#1_0"},
				"west": {"uv": [14.5, 3.313, 14.75, 4.064], "texture": "#1_0"},
				"up": {"uv": [14.5, 3.313, 14.75, 4.064], "texture": "#1_0"},
				"down": {"uv": [14.5, 3.313, 14.75, 4.064], "texture": "#1_0"}
			}
		},
		{
			"from": [7.8, 0.35, 27.3],
			"to": [8.2, 0.8, 28.2],
			"rotation": {"angle": 0, "axis": "y", "origin": [13.8, 11.1, 23.4]},
			"faces": {
				"north": {"uv": [14.5, 3.313, 14.75, 4.064], "texture": "#1_0"},
				"east": {"uv": [14.5, 3.313, 14.75, 4.064], "texture": "#1_0"},
				"south": {"uv": [14.5, 3.313, 14.75, 4.064], "texture": "#1_0"},
				"west": {"uv": [14.5, 3.313, 14.75, 4.064], "texture": "#1_0"},
				"up": {"uv": [14.5, 3.313, 14.75, 4.064], "texture": "#1_0"},
				"down": {"uv": [14.5, 3.313, 14.75, 4.064], "texture": "#1_0"}
			}
		},
		{
			"from": [7.8, 0.35, 29.3],
			"to": [8.2, 0.8, 30.2],
			"rotation": {"angle": 0, "axis": "y", "origin": [13.8, 11.1, 25.4]},
			"faces": {
				"north": {"uv": [14.5, 3.313, 14.75, 4.064], "texture": "#1_0"},
				"east": {"uv": [14.5, 3.313, 14.75, 4.064], "texture": "#1_0"},
				"south": {"uv": [14.5, 3.313, 14.75, 4.064], "texture": "#1_0"},
				"west": {"uv": [14.5, 3.313, 14.75, 4.064], "texture": "#1_0"},
				"up": {"uv": [14.5, 3.313, 14.75, 4.064], "texture": "#1_0"},
				"down": {"uv": [14.5, 3.313, 14.75, 4.064], "texture": "#1_0"}
			}
		},
		{
			"from": [9.5, -3.1, 4.6],
			"to": [10.5, -1.9, 7.7],
			"rotation": {"angle": 22.5, "axis": "x", "origin": [9.5, -2.1, 7.1]},
			"faces": {
				"north": {"uv": [2, 0, 2.938, 1.002], "texture": "#1_0"},
				"east": {"uv": [2, 1, 2.938, 2.939], "texture": "#1_0"},
				"south": {"uv": [4, 4, 5.5, 5.439], "texture": "#1_0"},
				"west": {"uv": [2, 1, 2.938, 2.939], "texture": "#1_0"},
				"up": {"uv": [2, 1, 2.938, 2.939], "texture": "#1_0"},
				"down": {"uv": [2, 1, 2.938, 2.939], "texture": "#1_0"}
			}
		},
		{
			"from": [9.7, -4.63254, 8.05402],
			"to": [10.4, -2.13254, 8.95402],
			"rotation": {"angle": -45, "axis": "x", "origin": [9.5, -3.88254, 8.45402]},
			"faces": {
				"north": {"uv": [2, 1, 2.938, 2.939], "rotation": 180, "texture": "#1_0"},
				"east": {"uv": [2, 1, 2.938, 2.939], "rotation": 270, "texture": "#1_0"},
				"south": {"uv": [2, 1, 2.938, 2.939], "texture": "#1_0"},
				"west": {"uv": [2, 1, 2.938, 2.939], "rotation": 90, "texture": "#1_0"},
				"up": {"uv": [2, 0, 2.938, 1.002], "rotation": 180, "texture": "#1_0"},
				"down": {"uv": [4, 4, 5.5, 5.439], "texture": "#1_0"}
			}
		},
		{
			"from": [9.45, -5.93254, 9.05402],
			"to": [10.65, -3.73254, 9.55402],
			"rotation": {"angle": 0, "axis": "x", "origin": [9.5, -5.48254, 9.45402]},
			"faces": {
				"north": {"uv": [2, 1, 2.938, 2.939], "rotation": 180, "texture": "#1_0"},
				"east": {"uv": [2, 1, 2.938, 2.939], "rotation": 270, "texture": "#1_0"},
				"south": {"uv": [2, 1, 2.938, 2.939], "texture": "#1_0"},
				"west": {"uv": [2, 1, 2.938, 2.939], "rotation": 90, "texture": "#1_0"},
				"up": {"uv": [2, 0, 2.938, 1.002], "rotation": 180, "texture": "#1_0"},
				"down": {"uv": [4, 4, 5.5, 5.439], "texture": "#1_0"}
			}
		},
		{
			"from": [9.5, -3.1, 4.6],
			"to": [10.5, -1.9, 7.7],
			"rotation": {"angle": 22.5, "axis": "x", "origin": [9.5, -2.1, 7.1]},
			"faces": {
				"north": {"uv": [2, 0, 2.938, 1.002], "texture": "#1_0"},
				"east": {"uv": [2, 1, 2.938, 2.939], "texture": "#1_0"},
				"south": {"uv": [4, 4, 5.5, 5.439], "texture": "#1_0"},
				"west": {"uv": [2, 1, 2.938, 2.939], "texture": "#1_0"},
				"up": {"uv": [2, 1, 2.938, 2.939], "texture": "#1_0"},
				"down": {"uv": [2, 1, 2.938, 2.939], "texture": "#1_0"}
			}
		},
		{
			"from": [9.7, -4.63254, 8.05402],
			"to": [10.4, -2.13254, 8.95402],
			"rotation": {"angle": -45, "axis": "x", "origin": [9.5, -3.88254, 8.45402]},
			"faces": {
				"north": {"uv": [2, 1, 2.938, 2.939], "rotation": 180, "texture": "#1_0"},
				"east": {"uv": [2, 1, 2.938, 2.939], "rotation": 270, "texture": "#1_0"},
				"south": {"uv": [2, 1, 2.938, 2.939], "texture": "#1_0"},
				"west": {"uv": [2, 1, 2.938, 2.939], "rotation": 90, "texture": "#1_0"},
				"up": {"uv": [2, 0, 2.938, 1.002], "rotation": 180, "texture": "#1_0"},
				"down": {"uv": [4, 4, 5.5, 5.439], "texture": "#1_0"}
			}
		},
		{
			"from": [9.45, -5.93254, 9.05402],
			"to": [10.65, -3.73254, 9.55402],
			"rotation": {"angle": 0, "axis": "x", "origin": [9.5, -5.48254, 9.45402]},
			"faces": {
				"north": {"uv": [2, 1, 2.938, 2.939], "rotation": 180, "texture": "#1_0"},
				"east": {"uv": [2, 1, 2.938, 2.939], "rotation": 270, "texture": "#1_0"},
				"south": {"uv": [2, 1, 2.938, 2.939], "texture": "#1_0"},
				"west": {"uv": [2, 1, 2.938, 2.939], "rotation": 90, "texture": "#1_0"},
				"up": {"uv": [2, 0, 2.938, 1.002], "rotation": 180, "texture": "#1_0"},
				"down": {"uv": [4, 4, 5.5, 5.439], "texture": "#1_0"}
			}
		},
		{
			"from": [5.5, -3.1, 4.6],
			"to": [6.5, -1.9, 7.7],
			"rotation": {"angle": 22.5, "axis": "x", "origin": [5.5, -2.1, 7.1]},
			"faces": {
				"north": {"uv": [2, 0, 2.938, 1.002], "texture": "#1_0"},
				"east": {"uv": [2, 1, 2.938, 2.939], "texture": "#1_0"},
				"south": {"uv": [4, 4, 5.5, 5.439], "texture": "#1_0"},
				"west": {"uv": [2, 1, 2.938, 2.939], "texture": "#1_0"},
				"up": {"uv": [2, 1, 2.938, 2.939], "texture": "#1_0"},
				"down": {"uv": [2, 1, 2.938, 2.939], "texture": "#1_0"}
			}
		},
		{
			"from": [5.7, -4.63254, 8.05402],
			"to": [6.4, -2.13254, 8.95402],
			"rotation": {"angle": -45, "axis": "x", "origin": [5.5, -3.88254, 8.45402]},
			"faces": {
				"north": {"uv": [2, 1, 2.938, 2.939], "rotation": 180, "texture": "#1_0"},
				"east": {"uv": [2, 1, 2.938, 2.939], "rotation": 270, "texture": "#1_0"},
				"south": {"uv": [2, 1, 2.938, 2.939], "texture": "#1_0"},
				"west": {"uv": [2, 1, 2.938, 2.939], "rotation": 90, "texture": "#1_0"},
				"up": {"uv": [2, 0, 2.938, 1.002], "rotation": 180, "texture": "#1_0"},
				"down": {"uv": [4, 4, 5.5, 5.439], "texture": "#1_0"}
			}
		},
		{
			"from": [5.45, -5.93254, 9.05402],
			"to": [6.65, -3.73254, 9.55402],
			"rotation": {"angle": 0, "axis": "x", "origin": [5.5, -5.48254, 9.45402]},
			"faces": {
				"north": {"uv": [2, 1, 2.938, 2.939], "rotation": 180, "texture": "#1_0"},
				"east": {"uv": [2, 1, 2.938, 2.939], "rotation": 270, "texture": "#1_0"},
				"south": {"uv": [2, 1, 2.938, 2.939], "texture": "#1_0"},
				"west": {"uv": [2, 1, 2.938, 2.939], "rotation": 90, "texture": "#1_0"},
				"up": {"uv": [2, 0, 2.938, 1.002], "rotation": 180, "texture": "#1_0"},
				"down": {"uv": [4, 4, 5.5, 5.439], "texture": "#1_0"}
			}
		}
	],
	"display": {
		"thirdperson_righthand": {
			"rotation": [129, 0, 0],
			"translation": [-5.5, -21, 17.5],
			"scale": [2.5, 2.5, 2.5]
		},
		"thirdperson_lefthand": {
			"rotation": [89, 0, 0],
			"translation": [-5.5, -12, 25.25],
			"scale": [2.5, 2.5, 2.5]
		},
		"firstperson_righthand": {
			"scale": [0, 0, 0]
		},
		"firstperson_lefthand": {
			"scale": [0, 0, 0]
		},
		"ground": {
			"translation": [0, 2.5, 0],
			"scale": [0.7, 0.7, 0.7]
		},
		"gui": {
			"rotation": [90, 39, 0],
			"translation": [-0.25, 0.5, 0],
			"scale": [0.58, 0.58, 0.58]
		},
		"head": {
			"rotation": [30, 0, 0],
			"translation": [-0.5, 4.75, 27.25],
			"scale": [4, 4, 4]
		},
		"fixed": {
			"rotation": [-89, 180, 0],
			"translation": [0, 0.75, -22.5],
			"scale": [3, 3, 3]
		}
	},
	"groups": [
		{
			"name": "ender_dragon_wings",
			"origin": [8, 8, 8],
			"children": [
				{
					"name": "wings",
					"origin": [-11.02865, 0.42283, 4.53193],
					"children": [
						{
							"name": "right",
							"origin": [-11.02865, 0.42283, 4.53193],
							"children": [
								{
									"name": "group",
									"origin": [12.00948, 0.46158, 3.2163],
									"children": [0, 1, 2]
								},
								{
									"name": "group",
									"origin": [12.00948, 0.46158, 3.2163],
									"children": [3, 4, 5]
								}
							]
						},
						{
							"name": "left",
							"origin": [-11.02865, 0.42283, 4.53193],
							"children": [
								{
									"name": "group",
									"origin": [-2.9929, 0.4369, 4.50598],
									"children": [6, 7, 8]
								},
								{
									"name": "group",
									"origin": [-11.02865, 0.42283, 4.53193],
									"children": [9, 10, 11]
								}
							]
						}
					]
				}
			]
		}, 12, 13, 14,
		{
			"name": "neck",
			"origin": [14, 8.9, -1],
			"children": [15, 16, 17, 18, 19, 20, 21, 22]
		}, 23, 24, 25, 26, 27, 28, 29, 30, 31,
		{
			"name": "tail",
			"origin": [14, 8.9, -1],
			"children": [32, 33, 34, 35, 36, 37, 38, 39, 40, 41, 42, 43, 44, 45, 46, 47, 48, 49]
		},
		{
			"name": "right_arm",
			"origin": [10.5, -5.48254, 9.45402],
			"children": [50, 51, 52]
		},
		{
			"name": "left_arm",
			"origin": [10.5, -5.48254, 9.45402],
			"children": [53, 54, 55]
		},
		{
			"name": "left_arm",
			"origin": [10.5, -5.48254, 9.45402],
			"children": [56, 57, 58]
		}
	]
}