{"credit":"Made with Blockbench","texture_size":[64,32],"textures":{"0":"iamobs:mob/glow_squid/glow_squid","particle":"iamobs:mob/glow_squid/glow_squid"},"elements":[{"name":"body","from":[2,16,2],"to":[14,32,14],"shade":false,"rotation":{"angle":0,"axis":"y","origin":[16,32,16]},"faces":{"north":{"uv":[9,6,12,14],"texture":"#0","tintindex":0},"east":{"uv":[6,6,9,14],"texture":"#0","tintindex":0},"south":{"uv":[3,6,6,14],"texture":"#0","tintindex":0},"west":{"uv":[0,6,3,14],"texture":"#0","tintindex":0},"up":{"uv":[3,0,6,6],"texture":"#0","tintindex":0},"down":{"uv":[6,0,9,6],"texture":"#0","tintindex":0}}},{"name":"tentacle1","from":[12,-1,7],"to":[14,17,9],"shade":false,"rotation":{"angle":0,"axis":"y","origin":[13,16,8]},"faces":{"north":{"uv":[12,1,13,10],"texture":"#0","tintindex":0},"east":{"uv":[12,1,13,10],"texture":"#0","tintindex":0},"south":{"uv":[12,1,13,10],"texture":"#0","tintindex":0},"west":{"uv":[12,1,13,10],"texture":"#0","tintindex":0},"up":{"uv":[13,0,13.5,1],"texture":"#0","tintindex":0},"down":{"uv":[13,0,13.5,1],"texture":"#0","tintindex":0}}},{"name":"tentacle2","from":[10.5,-1,10.5],"to":[12.5,17,12.5],"shade":false,"rotation":{"angle":0,"axis":"y","origin":[11.5,16,11.5]},"faces":{"north":{"uv":[12,1,13,10],"texture":"#0","tintindex":0},"east":{"uv":[12,1,13,10],"texture":"#0","tintindex":0},"south":{"uv":[12,1,13,10],"texture":"#0","tintindex":0},"west":{"uv":[12,1,13,10],"texture":"#0","tintindex":0},"up":{"uv":[13,0,13.5,1],"texture":"#0","tintindex":0},"down":{"uv":[13,0,13.5,1],"texture":"#0","tintindex":0}}},{"name":"tentacle3","from":[7,-1,12],"to":[9,17,14],"shade":false,"rotation":{"angle":0,"axis":"y","origin":[8,16,13]},"faces":{"north":{"uv":[12,1,13,10],"texture":"#0","tintindex":0},"east":{"uv":[12,1,13,10],"texture":"#0","tintindex":0},"south":{"uv":[12,1,13,10],"texture":"#0","tintindex":0},"west":{"uv":[12,1,13,10],"texture":"#0","tintindex":0},"up":{"uv":[13,0,13.5,1],"texture":"#0","tintindex":0},"down":{"uv":[13,0,13.5,1],"texture":"#0","tintindex":0}}},{"name":"tentacle4","from":[3.5,-1,10.5],"to":[5.5,17,12.5],"shade":false,"rotation":{"angle":0,"axis":"y","origin":[4.5,16,11.5]},"faces":{"north":{"uv":[12,1,13,10],"texture":"#0","tintindex":0},"east":{"uv":[12,1,13,10],"texture":"#0","tintindex":0},"south":{"uv":[12,1,13,10],"texture":"#0","tintindex":0},"west":{"uv":[12,1,13,10],"texture":"#0","tintindex":0},"up":{"uv":[13,0,13.5,1],"texture":"#0","tintindex":0},"down":{"uv":[13,0,13.5,1],"texture":"#0","tintindex":0}}},{"name":"tentacle5","from":[2,-1,7],"to":[4,17,9],"shade":false,"rotation":{"angle":0,"axis":"y","origin":[3,16,8]},"faces":{"north":{"uv":[12,1,13,10],"texture":"#0","tintindex":0},"east":{"uv":[12,1,13,10],"texture":"#0","tintindex":0},"south":{"uv":[12,1,13,10],"texture":"#0","tintindex":0},"west":{"uv":[12,1,13,10],"texture":"#0","tintindex":0},"up":{"uv":[13,0,13.5,1],"texture":"#0","tintindex":0},"down":{"uv":[13,0,13.5,1],"texture":"#0","tintindex":0}}},{"name":"tentacle6","from":[3.5,-1,3.5],"to":[5.5,17,5.5],"shade":false,"rotation":{"angle":0,"axis":"y","origin":[4.5,16,4.5]},"faces":{"north":{"uv":[12,1,13,10],"texture":"#0","tintindex":0},"east":{"uv":[12,1,13,10],"texture":"#0","tintindex":0},"south":{"uv":[12,1,13,10],"texture":"#0","tintindex":0},"west":{"uv":[12,1,13,10],"texture":"#0","tintindex":0},"up":{"uv":[13,0,13.5,1],"texture":"#0","tintindex":0},"down":{"uv":[13,0,13.5,1],"texture":"#0","tintindex":0}}},{"name":"tentacle7","from":[7,-1,2],"to":[9,17,4],"shade":false,"rotation":{"angle":0,"axis":"y","origin":[8,16,3]},"faces":{"north":{"uv":[12,1,13,10],"texture":"#0","tintindex":0},"east":{"uv":[12,1,13,10],"texture":"#0","tintindex":0},"south":{"uv":[12,1,13,10],"texture":"#0","tintindex":0},"west":{"uv":[12,1,13,10],"texture":"#0","tintindex":0},"up":{"uv":[13,0,13.5,1],"texture":"#0","tintindex":0},"down":{"uv":[13,0,13.5,1],"texture":"#0","tintindex":0}}},{"name":"tentacle8","from":[10.5,-1,3.5],"to":[12.5,17,5.5],"shade":false,"rotation":{"angle":0,"axis":"y","origin":[11.5,16,4.5]},"faces":{"north":{"uv":[12,1,13,10],"texture":"#0","tintindex":0},"east":{"uv":[12,1,13,10],"texture":"#0","tintindex":0},"south":{"uv":[12,1,13,10],"texture":"#0","tintindex":0},"west":{"uv":[12,1,13,10],"texture":"#0","tintindex":0},"up":{"uv":[13,0,13.5,1],"texture":"#0","tintindex":0},"down":{"uv":[13,0,13.5,1],"texture":"#0","tintindex":0}}}],"display":{"thirdperson_righthand":{"rotation":[75,45,0],"translation":[0,2.5,0],"scale":[0.375,0.375,0.375]},"thirdperson_lefthand":{"rotation":[75,45,0],"translation":[0,2.5,0],"scale":[0.375,0.375,0.375]},"firstperson_righthand":{"rotation":[0,111,0],"scale":[0.4,0.4,0.4]},"firstperson_lefthand":{"rotation":[0,132,0],"scale":[0.4,0.4,0.4]},"ground":{"translation":[0,3,0],"scale":[0.25,0.25,0.25]},"gui":{"rotation":[30,225,0],"translation":[0,-2,0],"scale":[0.5,0.5,0.5]},"head":{"rotation":[-80,0,0],"translation":[0,-30,0],"scale":[1.6,1.6,1.6]},"fixed":{"scale":[0.5,0.5,0.5]}},"groups":[{"name":"body","origin":[0,0,0],"shade":false,"children":[0]},{"name":"tentacle1","origin":[5,-7,0],"rotation":[0,90,0],"shade":false,"children":[1]},{"name":"tentacle2","origin":[3.5,-7,3.5],"rotation":[0,45,0],"shade":false,"children":[2]},{"name":"tentacle3","origin":[0,-7,5],"shade":false,"children":[3]},{"name":"tentacle4","origin":[-3.5,-7,3.5],"rotation":[0,-45,0],"shade":false,"children":[4]},{"name":"tentacle5","origin":[-5,-7,0],"rotation":[0,-90,0],"shade":false,"children":[5]},{"name":"tentacle6","origin":[-3.5,-7,-3.5],"rotation":[0,-135,0],"shade":false,"children":[6]},{"name":"tentacle7","origin":[0,-7,-5],"rotation":[0,-180,0],"shade":false,"children":[7]},{"name":"tentacle8","origin":[3.5,-7,-3.5],"rotation":[0,-225,0],"shade":false,"children":[8]}]}