{
	"credit": "Made with Blockbench",
	"textures": {
		"1": "block/fire_0"
	},
	"elements": [
		{
			"from": [4, 0, 4],
			"to": [12, 8, 12],
			"rotation": {"angle": 0, "axis": "y", "origin": [12, 8, 12]},
			"faces": {
				"north": {"uv": [4, 10, 11, 16], "rotation": 90, "texture": "#1"},
				"east": {"uv": [0, 1, 16, 16], "rotation": 270, "texture": "#1"},
				"south": {"uv": [0, 1, 3, 4], "rotation": 90, "texture": "#1"},
				"west": {"uv": [0, 3, 16, 16], "rotation": 90, "texture": "#1"},
				"up": {"uv": [0, 1, 16, 16], "rotation": 180, "texture": "#1"},
				"down": {"uv": [0, 1, 16, 16], "texture": "#1"}
			}
		}
	],
	"display": {
		"thirdperson_righthand": {
			"rotation": [75, 45, 0],
			"translation": [0, 2.5, 0],
			"scale": [0.375, 0.375, 0.375]
		},
		"thirdperson_lefthand": {
			"rotation": [75, 45, 0],
			"translation": [0, 2.5, 0],
			"scale": [0.375, 0.375, 0.375]
		},
		"firstperson_righthand": {
			"rotation": [0, 111, 0],
			"scale": [0.4, 0.4, 0.4]
		},
		"firstperson_lefthand": {
			"rotation": [0, 132, 0],
			"scale": [0.4, 0.4, 0.4]
		},
		"ground": {
			"translation": [0, 3, 0],
			"scale": [0.25, 0.25, 0.25]
		},
		"gui": {
			"rotation": [30, 225, 0],
			"translation": [0, -2, 0],
			"scale": [0.5, 0.5, 0.5]
		},
		"head": {
			"translation": [0, -27.25, 0],
			"scale": [1.6, 1.6, 1.6]
		},
		"fixed": {
			"scale": [0.5, 0.5, 0.5]
		}
	}
}