{"credit":"Made with Blockbench","textures":{"staff_olwen_staff":"3dfantasyweaponscit:item/nongfu/staff_olwen_staff"},"elements":[{"name":"Box1","from":[6.5,10.75,8.125],"to":[7,11,8.375],"faces":{"north":{"uv":[7,5,6.5,5.25],"texture":"#staff_olwen_staff"},"east":{"uv":[7,5.25,6.75,5],"rotation":180,"texture":"#staff_olwen_staff"},"south":{"uv":[6.5,5,7,5.25],"texture":"#staff_olwen_staff"},"west":{"uv":[6.5,5,6.75,5.25],"texture":"#staff_olwen_staff"},"up":{"uv":[6.5,5.25,7,5],"texture":"#staff_olwen_staff"},"down":{"uv":[6.5,5,7,5.25],"texture":"#staff_olwen_staff"}}},{"name":"Box2","from":[6.75,11.25,7.75],"to":[9.25,11.75,8.75],"faces":{"north":{"uv":[9.25,4.25,6.75,4.75],"texture":"#staff_olwen_staff"},"east":{"uv":[9.25,4.75,9,4.25],"rotation":180,"texture":"#staff_olwen_staff"},"south":{"uv":[6.75,4.25,9.25,4.75],"texture":"#staff_olwen_staff"},"west":{"uv":[6.75,4.25,7,4.75],"texture":"#staff_olwen_staff"},"up":{"uv":[6.75,4.5,9.25,4.25],"texture":"#staff_olwen_staff"},"down":{"uv":[6.75,4.5,9.25,4.75],"texture":"#staff_olwen_staff"}}},{"name":"Box3","from":[6.75,10.5,8.125],"to":[7.25,10.75,8.375],"faces":{"north":{"uv":[7.25,5.25,6.75,5.5],"texture":"#staff_olwen_staff"},"east":{"uv":[7.25,5.5,7,5.25],"rotation":180,"texture":"#staff_olwen_staff"},"south":{"uv":[6.75,5.25,7.25,5.5],"texture":"#staff_olwen_staff"},"west":{"uv":[6.75,5.25,7,5.5],"texture":"#staff_olwen_staff"},"up":{"uv":[6.75,5.5,7.25,5.25],"texture":"#staff_olwen_staff"},"down":{"uv":[6.75,5.25,7.25,5.5],"texture":"#staff_olwen_staff"}}},{"name":"Box4","from":[7,12.75,8],"to":[7.5,13.25,8.51],"faces":{"north":{"uv":[7.5,2.75,7,3.25],"texture":"#staff_olwen_staff"},"east":{"uv":[7.5,3.25,7.25,2.75],"rotation":180,"texture":"#staff_olwen_staff"},"south":{"uv":[7,2.75,7.5,3.25],"texture":"#staff_olwen_staff"},"west":{"uv":[7,2.75,7.25,3.25],"texture":"#staff_olwen_staff"},"up":{"uv":[7,3,7.5,2.75],"texture":"#staff_olwen_staff"},"down":{"uv":[7,3,7.5,3.25],"texture":"#staff_olwen_staff"}}},{"name":"Box5","from":[7,11,8.125],"to":[7.5,11.25,8.375],"faces":{"north":{"uv":[7.5,4.75,7,5],"texture":"#staff_olwen_staff"},"east":{"uv":[7.5,5,7.25,4.75],"rotation":180,"texture":"#staff_olwen_staff"},"south":{"uv":[7,4.75,7.5,5],"texture":"#staff_olwen_staff"},"west":{"uv":[7,4.75,7.25,5],"texture":"#staff_olwen_staff"},"down":{"uv":[7,4.75,7.5,5],"texture":"#staff_olwen_staff"}}},{"name":"Box6","from":[7,10.25,8.125],"to":[9,10.5,8.375],"faces":{"north":{"uv":[9,5.5,7,5.75],"texture":"#staff_olwen_staff"},"east":{"uv":[9,5.75,8.75,5.5],"rotation":180,"texture":"#staff_olwen_staff"},"south":{"uv":[7,5.5,9,5.75],"texture":"#staff_olwen_staff"},"west":{"uv":[7,5.5,7.25,5.75],"texture":"#staff_olwen_staff"},"up":{"uv":[7,5.75,9,5.5],"texture":"#staff_olwen_staff"},"down":{"uv":[7,5.5,9,5.75],"texture":"#staff_olwen_staff"}}},{"name":"Box7","from":[7.25,10.75,8.125],"to":[7.75,11,8.375],"faces":{"north":{"uv":[7.75,5,7.25,5.25],"texture":"#staff_olwen_staff"},"east":{"uv":[7.75,5.25,7.5,5],"rotation":180,"texture":"#staff_olwen_staff"},"south":{"uv":[7.25,5,7.75,5.25],"texture":"#staff_olwen_staff"},"west":{"uv":[7.25,5,7.5,5.25],"texture":"#staff_olwen_staff"},"up":{"uv":[7.25,5.25,7.75,5],"texture":"#staff_olwen_staff"},"down":{"uv":[7.25,5,7.75,5.25],"texture":"#staff_olwen_staff"}}},{"name":"Box8","from":[7.25,10,8.125],"to":[8.75,10.25,8.375],"faces":{"north":{"uv":[8.75,5.75,7.25,6],"texture":"#staff_olwen_staff"},"east":{"uv":[8.75,6,8.5,5.75],"rotation":180,"texture":"#staff_olwen_staff"},"south":{"uv":[7.25,5.75,8.75,6],"texture":"#staff_olwen_staff"},"west":{"uv":[7.25,5.75,7.5,6],"texture":"#staff_olwen_staff"},"down":{"uv":[7.25,5.75,8.75,6],"texture":"#staff_olwen_staff"}}},{"name":"Box9","from":[7.5,9.75,8.125],"to":[8.5,10.75,8.375],"faces":{"north":{"uv":[8.5,5.25,7.5,6.25],"texture":"#staff_olwen_staff"},"east":{"uv":[8.5,6.25,8.25,5.25],"rotation":180,"texture":"#staff_olwen_staff"},"south":{"uv":[7.5,5.25,8.5,6.25],"texture":"#staff_olwen_staff"},"west":{"uv":[7.5,5.25,7.75,6.25],"texture":"#staff_olwen_staff"},"up":{"uv":[7.5,5.5,8.5,5.25],"texture":"#staff_olwen_staff"},"down":{"uv":[7.5,6,8.5,6.25],"texture":"#staff_olwen_staff"}}},{"name":"Box10","from":[7.5,9,7.75],"to":[8.5,9.5,8.75],"faces":{"north":{"uv":[8.5,6.5,7.5,7],"texture":"#staff_olwen_staff"},"east":{"uv":[8.5,7,8.25,6.5],"rotation":180,"texture":"#staff_olwen_staff"},"south":{"uv":[7.5,6.5,8.5,7],"texture":"#staff_olwen_staff"},"west":{"uv":[7.5,6.5,7.75,7],"texture":"#staff_olwen_staff"},"up":{"uv":[7.5,6.75,8.5,6.5],"texture":"#staff_olwen_staff"},"down":{"uv":[7.5,6.75,8.5,7],"texture":"#staff_olwen_staff"}}},{"name":"Box11","from":[7.75,13.5,8],"to":[8.25,14,8.51],"faces":{"north":{"uv":[8.25,2,7.75,2.5],"texture":"#staff_olwen_staff"},"east":{"uv":[8.25,2.5,8,2],"rotation":180,"texture":"#staff_olwen_staff"},"south":{"uv":[7.75,2,8.25,2.5],"texture":"#staff_olwen_staff"},"west":{"uv":[7.75,2,8,2.5],"texture":"#staff_olwen_staff"},"up":{"uv":[7.75,2.25,8.25,2],"texture":"#staff_olwen_staff"},"down":{"uv":[7.75,2.25,8.25,2.5],"texture":"#staff_olwen_staff"}}},{"name":"Box12","from":[7.75,12,8],"to":[8.25,12.5,8.51],"faces":{"north":{"uv":[8.25,3.5,7.75,4],"texture":"#staff_olwen_staff"},"east":{"uv":[8.25,4,8,3.5],"rotation":180,"texture":"#staff_olwen_staff"},"south":{"uv":[7.75,3.5,8.25,4],"texture":"#staff_olwen_staff"},"west":{"uv":[7.75,3.5,8,4],"texture":"#staff_olwen_staff"},"up":{"uv":[7.75,3.75,8.25,3.5],"texture":"#staff_olwen_staff"},"down":{"uv":[7.75,3.75,8.25,4],"texture":"#staff_olwen_staff"}}},{"name":"Box13","from":[7.75,0,8],"to":[8.25,9.75,8.51],"faces":{"north":{"uv":[8.25,6.25,7.75,16],"texture":"#staff_olwen_staff"},"east":{"uv":[8.25,16,8,6.25],"rotation":180,"texture":"#staff_olwen_staff"},"south":{"uv":[7.75,6.25,8.25,16],"texture":"#staff_olwen_staff"},"west":{"uv":[7.75,6.25,8,16],"texture":"#staff_olwen_staff"},"down":{"uv":[7.75,15.75,8.25,16],"texture":"#staff_olwen_staff","cullface":"down"}}},{"name":"Box14","from":[8.25,10.75,8.125],"to":[8.75,11,8.375],"faces":{"north":{"uv":[8.75,5,8.25,5.25],"texture":"#staff_olwen_staff"},"east":{"uv":[8.75,5.25,8.5,5],"rotation":180,"texture":"#staff_olwen_staff"},"south":{"uv":[8.25,5,8.75,5.25],"texture":"#staff_olwen_staff"},"west":{"uv":[8.25,5,8.5,5.25],"texture":"#staff_olwen_staff"},"up":{"uv":[8.25,5.25,8.75,5],"texture":"#staff_olwen_staff"},"down":{"uv":[8.25,5,8.75,5.25],"texture":"#staff_olwen_staff"}}},{"name":"Box15","from":[8.5,12.75,8],"to":[9,13.25,8.51],"faces":{"north":{"uv":[9,2.75,8.5,3.25],"texture":"#staff_olwen_staff"},"east":{"uv":[9,3.25,8.75,2.75],"rotation":180,"texture":"#staff_olwen_staff"},"south":{"uv":[8.5,2.75,9,3.25],"texture":"#staff_olwen_staff"},"west":{"uv":[8.5,2.75,8.75,3.25],"texture":"#staff_olwen_staff"},"up":{"uv":[8.5,3,9,2.75],"texture":"#staff_olwen_staff"},"down":{"uv":[8.5,3,9,3.25],"texture":"#staff_olwen_staff"}}},{"name":"Box16","from":[8.5,11,8.125],"to":[9,11.25,8.375],"faces":{"north":{"uv":[9,4.75,8.5,5],"texture":"#staff_olwen_staff"},"east":{"uv":[9,5,8.75,4.75],"rotation":180,"texture":"#staff_olwen_staff"},"south":{"uv":[8.5,4.75,9,5],"texture":"#staff_olwen_staff"},"west":{"uv":[8.5,4.75,8.75,5],"texture":"#staff_olwen_staff"},"down":{"uv":[8.5,4.75,9,5],"texture":"#staff_olwen_staff"}}},{"name":"Box17","from":[8.75,10.5,8.125],"to":[9.25,10.75,8.375],"faces":{"north":{"uv":[9.25,5.25,8.75,5.5],"texture":"#staff_olwen_staff"},"east":{"uv":[9.25,5.5,9,5.25],"rotation":180,"texture":"#staff_olwen_staff"},"south":{"uv":[8.75,5.25,9.25,5.5],"texture":"#staff_olwen_staff"},"west":{"uv":[8.75,5.25,9,5.5],"texture":"#staff_olwen_staff"},"up":{"uv":[8.75,5.5,9.25,5.25],"texture":"#staff_olwen_staff"},"down":{"uv":[8.75,5.25,9.25,5.5],"texture":"#staff_olwen_staff"}}},{"name":"Box18","from":[9,10.75,8.125],"to":[9.5,11,8.375],"faces":{"north":{"uv":[9.5,5,9,5.25],"texture":"#staff_olwen_staff"},"east":{"uv":[9.5,5.25,9.25,5],"rotation":180,"texture":"#staff_olwen_staff"},"south":{"uv":[9,5,9.5,5.25],"texture":"#staff_olwen_staff"},"west":{"uv":[9,5,9.25,5.25],"texture":"#staff_olwen_staff"},"up":{"uv":[9,5.25,9.5,5],"texture":"#staff_olwen_staff"},"down":{"uv":[9,5,9.5,5.25],"texture":"#staff_olwen_staff"}}},{"name":"Box9","from":[7.75,9.75,8],"to":[8.25,10.75,8.5],"faces":{"north":{"uv":[8.25,5.25,7.75,6.25],"texture":"#staff_olwen_staff"},"east":{"uv":[8.25,5.25,8,6.25],"texture":"#staff_olwen_staff"},"south":{"uv":[7.75,5.25,8.25,6.25],"texture":"#staff_olwen_staff"},"west":{"uv":[7.75,5.25,8,6.25],"texture":"#staff_olwen_staff"},"up":{"uv":[7.75,5.5,8.25,5.25],"texture":"#staff_olwen_staff"}}}],"display":{"thirdperson_righthand":{"rotation":[0,90,0],"translation":[0,0,2.5],"scale":[3,3,3]},"thirdperson_lefthand":{"rotation":[0,90,0],"translation":[0,0,2.5],"scale":[3,3,3]},"firstperson_righthand":{"rotation":[0,-90,0],"translation":[0,3.5,1],"scale":[2,2,2]},"firstperson_lefthand":{"rotation":[0,-90,0],"translation":[0,3.5,1],"scale":[2,2,2]},"ground":{"rotation":[0,0,-45],"translation":[0,2,0]},"gui":{"rotation":[0,0,-45],"scale":[1.3,1.3,1.3]},"fixed":{"rotation":[0,-180,-45],"scale":[1.6,1.6,1]}}}