{
  "parent": "block/base/block_tile",
  "textures": {
    "down": "blockus:block/light_gray_glazed_terracotta_pillar_top",
    "east": "blockus:block/light_gray_glazed_terracotta_pillar",
    "north": "blockus:block/light_gray_glazed_terracotta_pillar",
    "south": "blockus:block/light_gray_glazed_terracotta_pillar",
    "up": "blockus:block/light_gray_glazed_terracotta_pillar_top",
    "west": "blockus:block/light_gray_glazed_terracotta_pillar",
    "particle": "blockus:block/light_gray_glazed_terracotta_pillar_top"
  }
}