{"credit":"Made by spike5032","textures":{"0":"block/lime_glazed_terracotta","1":"block/stripped_oak_log","2":"block/quartz_block_side","particle":"block/stripped_oak_log"},"elements":[{"from":[8.8896,0.5406,3.3196],"to":[12.2736,4.6014,6.7036],"rotation":{"angle":0,"axis":"y","origin":[10.92,5.955,5.35]},"faces":{"north":{"uv":[4,6,5,7],"rotation":270,"texture":"#0"},"east":{"uv":[4,6,5,7],"rotation":270,"texture":"#0"},"south":{"uv":[4,6,5,7],"rotation":270,"texture":"#0"},"west":{"uv":[1,6,5,12],"rotation":270,"texture":"#0"},"up":{"uv":[4,6,5,7],"rotation":270,"texture":"#0"},"down":{"uv":[1,6,5,12],"rotation":270,"texture":"#0"}}},{"from":[8.8896,1.2174,2.6428],"to":[12.2736,3.9246,7.3804],"rotation":{"angle":0,"axis":"y","origin":[10.92,5.955,5.35]},"faces":{"north":{"uv":[1,6,5,12],"rotation":270,"texture":"#0"},"east":{"uv":[1,6,5,12],"rotation":270,"texture":"#0"},"south":{"uv":[1,6,5,12],"rotation":270,"texture":"#0"},"west":{"uv":[1,6,5,12],"rotation":270,"texture":"#0"},"up":{"uv":[4,6,5,7],"rotation":270,"texture":"#0"},"down":{"uv":[1,6,5,12],"rotation":270,"texture":"#0"}}},{"from":[8.2128,1.2174,3.3196],"to":[12.9504,3.9246,6.7036],"rotation":{"angle":0,"axis":"y","origin":[10.92,5.955,5.35]},"faces":{"north":{"uv":[1,6,5,12],"rotation":270,"texture":"#0"},"east":{"uv":[1,6,5,12],"rotation":270,"texture":"#0"},"south":{"uv":[1,6,5,12],"rotation":270,"texture":"#0"},"west":{"uv":[1,6,5,12],"rotation":270,"texture":"#0"},"up":{"uv":[4,6,5,7],"rotation":270,"texture":"#0"},"down":{"uv":[1,6,5,12],"rotation":270,"texture":"#0"}}},{"from":[10.2432,4.6014,4.6732],"to":[10.92,10.0158,5.35],"rotation":{"angle":0,"axis":"y","origin":[10.92,5.955,5.35]},"faces":{"north":{"uv":[15,1,16,2],"texture":"#1"},"east":{"uv":[15,1,16,2],"texture":"#1"},"south":{"uv":[15,1,16,2],"texture":"#1"},"west":{"uv":[15,1,16,2],"texture":"#1"},"up":{"uv":[15,1,16,2],"texture":"#1"},"down":{"uv":[15,1,16,2],"texture":"#1"}}},{"from":[2.00579,0.5,1.61892],"to":[4.14645,1,2.58979],"rotation":{"angle":45,"axis":"y","origin":[3.07612,0.75,2.08979]},"faces":{"north":{"uv":[2,0,3,1],"texture":"#2"},"east":{"uv":[2,0,3,1],"texture":"#2"},"south":{"uv":[2,0,3,1],"texture":"#2"},"west":{"uv":[2,0,3,1],"texture":"#2"},"up":{"uv":[2,0,3,1],"texture":"#2"},"down":{"uv":[2,0,3,1],"texture":"#2"}}},{"from":[1.98633,0.5,2.51367],"to":[2.98633,1,13.48633],"rotation":{"angle":0,"axis":"y","origin":[7.98633,8,8.01367]},"faces":{"north":{"uv":[2,0,3,1],"texture":"#2"},"east":{"uv":[2,0,3,1],"texture":"#2"},"south":{"uv":[2,0,3,1],"texture":"#2"},"west":{"uv":[2,0,3,1],"texture":"#2"},"up":{"uv":[2,0,3,1],"texture":"#2"},"down":{"uv":[2,0,3,1],"texture":"#2"}}},{"from":[3.5,0.5,1],"to":[12.5,1,2],"faces":{"north":{"uv":[2,0,3,1],"rotation":90,"texture":"#2"},"east":{"uv":[2,0,3,1],"rotation":90,"texture":"#2"},"south":{"uv":[2,0,3,1],"rotation":90,"texture":"#2"},"west":{"uv":[2,0,3,1],"rotation":90,"texture":"#2"},"up":{"uv":[2,0,3,1],"rotation":90,"texture":"#2"},"down":{"uv":[2,0,3,1],"rotation":90,"texture":"#2"}}},{"from":[11.85355,0.5,1.61892],"to":[13.99421,1,2.58979],"rotation":{"angle":-45,"axis":"y","origin":[12.92388,0.75,2.08979]},"faces":{"north":{"uv":[2,0,3,1],"texture":"#2"},"east":{"uv":[2,0,3,1],"texture":"#2"},"south":{"uv":[2,0,3,1],"texture":"#2"},"west":{"uv":[2,0,3,1],"texture":"#2"},"up":{"uv":[2,0,3,1],"texture":"#2"},"down":{"uv":[2,0,3,1],"texture":"#2"}}},{"from":[13.01367,0.5,2.51367],"to":[14.01367,1,13.48633],"rotation":{"angle":0,"axis":"y","origin":[8.01367,8,8.01367]},"faces":{"north":{"uv":[2,0,3,1],"texture":"#2"},"east":{"uv":[2,0,3,1],"texture":"#2"},"south":{"uv":[2,0,3,1],"texture":"#2"},"west":{"uv":[2,0,3,1],"texture":"#2"},"up":{"uv":[2,0,3,1],"texture":"#2"},"down":{"uv":[2,0,3,1],"texture":"#2"}}},{"from":[11.85355,0.5,13.41021],"to":[13.99421,1,14.38108],"rotation":{"angle":45,"axis":"y","origin":[12.92388,0.75,13.91021]},"faces":{"north":{"uv":[2,0,3,1],"texture":"#2"},"east":{"uv":[2,0,3,1],"texture":"#2"},"south":{"uv":[2,0,3,1],"texture":"#2"},"west":{"uv":[2,0,3,1],"texture":"#2"},"up":{"uv":[2,0,3,1],"texture":"#2"},"down":{"uv":[2,0,3,1],"texture":"#2"}}},{"from":[3.5,0.5,14],"to":[12.5,1,15],"faces":{"north":{"uv":[2,0,3,1],"rotation":90,"texture":"#2"},"east":{"uv":[2,0,3,1],"rotation":90,"texture":"#2"},"south":{"uv":[2,0,3,1],"rotation":90,"texture":"#2"},"west":{"uv":[2,0,3,1],"rotation":90,"texture":"#2"},"up":{"uv":[2,0,3,1],"rotation":90,"texture":"#2"},"down":{"uv":[2,0,3,1],"rotation":90,"texture":"#2"}}},{"from":[2.00579,0.5,13.41021],"to":[4.14645,1,14.38108],"rotation":{"angle":-45,"axis":"y","origin":[3.07612,0.75,13.91021]},"faces":{"north":{"uv":[2,0,3,1],"texture":"#2"},"east":{"uv":[2,0,3,1],"texture":"#2"},"south":{"uv":[2,0,3,1],"texture":"#2"},"west":{"uv":[2,0,3,1],"texture":"#2"},"up":{"uv":[2,0,3,1],"texture":"#2"},"down":{"uv":[2,0,3,1],"texture":"#2"}}},{"from":[4,0,1.75],"to":[12,0.5,14.25],"faces":{"north":{"uv":[7,0,8,1],"texture":"#2"},"east":{"uv":[7,0,8,1],"texture":"#2"},"south":{"uv":[7,0,8,1],"texture":"#2"},"west":{"uv":[7,0,8,1],"texture":"#2"},"up":{"uv":[7,0,8,1],"texture":"#2"},"down":{"uv":[7,0,8,1],"texture":"#2"}}},{"from":[2.75,0,3],"to":[13.25,0.5,13],"faces":{"north":{"uv":[7,0,8,1],"texture":"#2"},"east":{"uv":[7,0,8,1],"texture":"#2"},"south":{"uv":[7,0,8,1],"texture":"#2"},"west":{"uv":[7,0,8,1],"texture":"#2"},"up":{"uv":[7,0,8,1],"texture":"#2"},"down":{"uv":[7,0,8,1],"texture":"#2"}}},{"from":[11.32322,0,12.79289],"to":[13.09099,0.5,13.96967],"rotation":{"angle":45,"axis":"y","origin":[12,0.75,13.29289]},"faces":{"north":{"uv":[7,0,8,1],"texture":"#2"},"east":{"uv":[7,0,8,1],"texture":"#2"},"south":{"uv":[7,0,8,1],"texture":"#2"},"west":{"uv":[7,0,8,1],"texture":"#2"},"up":{"uv":[7,0,8,1],"texture":"#2"},"down":{"uv":[7,0,8,1],"texture":"#2"}}},{"from":[2.90901,0,12.79289],"to":[4.67678,0.5,13.96967],"rotation":{"angle":-45,"axis":"y","origin":[4,0.75,13.29289]},"faces":{"north":{"uv":[7,0,8,1],"texture":"#2"},"east":{"uv":[7,0,8,1],"texture":"#2"},"south":{"uv":[7,0,8,1],"texture":"#2"},"west":{"uv":[7,0,8,1],"texture":"#2"},"up":{"uv":[7,0,8,1],"texture":"#2"},"down":{"uv":[7,0,8,1],"texture":"#2"}}},{"from":[2.90901,0,2.03033],"to":[4.67678,0.5,3.20711],"rotation":{"angle":45,"axis":"y","origin":[4,0.75,2.70711]},"faces":{"north":{"uv":[7,0,8,1],"texture":"#2"},"east":{"uv":[7,0,8,1],"texture":"#2"},"south":{"uv":[7,0,8,1],"texture":"#2"},"west":{"uv":[7,0,8,1],"texture":"#2"},"up":{"uv":[7,0,8,1],"texture":"#2"},"down":{"uv":[7,0,8,1],"texture":"#2"}}},{"from":[11.32322,0,2.03033],"to":[13.09099,0.5,3.20711],"rotation":{"angle":-45,"axis":"y","origin":[12,0.75,2.70711]},"faces":{"north":{"uv":[7,0,8,1],"texture":"#2"},"east":{"uv":[7,0,8,1],"texture":"#2"},"south":{"uv":[7,0,8,1],"texture":"#2"},"west":{"uv":[7,0,8,1],"texture":"#2"},"up":{"uv":[7,0,8,1],"texture":"#2"},"down":{"uv":[7,0,8,1],"texture":"#2"}}},{"from":[8.8896,0.5406,9.2246],"to":[12.2736,4.6014,12.6086],"rotation":{"angle":0,"axis":"y","origin":[10.92,5.955,11.255]},"faces":{"north":{"uv":[1,6,5,12],"rotation":270,"texture":"#0"},"east":{"uv":[1,6,5,12],"rotation":270,"texture":"#0"},"south":{"uv":[1,6,5,12],"rotation":270,"texture":"#0"},"west":{"uv":[1,6,5,12],"rotation":270,"texture":"#0"},"up":{"uv":[4,6,5,7],"rotation":270,"texture":"#0"},"down":{"uv":[1,6,5,12],"rotation":270,"texture":"#0"}}},{"from":[8.8896,1.2174,8.5478],"to":[12.2736,3.9246,13.2854],"rotation":{"angle":0,"axis":"y","origin":[10.92,5.955,11.255]},"faces":{"north":{"uv":[1,6,5,12],"rotation":270,"texture":"#0"},"east":{"uv":[1,6,5,12],"rotation":270,"texture":"#0"},"south":{"uv":[1,6,5,12],"rotation":270,"texture":"#0"},"west":{"uv":[1,6,5,12],"rotation":270,"texture":"#0"},"up":{"uv":[4,6,5,7],"rotation":270,"texture":"#0"},"down":{"uv":[1,6,5,12],"rotation":270,"texture":"#0"}}},{"from":[8.2128,1.2174,9.2246],"to":[12.9504,3.9246,12.6086],"rotation":{"angle":0,"axis":"y","origin":[10.92,5.955,11.255]},"faces":{"north":{"uv":[1,6,5,12],"rotation":270,"texture":"#0"},"east":{"uv":[1,6,5,12],"rotation":270,"texture":"#0"},"south":{"uv":[1,6,5,12],"rotation":270,"texture":"#0"},"west":{"uv":[1,6,5,12],"rotation":270,"texture":"#0"},"up":{"uv":[4,6,5,7],"rotation":270,"texture":"#0"},"down":{"uv":[1,6,5,12],"rotation":270,"texture":"#0"}}},{"from":[10.2432,4.6014,10.5782],"to":[10.92,10.0158,11.255],"rotation":{"angle":0,"axis":"y","origin":[10.92,5.955,11.255]},"faces":{"north":{"uv":[4,1,8,3],"texture":"#1"},"east":{"uv":[4,1,8,3],"texture":"#1"},"south":{"uv":[4,1,8,3],"texture":"#1"},"west":{"uv":[4,1,8,3],"texture":"#1"},"up":{"uv":[4,1,8,3],"texture":"#1"},"down":{"uv":[4,1,8,3],"texture":"#1"}}},{"from":[3.4196,0.5406,9.2246],"to":[6.8036,4.6014,12.6086],"rotation":{"angle":0,"axis":"x","origin":[5.45,5.955,11.255]},"faces":{"north":{"uv":[1,6,5,12],"rotation":270,"texture":"#0"},"east":{"uv":[1,6,5,12],"rotation":270,"texture":"#0"},"south":{"uv":[1,6,5,12],"rotation":270,"texture":"#0"},"west":{"uv":[1,6,5,12],"rotation":270,"texture":"#0"},"up":{"uv":[4,6,5,7],"rotation":270,"texture":"#0"},"down":{"uv":[1,6,5,12],"rotation":270,"texture":"#0"}}},{"from":[3.4196,1.2174,8.5478],"to":[6.8036,3.9246,13.2854],"rotation":{"angle":0,"axis":"x","origin":[5.45,5.955,11.255]},"faces":{"north":{"uv":[1,6,5,12],"rotation":270,"texture":"#0"},"east":{"uv":[1,6,5,12],"rotation":270,"texture":"#0"},"south":{"uv":[1,6,5,12],"rotation":270,"texture":"#0"},"west":{"uv":[1,6,5,12],"rotation":270,"texture":"#0"},"up":{"uv":[4,6,5,7],"rotation":270,"texture":"#0"},"down":{"uv":[1,6,5,12],"rotation":270,"texture":"#0"}}},{"from":[2.7428,1.2174,9.2246],"to":[7.4804,3.9246,12.6086],"rotation":{"angle":0,"axis":"x","origin":[5.45,5.955,11.255]},"faces":{"north":{"uv":[1,6,5,12],"rotation":270,"texture":"#0"},"east":{"uv":[1,6,5,12],"rotation":270,"texture":"#0"},"south":{"uv":[1,6,5,12],"rotation":270,"texture":"#0"},"west":{"uv":[1,6,5,12],"rotation":270,"texture":"#0"},"up":{"uv":[4,6,5,7],"rotation":270,"texture":"#0"},"down":{"uv":[1,6,5,12],"rotation":270,"texture":"#0"}}},{"from":[4.7732,4.6014,10.5782],"to":[5.45,10.0158,11.255],"rotation":{"angle":0,"axis":"x","origin":[5.45,5.955,11.255]},"faces":{"north":{"uv":[4,1,8,3],"texture":"#1"},"east":{"uv":[4,1,8,3],"texture":"#1"},"south":{"uv":[4,1,8,3],"texture":"#1"},"west":{"uv":[4,1,8,3],"texture":"#1"},"up":{"uv":[4,1,8,3],"texture":"#1"},"down":{"uv":[4,1,8,3],"texture":"#1"}}},{"from":[3.4196,0.5406,3.3196],"to":[6.8036,4.6014,6.7036],"rotation":{"angle":0,"axis":"y","origin":[5.1116,3.7554,5.0116]},"faces":{"north":{"uv":[1,6,5,12],"rotation":270,"texture":"#0"},"east":{"uv":[1,6,5,12],"rotation":270,"texture":"#0"},"south":{"uv":[1,6,5,12],"rotation":270,"texture":"#0"},"west":{"uv":[1,6,5,12],"rotation":270,"texture":"#0"},"up":{"uv":[4,6,5,7],"rotation":270,"texture":"#0"},"down":{"uv":[1,6,5,12],"rotation":270,"texture":"#0"}}},{"from":[3.4196,1.2174,2.6428],"to":[6.8036,3.9246,7.3804],"rotation":{"angle":0,"axis":"y","origin":[5.1116,3.7554,5.0116]},"faces":{"north":{"uv":[1,6,5,12],"rotation":270,"texture":"#0"},"east":{"uv":[1,6,5,12],"rotation":270,"texture":"#0"},"south":{"uv":[1,6,5,12],"rotation":270,"texture":"#0"},"west":{"uv":[1,6,5,12],"rotation":270,"texture":"#0"},"up":{"uv":[4,6,5,7],"rotation":270,"texture":"#0"},"down":{"uv":[1,6,5,12],"rotation":270,"texture":"#0"}}},{"from":[2.7428,1.2174,3.3196],"to":[7.4804,3.9246,6.7036],"rotation":{"angle":0,"axis":"y","origin":[5.1116,3.7554,5.0116]},"faces":{"north":{"uv":[1,6,5,12],"rotation":270,"texture":"#0"},"east":{"uv":[1,6,5,12],"rotation":270,"texture":"#0"},"south":{"uv":[1,6,5,12],"rotation":270,"texture":"#0"},"west":{"uv":[1,6,5,12],"rotation":270,"texture":"#0"},"up":{"uv":[4,6,5,7],"rotation":270,"texture":"#0"},"down":{"uv":[1,6,5,12],"rotation":270,"texture":"#0"}}},{"from":[4.7732,4.6014,4.6732],"to":[5.45,10.0158,5.35],"rotation":{"angle":0,"axis":"y","origin":[5.1116,3.7554,5.0116]},"faces":{"north":{"uv":[4,1,8,3],"texture":"#1"},"east":{"uv":[4,1,8,3],"texture":"#1"},"south":{"uv":[4,1,8,3],"texture":"#1"},"west":{"uv":[4,1,8,3],"texture":"#1"},"up":{"uv":[4,1,8,3],"texture":"#1"},"down":{"uv":[4,1,8,3],"texture":"#1"}}}],"display":{"thirdperson_righthand":{"rotation":[75,45,0],"translation":[0,4.5,3.25],"scale":[0.66992,0.66992,0.66992]},"thirdperson_lefthand":{"rotation":[75,45,0],"translation":[0,4.5,3.25],"scale":[0.66992,0.66992,0.66992]},"firstperson_righthand":{"rotation":[5.25,30.75,3],"translation":[0,5.75,1],"scale":[0.53906,0.53906,0.53906]},"firstperson_lefthand":{"rotation":[5.25,30.75,3],"translation":[0,5.75,1],"scale":[0.53906,0.53906,0.53906]},"ground":{"translation":[0,4.25,0],"scale":[0.5,0.5,0.5]},"gui":{"rotation":[30,225,0],"translation":[0,4,0],"scale":[0.89648,0.89648,0.89648]},"head":{"translation":[0,-35.25,0]},"fixed":{"rotation":[-90,0,0],"translation":[0,0,-9],"scale":[1.17,1.17,1.17]}},"groups":[{"name":"Apple","origin":[8,8,8],"children":[0,1,2,3]},{"name":"Rim","origin":[3.07612,0.75,13.91021],"children":[4,5,6,7,8,9,10,11]},{"name":"Bottom","origin":[12,0.75,2.70711],"children":[12,13,14,15,16,17]},{"name":"Apple","origin":[8,8,8],"children":[18,19,20,21]},{"name":"Apple","origin":[8,8,8],"children":[22,23,24,25]},{"name":"Apple","origin":[8,8,8],"children":[26,27,28,29]}]}