{"credit":"Made by spike5032","textures":{"0":"block/allium","1":"block/stripped_oak_log","2":"block/quartz_block_bottom","particle":"block/stripped_oak_log"},"elements":[{"from":[2.00579,0.5,1.61892],"to":[4.14645,1,2.58979],"rotation":{"angle":45,"axis":"y","origin":[3.07612,0.75,2.08979]},"faces":{"north":{"uv":[2,0,3,1],"texture":"#2"},"east":{"uv":[2,0,3,1],"texture":"#2"},"south":{"uv":[2,0,3,1],"texture":"#2"},"west":{"uv":[2,0,3,1],"texture":"#2"},"up":{"uv":[2,0,3,1],"texture":"#2"},"down":{"uv":[2,0,3,1],"texture":"#2"}}},{"from":[1.98633,0.5,2.51367],"to":[2.98633,1,13.48633],"rotation":{"angle":0,"axis":"y","origin":[7.98633,8,8.01367]},"faces":{"north":{"uv":[2,0,3,1],"texture":"#2"},"east":{"uv":[2,0,3,1],"texture":"#2"},"south":{"uv":[2,0,3,1],"texture":"#2"},"west":{"uv":[2,0,3,1],"texture":"#2"},"up":{"uv":[2,0,3,1],"texture":"#2"},"down":{"uv":[2,0,3,1],"texture":"#2"}}},{"from":[3.5,0.5,1],"to":[12.5,1,2],"faces":{"north":{"uv":[2,0,3,1],"rotation":90,"texture":"#2"},"east":{"uv":[2,0,3,1],"rotation":90,"texture":"#2"},"south":{"uv":[2,0,3,1],"rotation":90,"texture":"#2"},"west":{"uv":[2,0,3,1],"rotation":90,"texture":"#2"},"up":{"uv":[2,0,3,1],"rotation":90,"texture":"#2"},"down":{"uv":[2,0,3,1],"rotation":90,"texture":"#2"}}},{"from":[11.85355,0.5,1.61892],"to":[13.99421,1,2.58979],"rotation":{"angle":-45,"axis":"y","origin":[12.92388,0.75,2.08979]},"faces":{"north":{"uv":[2,0,3,1],"texture":"#2"},"east":{"uv":[2,0,3,1],"texture":"#2"},"south":{"uv":[2,0,3,1],"texture":"#2"},"west":{"uv":[2,0,3,1],"texture":"#2"},"up":{"uv":[2,0,3,1],"texture":"#2"},"down":{"uv":[2,0,3,1],"texture":"#2"}}},{"from":[13.01367,0.5,2.51367],"to":[14.01367,1,13.48633],"rotation":{"angle":0,"axis":"y","origin":[8.01367,8,8.01367]},"faces":{"north":{"uv":[2,0,3,1],"texture":"#2"},"east":{"uv":[2,0,3,1],"texture":"#2"},"south":{"uv":[2,0,3,1],"texture":"#2"},"west":{"uv":[2,0,3,1],"texture":"#2"},"up":{"uv":[2,0,3,1],"texture":"#2"},"down":{"uv":[2,0,3,1],"texture":"#2"}}},{"from":[11.85355,0.5,13.41021],"to":[13.99421,1,14.38108],"rotation":{"angle":45,"axis":"y","origin":[12.92388,0.75,13.91021]},"faces":{"north":{"uv":[2,0,3,1],"texture":"#2"},"east":{"uv":[2,0,3,1],"texture":"#2"},"south":{"uv":[2,0,3,1],"texture":"#2"},"west":{"uv":[2,0,3,1],"texture":"#2"},"up":{"uv":[2,0,3,1],"texture":"#2"},"down":{"uv":[2,0,3,1],"texture":"#2"}}},{"from":[3.5,0.5,14],"to":[12.5,1,15],"faces":{"north":{"uv":[2,0,3,1],"rotation":90,"texture":"#2"},"east":{"uv":[2,0,3,1],"rotation":90,"texture":"#2"},"south":{"uv":[2,0,3,1],"rotation":90,"texture":"#2"},"west":{"uv":[2,0,3,1],"rotation":90,"texture":"#2"},"up":{"uv":[2,0,3,1],"rotation":90,"texture":"#2"},"down":{"uv":[2,0,3,1],"rotation":90,"texture":"#2"}}},{"from":[2.00579,0.5,13.41021],"to":[4.14645,1,14.38108],"rotation":{"angle":-45,"axis":"y","origin":[3.07612,0.75,13.91021]},"faces":{"north":{"uv":[2,0,3,1],"texture":"#2"},"east":{"uv":[2,0,3,1],"texture":"#2"},"south":{"uv":[2,0,3,1],"texture":"#2"},"west":{"uv":[2,0,3,1],"texture":"#2"},"up":{"uv":[2,0,3,1],"texture":"#2"},"down":{"uv":[2,0,3,1],"texture":"#2"}}},{"from":[4,0,1.75],"to":[12,0.5,14.25],"faces":{"north":{"uv":[7,0,8,1],"texture":"#2"},"east":{"uv":[7,0,8,1],"texture":"#2"},"south":{"uv":[7,0,8,1],"texture":"#2"},"west":{"uv":[7,0,8,1],"texture":"#2"},"up":{"uv":[7,0,8,1],"texture":"#2"},"down":{"uv":[7,0,8,1],"texture":"#2"}}},{"from":[2.75,0,3],"to":[13.25,0.5,13],"faces":{"north":{"uv":[7,0,8,1],"texture":"#2"},"east":{"uv":[7,0,8,1],"texture":"#2"},"south":{"uv":[7,0,8,1],"texture":"#2"},"west":{"uv":[7,0,8,1],"texture":"#2"},"up":{"uv":[7,0,8,1],"texture":"#2"},"down":{"uv":[7,0,8,1],"texture":"#2"}}},{"from":[11.32322,0,12.79289],"to":[13.09099,0.5,13.96967],"rotation":{"angle":45,"axis":"y","origin":[12,0.75,13.29289]},"faces":{"north":{"uv":[7,0,8,1],"texture":"#2"},"east":{"uv":[7,0,8,1],"texture":"#2"},"south":{"uv":[7,0,8,1],"texture":"#2"},"west":{"uv":[7,0,8,1],"texture":"#2"},"up":{"uv":[7,0,8,1],"texture":"#2"},"down":{"uv":[7,0,8,1],"texture":"#2"}}},{"from":[2.90901,0,12.79289],"to":[4.67678,0.5,13.96967],"rotation":{"angle":-45,"axis":"y","origin":[4,0.75,13.29289]},"faces":{"north":{"uv":[7,0,8,1],"texture":"#2"},"east":{"uv":[7,0,8,1],"texture":"#2"},"south":{"uv":[7,0,8,1],"texture":"#2"},"west":{"uv":[7,0,8,1],"texture":"#2"},"up":{"uv":[7,0,8,1],"texture":"#2"},"down":{"uv":[7,0,8,1],"texture":"#2"}}},{"from":[2.90901,0,2.03033],"to":[4.67678,0.5,3.20711],"rotation":{"angle":45,"axis":"y","origin":[4,0.75,2.70711]},"faces":{"north":{"uv":[7,0,8,1],"texture":"#2"},"east":{"uv":[7,0,8,1],"texture":"#2"},"south":{"uv":[7,0,8,1],"texture":"#2"},"west":{"uv":[7,0,8,1],"texture":"#2"},"up":{"uv":[7,0,8,1],"texture":"#2"},"down":{"uv":[7,0,8,1],"texture":"#2"}}},{"from":[11.32322,0,2.03033],"to":[13.09099,0.5,3.20711],"rotation":{"angle":-45,"axis":"y","origin":[12,0.75,2.70711]},"faces":{"north":{"uv":[7,0,8,1],"texture":"#2"},"east":{"uv":[7,0,8,1],"texture":"#2"},"south":{"uv":[7,0,8,1],"texture":"#2"},"west":{"uv":[7,0,8,1],"texture":"#2"},"up":{"uv":[7,0,8,1],"texture":"#2"},"down":{"uv":[7,0,8,1],"texture":"#2"}}},{"from":[7.01712,0.91501,2.92582],"to":[8.84448,2.74237,5.51865],"rotation":{"angle":-22.5,"axis":"y","origin":[7.93422,2.43455,4.17846]},"faces":{"north":{"uv":[5,3,10,7],"rotation":180,"texture":"#0"},"east":{"uv":[5,3,10,7],"rotation":180,"texture":"#0"},"south":{"uv":[5,3,10,7],"rotation":180,"texture":"#0"},"west":{"uv":[5,3,10,7],"rotation":180,"texture":"#0"},"up":{"uv":[5,3,10,7],"rotation":180,"texture":"#0"},"down":{"uv":[5,3,10,7],"rotation":180,"texture":"#0"}}},{"from":[7.01712,0.54954,3.29129],"to":[8.84448,3.10784,5.05318],"rotation":{"angle":-22.5,"axis":"y","origin":[7.93422,2.43455,4.17846]},"faces":{"north":{"uv":[5,3,10,7],"rotation":180,"texture":"#0"},"east":{"uv":[5,3,10,7],"rotation":180,"texture":"#0"},"south":{"uv":[5,3,10,7],"rotation":180,"texture":"#0"},"west":{"uv":[5,3,10,7],"rotation":180,"texture":"#0"},"up":{"uv":[5,3,10,7],"rotation":180,"texture":"#0"},"down":{"uv":[5,3,10,7],"rotation":180,"texture":"#0"}}},{"from":[6.65165,0.91501,3.29129],"to":[9.20995,2.74237,5.05318],"rotation":{"angle":-22.5,"axis":"y","origin":[7.93422,2.43455,4.17846]},"faces":{"north":{"uv":[5,3,10,7],"rotation":180,"texture":"#0"},"east":{"uv":[5,3,10,7],"rotation":180,"texture":"#0"},"south":{"uv":[5,3,10,7],"rotation":180,"texture":"#0"},"west":{"uv":[5,3,10,7],"rotation":180,"texture":"#0"},"up":{"uv":[5,3,10,7],"rotation":180,"texture":"#0"},"down":{"uv":[5,3,10,7],"rotation":180,"texture":"#0"}}},{"from":[7.74806,2.76476,4.00353],"to":[8.11354,5.68853,4.369],"rotation":{"angle":-22.5,"axis":"y","origin":[7.93422,2.43455,4.17846]},"faces":{"north":{"uv":[15,1,16,9],"texture":"#1"},"east":{"uv":[15,1,16,9],"texture":"#1"},"south":{"uv":[15,1,16,9],"texture":"#1"},"west":{"uv":[15,1,16,9],"texture":"#1"},"up":{"uv":[15,1,16,2],"texture":"#1"},"down":{"uv":[15,1,16,9],"texture":"#1"}}},{"from":[10.32092,0.91501,3.12582],"to":[12.14828,2.74237,5.71865],"rotation":{"angle":0,"axis":"x","origin":[9.63632,1.8165,3.57407]},"faces":{"north":{"uv":[5,3,10,7],"rotation":180,"texture":"#0"},"east":{"uv":[5,3,10,7],"rotation":180,"texture":"#0"},"south":{"uv":[5,3,10,7],"rotation":180,"texture":"#0"},"west":{"uv":[5,3,10,7],"rotation":180,"texture":"#0"},"up":{"uv":[5,3,10,7],"rotation":180,"texture":"#0"},"down":{"uv":[5,3,10,7],"rotation":180,"texture":"#0"}}},{"from":[10.32092,0.54954,3.49129],"to":[12.14828,3.10784,5.25318],"rotation":{"angle":0,"axis":"x","origin":[9.63632,1.8165,3.57407]},"faces":{"north":{"uv":[5,3,10,7],"rotation":180,"texture":"#0"},"east":{"uv":[5,3,10,7],"rotation":180,"texture":"#0"},"south":{"uv":[5,3,10,7],"rotation":180,"texture":"#0"},"west":{"uv":[5,3,10,7],"rotation":180,"texture":"#0"},"up":{"uv":[5,3,10,7],"rotation":180,"texture":"#0"},"down":{"uv":[5,3,10,7],"rotation":180,"texture":"#0"}}},{"from":[9.95545,0.91501,3.49129],"to":[12.51375,2.74237,5.25318],"rotation":{"angle":0,"axis":"x","origin":[9.63632,1.8165,3.57407]},"faces":{"north":{"uv":[5,3,10,7],"rotation":180,"texture":"#0"},"east":{"uv":[5,3,10,7],"rotation":180,"texture":"#0"},"south":{"uv":[5,3,10,7],"rotation":180,"texture":"#0"},"west":{"uv":[5,3,10,7],"rotation":180,"texture":"#0"},"up":{"uv":[5,3,10,7],"rotation":180,"texture":"#0"},"down":{"uv":[5,3,10,7],"rotation":180,"texture":"#0"}}},{"from":[11.05186,2.76476,4.20353],"to":[11.41734,5.68853,4.569],"rotation":{"angle":0,"axis":"y","origin":[9.63632,2.3165,4.37407]},"faces":{"north":{"uv":[15,1,16,9],"texture":"#1"},"east":{"uv":[15,1,16,9],"texture":"#1"},"south":{"uv":[15,1,16,9],"texture":"#1"},"west":{"uv":[15,1,16,9],"texture":"#1"},"up":{"uv":[15,1,16,2],"texture":"#1"},"down":{"uv":[15,1,16,9],"texture":"#1"}}},{"from":[3.82092,0.91501,3.12582],"to":[5.64828,2.74237,5.71865],"rotation":{"angle":22.5,"axis":"y","origin":[4.73803,2.42879,4.3842]},"faces":{"north":{"uv":[5,3,10,7],"rotation":180,"texture":"#0"},"east":{"uv":[5,3,10,7],"rotation":180,"texture":"#0"},"south":{"uv":[5,3,10,7],"rotation":180,"texture":"#0"},"west":{"uv":[5,3,10,7],"rotation":180,"texture":"#0"},"up":{"uv":[5,3,10,7],"rotation":180,"texture":"#0"},"down":{"uv":[5,3,10,7],"rotation":180,"texture":"#0"}}},{"from":[3.82092,0.54954,3.49129],"to":[5.64828,3.10784,5.25318],"rotation":{"angle":22.5,"axis":"y","origin":[4.73803,2.42879,4.3842]},"faces":{"north":{"uv":[5,3,10,7],"rotation":180,"texture":"#0"},"east":{"uv":[5,3,10,7],"rotation":180,"texture":"#0"},"south":{"uv":[5,3,10,7],"rotation":180,"texture":"#0"},"west":{"uv":[5,3,10,7],"rotation":180,"texture":"#0"},"up":{"uv":[5,3,10,7],"rotation":180,"texture":"#0"},"down":{"uv":[5,3,10,7],"rotation":180,"texture":"#0"}}},{"from":[3.45545,1.01501,3.49129],"to":[6.01375,2.84237,5.25318],"rotation":{"angle":22.5,"axis":"y","origin":[4.73803,2.52879,4.3842]},"faces":{"north":{"uv":[5,3,10,7],"rotation":180,"texture":"#0"},"east":{"uv":[5,3,10,7],"rotation":180,"texture":"#0"},"south":{"uv":[5,3,10,7],"rotation":180,"texture":"#0"},"west":{"uv":[5,3,10,7],"rotation":180,"texture":"#0"},"up":{"uv":[5,3,10,7],"rotation":180,"texture":"#0"},"down":{"uv":[5,3,10,7],"rotation":180,"texture":"#0"}}},{"from":[4.55186,2.76476,4.20353],"to":[4.91734,5.68853,4.569],"rotation":{"angle":22.5,"axis":"y","origin":[4.73803,2.42879,4.3842]},"faces":{"north":{"uv":[15,1,16,9],"texture":"#1"},"east":{"uv":[15,1,16,9],"texture":"#1"},"south":{"uv":[15,1,16,9],"texture":"#1"},"west":{"uv":[15,1,16,9],"texture":"#1"},"up":{"uv":[15,1,16,2],"texture":"#1"},"down":{"uv":[15,1,16,9],"texture":"#1"}}},{"from":[7.11712,0.91501,6.73758],"to":[8.94448,2.74237,9.33041],"rotation":{"angle":0,"axis":"x","origin":[9.63632,1.8165,7.18583]},"faces":{"north":{"uv":[5,3,10,7],"rotation":180,"texture":"#0"},"east":{"uv":[5,3,10,7],"rotation":180,"texture":"#0"},"south":{"uv":[5,3,10,7],"rotation":180,"texture":"#0"},"west":{"uv":[5,3,10,7],"rotation":180,"texture":"#0"},"up":{"uv":[5,3,10,7],"rotation":180,"texture":"#0"},"down":{"uv":[5,3,10,7],"rotation":180,"texture":"#0"}}},{"from":[7.11712,0.54954,7.10305],"to":[8.94448,3.10784,8.86494],"rotation":{"angle":0,"axis":"x","origin":[9.63632,1.8165,7.18583]},"faces":{"north":{"uv":[5,3,10,7],"rotation":180,"texture":"#0"},"east":{"uv":[5,3,10,7],"rotation":180,"texture":"#0"},"south":{"uv":[5,3,10,7],"rotation":180,"texture":"#0"},"west":{"uv":[5,3,10,7],"rotation":180,"texture":"#0"},"up":{"uv":[5,3,10,7],"rotation":180,"texture":"#0"},"down":{"uv":[5,3,10,7],"rotation":180,"texture":"#0"}}},{"from":[6.75165,0.91501,7.10305],"to":[9.30995,2.74237,8.86494],"rotation":{"angle":0,"axis":"x","origin":[9.63632,1.8165,7.18583]},"faces":{"north":{"uv":[5,3,10,7],"rotation":180,"texture":"#0"},"east":{"uv":[5,3,10,7],"rotation":180,"texture":"#0"},"south":{"uv":[5,3,10,7],"rotation":180,"texture":"#0"},"west":{"uv":[5,3,10,7],"rotation":180,"texture":"#0"},"up":{"uv":[5,3,10,7],"rotation":180,"texture":"#0"},"down":{"uv":[5,3,10,7],"rotation":180,"texture":"#0"}}},{"from":[7.84806,2.76476,7.81529],"to":[8.21354,5.68853,8.18076],"rotation":{"angle":0,"axis":"y","origin":[9.63632,2.3165,7.98583]},"faces":{"north":{"uv":[15,1,16,9],"texture":"#1"},"east":{"uv":[15,1,16,9],"texture":"#1"},"south":{"uv":[15,1,16,9],"texture":"#1"},"west":{"uv":[15,1,16,9],"texture":"#1"},"up":{"uv":[15,1,16,2],"texture":"#1"},"down":{"uv":[15,1,16,9],"texture":"#1"}}},{"from":[10.32092,0.91501,6.73758],"to":[12.14828,2.74237,9.33041],"rotation":{"angle":22.5,"axis":"y","origin":[11.24431,2.43385,7.98462]},"faces":{"north":{"uv":[5,3,10,7],"rotation":180,"texture":"#0"},"east":{"uv":[5,3,10,7],"rotation":180,"texture":"#0"},"south":{"uv":[5,3,10,7],"rotation":180,"texture":"#0"},"west":{"uv":[5,3,10,7],"rotation":180,"texture":"#0"},"up":{"uv":[5,3,10,7],"rotation":180,"texture":"#0"},"down":{"uv":[5,3,10,7],"rotation":180,"texture":"#0"}}},{"from":[10.32092,0.54954,7.10305],"to":[12.14828,3.10784,8.86494],"rotation":{"angle":22.5,"axis":"y","origin":[11.24431,2.43385,7.98462]},"faces":{"north":{"uv":[5,3,10,7],"rotation":180,"texture":"#0"},"east":{"uv":[5,3,10,7],"rotation":180,"texture":"#0"},"south":{"uv":[5,3,10,7],"rotation":180,"texture":"#0"},"west":{"uv":[5,3,10,7],"rotation":180,"texture":"#0"},"up":{"uv":[5,3,10,7],"rotation":180,"texture":"#0"},"down":{"uv":[5,3,10,7],"rotation":180,"texture":"#0"}}},{"from":[9.95545,0.91501,7.10305],"to":[12.51375,2.74237,8.86494],"rotation":{"angle":22.5,"axis":"y","origin":[11.24431,2.43385,7.98462]},"faces":{"north":{"uv":[5,3,10,7],"rotation":180,"texture":"#0"},"east":{"uv":[5,3,10,7],"rotation":180,"texture":"#0"},"south":{"uv":[5,3,10,7],"rotation":180,"texture":"#0"},"west":{"uv":[5,3,10,7],"rotation":180,"texture":"#0"},"up":{"uv":[5,3,10,7],"rotation":180,"texture":"#0"},"down":{"uv":[5,3,10,7],"rotation":180,"texture":"#0"}}},{"from":[11.05186,2.76476,7.81529],"to":[11.41734,5.68853,8.18076],"rotation":{"angle":22.5,"axis":"y","origin":[11.24431,2.43385,7.98462]},"faces":{"north":{"uv":[15,1,16,9],"texture":"#1"},"east":{"uv":[15,1,16,9],"texture":"#1"},"south":{"uv":[15,1,16,9],"texture":"#1"},"west":{"uv":[15,1,16,9],"texture":"#1"},"up":{"uv":[15,1,16,2],"texture":"#1"},"down":{"uv":[15,1,16,9],"texture":"#1"}}},{"from":[3.82092,0.91501,6.73758],"to":[5.64828,2.74237,9.33041],"rotation":{"angle":0,"axis":"x","origin":[3.13632,1.8165,7.18583]},"faces":{"north":{"uv":[5,3,10,7],"rotation":180,"texture":"#0"},"east":{"uv":[5,3,10,7],"rotation":180,"texture":"#0"},"south":{"uv":[5,3,10,7],"rotation":180,"texture":"#0"},"west":{"uv":[5,3,10,7],"rotation":180,"texture":"#0"},"up":{"uv":[5,3,10,7],"rotation":180,"texture":"#0"},"down":{"uv":[5,3,10,7],"rotation":180,"texture":"#0"}}},{"from":[3.82092,0.54954,7.10305],"to":[5.64828,3.10784,8.86494],"rotation":{"angle":0,"axis":"x","origin":[3.13632,1.8165,7.18583]},"faces":{"north":{"uv":[5,3,10,7],"rotation":180,"texture":"#0"},"east":{"uv":[5,3,10,7],"rotation":180,"texture":"#0"},"south":{"uv":[5,3,10,7],"rotation":180,"texture":"#0"},"west":{"uv":[5,3,10,7],"rotation":180,"texture":"#0"},"up":{"uv":[5,3,10,7],"rotation":180,"texture":"#0"},"down":{"uv":[5,3,10,7],"rotation":180,"texture":"#0"}}},{"from":[3.45545,0.91501,7.10305],"to":[6.01375,2.74237,8.86494],"rotation":{"angle":0,"axis":"x","origin":[3.13632,1.8165,7.18583]},"faces":{"north":{"uv":[5,3,10,7],"rotation":180,"texture":"#0"},"east":{"uv":[5,3,10,7],"rotation":180,"texture":"#0"},"south":{"uv":[5,3,10,7],"rotation":180,"texture":"#0"},"west":{"uv":[5,3,10,7],"rotation":180,"texture":"#0"},"up":{"uv":[5,3,10,7],"rotation":180,"texture":"#0"},"down":{"uv":[5,3,10,7],"rotation":180,"texture":"#0"}}},{"from":[4.55186,2.76476,7.81529],"to":[4.91734,5.68853,8.18076],"rotation":{"angle":0,"axis":"y","origin":[3.13632,2.3165,7.98583]},"faces":{"north":{"uv":[15,1,16,9],"texture":"#1"},"east":{"uv":[15,1,16,9],"texture":"#1"},"south":{"uv":[15,1,16,9],"texture":"#1"},"west":{"uv":[15,1,16,9],"texture":"#1"},"up":{"uv":[15,1,16,2],"texture":"#1"},"down":{"uv":[15,1,16,9],"texture":"#1"}}},{"from":[7.11712,0.91501,10.28758],"to":[8.94448,2.74237,12.88041],"rotation":{"angle":22.5,"axis":"y","origin":[8.04672,2.42205,11.54019]},"faces":{"north":{"uv":[5,3,10,7],"rotation":180,"texture":"#0"},"east":{"uv":[5,3,10,7],"rotation":180,"texture":"#0"},"south":{"uv":[5,3,10,7],"rotation":180,"texture":"#0"},"west":{"uv":[5,3,10,7],"rotation":180,"texture":"#0"},"up":{"uv":[5,3,10,7],"rotation":180,"texture":"#0"},"down":{"uv":[5,3,10,7],"rotation":180,"texture":"#0"}}},{"from":[7.11712,0.54954,10.65305],"to":[8.94448,3.10784,12.41494],"rotation":{"angle":22.5,"axis":"y","origin":[8.04672,2.42205,11.54019]},"faces":{"north":{"uv":[5,3,10,7],"rotation":180,"texture":"#0"},"east":{"uv":[5,3,10,7],"rotation":180,"texture":"#0"},"south":{"uv":[5,3,10,7],"rotation":180,"texture":"#0"},"west":{"uv":[5,3,10,7],"rotation":180,"texture":"#0"},"up":{"uv":[5,3,10,7],"rotation":180,"texture":"#0"},"down":{"uv":[5,3,10,7],"rotation":180,"texture":"#0"}}},{"from":[6.75165,0.91501,10.65305],"to":[9.30995,2.74237,12.41494],"rotation":{"angle":22.5,"axis":"y","origin":[8.04672,2.42205,11.54019]},"faces":{"north":{"uv":[5,3,10,7],"rotation":180,"texture":"#0"},"east":{"uv":[5,3,10,7],"rotation":180,"texture":"#0"},"south":{"uv":[5,3,10,7],"rotation":180,"texture":"#0"},"west":{"uv":[5,3,10,7],"rotation":180,"texture":"#0"},"up":{"uv":[5,3,10,7],"rotation":180,"texture":"#0"},"down":{"uv":[5,3,10,7],"rotation":180,"texture":"#0"}}},{"from":[7.84806,2.76476,11.36529],"to":[8.21354,5.68853,11.73076],"rotation":{"angle":22.5,"axis":"y","origin":[8.04672,2.42205,11.54019]},"faces":{"north":{"uv":[15,1,16,9],"texture":"#1"},"east":{"uv":[15,1,16,9],"texture":"#1"},"south":{"uv":[15,1,16,9],"texture":"#1"},"west":{"uv":[15,1,16,9],"texture":"#1"},"up":{"uv":[15,1,16,2],"texture":"#1"},"down":{"uv":[15,1,16,9],"texture":"#1"}}},{"from":[10.32092,0.91501,10.28758],"to":[12.14828,2.74237,12.88041],"rotation":{"angle":-22.5,"axis":"y","origin":[11.25051,2.42766,11.53461]},"faces":{"north":{"uv":[5,3,10,7],"rotation":180,"texture":"#0"},"east":{"uv":[5,3,10,7],"rotation":180,"texture":"#0"},"south":{"uv":[5,3,10,7],"rotation":180,"texture":"#0"},"west":{"uv":[5,3,10,7],"rotation":180,"texture":"#0"},"up":{"uv":[5,3,10,7],"rotation":180,"texture":"#0"},"down":{"uv":[5,3,10,7],"rotation":180,"texture":"#0"}}},{"from":[10.32092,0.54954,10.65305],"to":[12.14828,3.10784,12.41494],"rotation":{"angle":-22.5,"axis":"y","origin":[11.25051,2.42766,11.53461]},"faces":{"north":{"uv":[5,3,10,7],"rotation":180,"texture":"#0"},"east":{"uv":[5,3,10,7],"rotation":180,"texture":"#0"},"south":{"uv":[5,3,10,7],"rotation":180,"texture":"#0"},"west":{"uv":[5,3,10,7],"rotation":180,"texture":"#0"},"up":{"uv":[5,3,10,7],"rotation":180,"texture":"#0"},"down":{"uv":[5,3,10,7],"rotation":180,"texture":"#0"}}},{"from":[9.95545,0.91501,10.65305],"to":[12.51375,2.74237,12.41494],"rotation":{"angle":-22.5,"axis":"y","origin":[11.25051,2.42766,11.53461]},"faces":{"north":{"uv":[5,3,10,7],"rotation":180,"texture":"#0"},"east":{"uv":[5,3,10,7],"rotation":180,"texture":"#0"},"south":{"uv":[5,3,10,7],"rotation":180,"texture":"#0"},"west":{"uv":[5,3,10,7],"rotation":180,"texture":"#0"},"up":{"uv":[5,3,10,7],"rotation":180,"texture":"#0"},"down":{"uv":[5,3,10,7],"rotation":180,"texture":"#0"}}},{"from":[11.05186,2.76476,11.36529],"to":[11.41734,5.68853,11.73076],"rotation":{"angle":-22.5,"axis":"y","origin":[11.25051,2.42766,11.53461]},"faces":{"north":{"uv":[15,1,16,9],"texture":"#1"},"east":{"uv":[15,1,16,9],"texture":"#1"},"south":{"uv":[15,1,16,9],"texture":"#1"},"west":{"uv":[15,1,16,9],"texture":"#1"},"up":{"uv":[15,1,16,2],"texture":"#1"},"down":{"uv":[15,1,16,9],"texture":"#1"}}},{"from":[3.82092,0.91501,10.28758],"to":[5.64828,2.74237,12.88041],"rotation":{"angle":-45,"axis":"y","origin":[4.75053,2.41629,11.54594]},"faces":{"north":{"uv":[5,3,10,7],"rotation":180,"texture":"#0"},"east":{"uv":[5,3,10,7],"rotation":180,"texture":"#0"},"south":{"uv":[5,3,10,7],"rotation":180,"texture":"#0"},"west":{"uv":[5,3,10,7],"rotation":180,"texture":"#0"},"up":{"uv":[5,3,10,7],"rotation":180,"texture":"#0"},"down":{"uv":[5,3,10,7],"rotation":180,"texture":"#0"}}},{"from":[3.82092,0.54954,10.65305],"to":[5.64828,3.10784,12.41494],"rotation":{"angle":-45,"axis":"y","origin":[4.75053,2.41629,11.54594]},"faces":{"north":{"uv":[5,3,10,7],"rotation":180,"texture":"#0"},"east":{"uv":[5,3,10,7],"rotation":180,"texture":"#0"},"south":{"uv":[5,3,10,7],"rotation":180,"texture":"#0"},"west":{"uv":[5,3,10,7],"rotation":180,"texture":"#0"},"up":{"uv":[5,3,10,7],"rotation":180,"texture":"#0"},"down":{"uv":[5,3,10,7],"rotation":180,"texture":"#0"}}},{"from":[3.45545,0.91501,10.65305],"to":[6.01375,2.74237,12.41494],"rotation":{"angle":-45,"axis":"y","origin":[4.75053,2.41629,11.54594]},"faces":{"north":{"uv":[5,3,10,7],"rotation":180,"texture":"#0"},"east":{"uv":[5,3,10,7],"rotation":180,"texture":"#0"},"south":{"uv":[5,3,10,7],"rotation":180,"texture":"#0"},"west":{"uv":[5,3,10,7],"rotation":180,"texture":"#0"},"up":{"uv":[5,3,10,7],"rotation":180,"texture":"#0"},"down":{"uv":[5,3,10,7],"rotation":180,"texture":"#0"}}},{"from":[4.55186,2.76476,11.36529],"to":[4.91734,5.68853,11.73076],"rotation":{"angle":-45,"axis":"y","origin":[4.75053,2.41629,11.54594]},"faces":{"north":{"uv":[15,1,16,9],"texture":"#1"},"east":{"uv":[15,1,16,9],"texture":"#1"},"south":{"uv":[15,1,16,9],"texture":"#1"},"west":{"uv":[15,1,16,9],"texture":"#1"},"up":{"uv":[15,1,16,2],"texture":"#1"},"down":{"uv":[15,1,16,9],"texture":"#1"}}}],"display":{"thirdperson_righthand":{"rotation":[75,45,0],"translation":[0,4.5,3.25],"scale":[0.66992,0.66992,0.66992]},"thirdperson_lefthand":{"rotation":[75,45,0],"translation":[0,4.5,3.25],"scale":[0.66992,0.66992,0.66992]},"firstperson_righthand":{"rotation":[5.25,30.75,3],"translation":[0,5.75,1],"scale":[0.53906,0.53906,0.53906]},"firstperson_lefthand":{"rotation":[5.25,30.75,3],"translation":[0,5.75,1],"scale":[0.53906,0.53906,0.53906]},"ground":{"translation":[0,4.25,0],"scale":[0.5,0.5,0.5]},"gui":{"rotation":[30,225,0],"translation":[0,4,0],"scale":[0.89648,0.89648,0.89648]},"head":{"translation":[0,-35.25,0]},"fixed":{"rotation":[-90,0,0],"translation":[0,0,-9.5],"scale":[1.25,1.25,1.25]}},"groups":[{"name":"Rim","origin":[3.07612,0.75,13.91021],"children":[0,1,2,3,4,5,6,7]},{"name":"Bottom","origin":[12,0.75,2.70711],"children":[8,9,10,11,12,13]},{"name":"group","origin":[8,8,8],"children":[{"name":"Apple","origin":[8,8,8],"children":[14,15,16,17]},{"name":"Apple","origin":[8,8,8],"children":[18,19,20,21]},{"name":"Apple","origin":[8,8,8],"children":[22,23,24,25]}]},{"name":"group","origin":[8,8,8],"children":[{"name":"Apple","origin":[8,8,8],"children":[26,27,28,29]},{"name":"Apple","origin":[8,8,8],"children":[30,31,32,33]},{"name":"Apple","origin":[8,8,8],"children":[34,35,36,37]}]},{"name":"group","origin":[8,8,8],"children":[{"name":"Apple","origin":[8,8,8],"children":[38,39,40,41]},{"name":"Apple","origin":[8,8,8],"children":[42,43,44,45]},{"name":"Apple","origin":[8,8,8],"children":[46,47,48,49]}]}]}