{"credit":"Made by spike5032","textures":{"0":"block/red_concrete","1":"block/anvil","2":"block/bone_block_side","3":"block/campfire_fire","particle":"block/red_concrete"},"elements":[{"from":[13.34125,15.07103,7.62588],"to":[14.06725,16.01703,8.35188],"rotation":{"angle":0,"axis":"y","origin":[6.52271,5.12082,7.96221]},"faces":{"north":{"uv":[0,0,16,16],"texture":"#1"},"east":{"uv":[0,0,16,16],"texture":"#1"},"south":{"uv":[0,0,16,16],"texture":"#1"},"west":{"uv":[0,0,16,16],"texture":"#1"},"up":{"uv":[0,0,16,16],"texture":"#1"},"down":{"uv":[0,0,16,16],"texture":"#1"}}},{"from":[12.51625,16.00603,6.80088],"to":[14.89225,16.67703,9.17688],"rotation":{"angle":0,"axis":"y","origin":[6.52271,6.05582,7.96221]},"faces":{"north":{"uv":[0,0,16,16],"texture":"#1"},"east":{"uv":[0,0,16,16],"texture":"#1"},"south":{"uv":[0,0,16,16],"texture":"#1"},"west":{"uv":[0,0,16,16],"texture":"#1"},"up":{"uv":[0,0,16,16],"texture":"#1"},"down":{"uv":[0,0,16,16],"texture":"#1"}}},{"from":[12.90125,16.66603,7.18588],"to":[14.50725,19.53703,8.79188],"rotation":{"angle":0,"axis":"y","origin":[6.52271,6.71582,7.96221]},"faces":{"north":{"uv":[0,0,16,16],"rotation":180,"texture":"#2"},"east":{"uv":[0,0,16,16],"rotation":180,"texture":"#2"},"south":{"uv":[0,0,16,16],"rotation":180,"texture":"#2"},"west":{"uv":[0,0,16,16],"rotation":180,"texture":"#2"},"up":{"uv":[0,0,16,16],"rotation":180,"texture":"#2"},"down":{"uv":[0,0,16,16],"rotation":180,"texture":"#2"}}},{"from":[13.73734,18.7127,6.85531],"to":[14.12234,19.5377,7.18531],"rotation":{"angle":0,"axis":"y","origin":[6.13781,6.33149,7.96164]},"faces":{"north":{"uv":[0,0,16,16],"texture":"#2"},"east":{"uv":[0,0,16,16],"texture":"#2"},"south":{"uv":[0,0,16,16],"texture":"#2"},"west":{"uv":[0,0,16,16],"texture":"#2"},"up":{"uv":[0,0,16,16],"texture":"#2"},"down":{"uv":[0,0,16,16],"texture":"#2"}}},{"from":[14.12234,19.15203,6.85598],"to":[14.50734,19.53703,7.18598],"rotation":{"angle":0,"axis":"y","origin":[6.52281,6.33082,7.96231]},"faces":{"north":{"uv":[0,0,16,16],"texture":"#2"},"east":{"uv":[0,0,16,16],"texture":"#2"},"south":{"uv":[0,0,16,16],"texture":"#2"},"west":{"uv":[0,0,16,16],"texture":"#2"},"up":{"uv":[0,0,16,16],"texture":"#2"},"down":{"uv":[0,0,16,16],"texture":"#2"}}},{"from":[12.90125,19.15224,6.85567],"to":[13.28625,19.53724,7.18567],"rotation":{"angle":0,"axis":"y","origin":[5.30171,6.33103,7.962]},"faces":{"north":{"uv":[0,0,16,16],"texture":"#2"},"east":{"uv":[0,0,16,16],"texture":"#2"},"south":{"uv":[0,0,16,16],"texture":"#2"},"west":{"uv":[0,0,16,16],"texture":"#2"},"up":{"uv":[0,0,16,16],"texture":"#2"},"down":{"uv":[0,0,16,16],"texture":"#2"}}},{"from":[12.90125,19.53703,6.85588],"to":[14.50725,19.92203,7.18588],"rotation":{"angle":0,"axis":"y","origin":[6.52271,6.71582,7.96221]},"faces":{"north":{"uv":[0,0,16,16],"texture":"#2"},"east":{"uv":[0,0,16,16],"texture":"#2"},"south":{"uv":[0,0,16,16],"texture":"#2"},"west":{"uv":[0,0,16,16],"texture":"#2"},"up":{"uv":[0,0,16,16],"texture":"#2"},"down":{"uv":[0,0,16,16],"texture":"#2"}}},{"from":[14.50557,19.53379,7.18744],"to":[14.83557,19.91879,8.79344],"rotation":{"angle":0,"axis":"y","origin":[14.63005,19.71869,8.02337]},"faces":{"north":{"uv":[0,0,16,16],"texture":"#2"},"east":{"uv":[0,0,16,16],"texture":"#2"},"south":{"uv":[0,0,16,16],"texture":"#2"},"west":{"uv":[0,0,16,16],"texture":"#2"},"up":{"uv":[0,0,16,16],"texture":"#2"},"down":{"uv":[0,0,16,16],"texture":"#2"}}},{"from":[14.50594,18.70925,8.02354],"to":[14.83594,19.53425,8.40854],"rotation":{"angle":0,"axis":"y","origin":[14.63074,19.26031,8.09781]},"faces":{"north":{"uv":[0,0,16,16],"texture":"#2"},"east":{"uv":[0,0,16,16],"texture":"#2"},"south":{"uv":[0,0,16,16],"texture":"#2"},"west":{"uv":[0,0,16,16],"texture":"#2"},"up":{"uv":[0,0,16,16],"texture":"#2"},"down":{"uv":[0,0,16,16],"texture":"#2"}}},{"from":[14.50558,18.37879,7.18745],"to":[14.83558,19.53379,7.57245],"rotation":{"angle":0,"axis":"y","origin":[14.63074,19.26031,8.09781]},"faces":{"north":{"uv":[0,0,16,16],"texture":"#2"},"east":{"uv":[0,0,16,16],"texture":"#2"},"south":{"uv":[0,0,16,16],"texture":"#2"},"west":{"uv":[0,0,16,16],"texture":"#2"},"up":{"uv":[0,0,16,16],"texture":"#2"},"down":{"uv":[0,0,16,16],"texture":"#2"}}},{"from":[14.50527,19.14858,8.40854],"to":[14.83527,19.53358,8.79354],"rotation":{"angle":0,"axis":"y","origin":[14.63074,19.26031,8.09781]},"faces":{"north":{"uv":[0,0,16,16],"texture":"#2"},"east":{"uv":[0,0,16,16],"texture":"#2"},"south":{"uv":[0,0,16,16],"texture":"#2"},"west":{"uv":[0,0,16,16],"texture":"#2"},"up":{"uv":[0,0,16,16],"texture":"#2"},"down":{"uv":[0,0,16,16],"texture":"#2"}}},{"from":[14.1196,19.14983,8.79186],"to":[14.5046,19.53483,9.12186],"rotation":{"angle":0,"axis":"y","origin":[13.1497,19.19377,8.39385]},"faces":{"north":{"uv":[0,0,16,16],"texture":"#2"},"east":{"uv":[0,0,16,16],"texture":"#2"},"south":{"uv":[0,0,16,16],"texture":"#2"},"west":{"uv":[0,0,16,16],"texture":"#2"},"up":{"uv":[0,0,16,16],"texture":"#2"},"down":{"uv":[0,0,16,16],"texture":"#2"}}},{"from":[12.89802,19.53405,8.79163],"to":[14.50402,19.91905,9.12163],"rotation":{"angle":0,"axis":"y","origin":[13.18578,19.71564,8.43049]},"faces":{"north":{"uv":[0,0,16,16],"texture":"#2"},"east":{"uv":[0,0,16,16],"texture":"#2"},"south":{"uv":[0,0,16,16],"texture":"#2"},"west":{"uv":[0,0,16,16],"texture":"#2"},"up":{"uv":[0,0,16,16],"texture":"#2"},"down":{"uv":[0,0,16,16],"texture":"#2"}}},{"from":[13.2835,18.71029,8.79222],"to":[13.6685,19.53529,9.12222],"rotation":{"angle":0,"axis":"y","origin":[13.1497,19.19377,8.39385]},"faces":{"north":{"uv":[0,0,16,16],"texture":"#2"},"east":{"uv":[0,0,16,16],"texture":"#2"},"south":{"uv":[0,0,16,16],"texture":"#2"},"west":{"uv":[0,0,16,16],"texture":"#2"},"up":{"uv":[0,0,16,16],"texture":"#2"},"down":{"uv":[0,0,16,16],"texture":"#2"}}},{"from":[12.8985,19.14962,8.79155],"to":[13.2835,19.53462,9.12155],"rotation":{"angle":0,"axis":"y","origin":[13.1497,19.19377,8.39385]},"faces":{"north":{"uv":[0,0,16,16],"texture":"#2"},"east":{"uv":[0,0,16,16],"texture":"#2"},"south":{"uv":[0,0,16,16],"texture":"#2"},"west":{"uv":[0,0,16,16],"texture":"#2"},"up":{"uv":[0,0,16,16],"texture":"#2"},"down":{"uv":[0,0,16,16],"texture":"#2"}}},{"from":[12.57027,18.37638,8.40508],"to":[12.90027,19.53138,8.79008],"rotation":{"angle":0,"axis":"y","origin":[13.1497,19.19377,8.39385]},"faces":{"north":{"uv":[0,0,16,16],"texture":"#2"},"east":{"uv":[0,0,16,16],"texture":"#2"},"south":{"uv":[0,0,16,16],"texture":"#2"},"west":{"uv":[0,0,16,16],"texture":"#2"},"up":{"uv":[0,0,16,16],"texture":"#2"},"down":{"uv":[0,0,16,16],"texture":"#2"}}},{"from":[12.5697,19.53081,7.18407],"to":[12.8997,19.91581,8.79007],"rotation":{"angle":0,"axis":"y","origin":[13.18578,19.71564,8.43049]},"faces":{"north":{"uv":[0,0,16,16],"texture":"#2"},"east":{"uv":[0,0,16,16],"texture":"#2"},"south":{"uv":[0,0,16,16],"texture":"#2"},"west":{"uv":[0,0,16,16],"texture":"#2"},"up":{"uv":[0,0,16,16],"texture":"#2"},"down":{"uv":[0,0,16,16],"texture":"#2"}}},{"from":[12.56991,18.70684,7.56898],"to":[12.89991,19.53184,7.95398],"rotation":{"angle":0,"axis":"y","origin":[13.1497,19.19377,8.39385]},"faces":{"north":{"uv":[0,0,16,16],"texture":"#2"},"east":{"uv":[0,0,16,16],"texture":"#2"},"south":{"uv":[0,0,16,16],"texture":"#2"},"west":{"uv":[0,0,16,16],"texture":"#2"},"up":{"uv":[0,0,16,16],"texture":"#2"},"down":{"uv":[0,0,16,16],"texture":"#2"}}},{"from":[12.57058,19.14617,7.18398],"to":[12.90058,19.53117,7.56898],"rotation":{"angle":0,"axis":"y","origin":[13.1497,19.19377,8.39385]},"faces":{"north":{"uv":[0,0,16,16],"texture":"#2"},"east":{"uv":[0,0,16,16],"texture":"#2"},"south":{"uv":[0,0,16,16],"texture":"#2"},"west":{"uv":[0,0,16,16],"texture":"#2"},"up":{"uv":[0,0,16,16],"texture":"#2"},"down":{"uv":[0,0,16,16],"texture":"#2"}}},{"from":[15.2647,7.10783,7.518],"to":[17.5472,8.05383,8.464],"rotation":{"angle":45,"axis":"z","origin":[6.74271,4.21332,7.96221]},"faces":{"north":{"uv":[0,0,16,16],"texture":"#1"},"east":{"uv":[0,0,16,16],"texture":"#1"},"south":{"uv":[0,0,16,16],"texture":"#1"},"west":{"uv":[0,0,16,16],"texture":"#1"},"up":{"uv":[0,0,16,16],"texture":"#1"},"down":{"uv":[0,0,16,16],"texture":"#1"}}},{"from":[15.25472,10.94862,7.51672],"to":[16.67372,11.89462,8.46272],"rotation":{"angle":22.5,"axis":"z","origin":[6.74271,4.21332,7.96221]},"faces":{"north":{"uv":[0,0,16,16],"texture":"#1"},"east":{"uv":[0,0,16,16],"texture":"#1"},"south":{"uv":[0,0,16,16],"texture":"#1"},"west":{"uv":[0,0,16,16],"texture":"#1"},"up":{"uv":[0,0,16,16],"texture":"#1"},"down":{"uv":[0,0,16,16],"texture":"#1"}}},{"from":[12.97825,14.16353,7.51588],"to":[14.39725,15.10953,8.46188],"rotation":{"angle":0,"axis":"y","origin":[6.74271,4.21332,7.96221]},"faces":{"north":{"uv":[0,0,16,16],"texture":"#1"},"east":{"uv":[0,0,16,16],"texture":"#1"},"south":{"uv":[0,0,16,16],"texture":"#1"},"west":{"uv":[0,0,16,16],"texture":"#1"},"up":{"uv":[0,0,16,16],"texture":"#1"},"down":{"uv":[0,0,16,16],"texture":"#1"}}},{"from":[9.63935,16.26426,7.52345],"to":[10.58535,17.21026,8.46945],"rotation":{"angle":-22.5,"axis":"z","origin":[6.74271,4.21332,7.96221]},"faces":{"north":{"uv":[0,0,16,16],"texture":"#1"},"east":{"uv":[0,0,16,16],"texture":"#1"},"south":{"uv":[0,0,16,16],"texture":"#1"},"west":{"uv":[0,0,16,16],"texture":"#1"},"up":{"uv":[0,0,16,16],"texture":"#1"},"down":{"uv":[0,0,16,16],"texture":"#1"}}},{"from":[5.31887,16.74672,7.52526],"to":[6.26487,17.69272,8.47126],"rotation":{"angle":-45,"axis":"z","origin":[6.74271,4.21332,7.96221]},"faces":{"north":{"uv":[0,0,16,16],"texture":"#1"},"east":{"uv":[0,0,16,16],"texture":"#1"},"south":{"uv":[0,0,16,16],"texture":"#1"},"west":{"uv":[0,0,16,16],"texture":"#1"},"up":{"uv":[0,0,16,16],"texture":"#1"},"down":{"uv":[0,0,16,16],"texture":"#1"}}},{"from":[18.06847,8.86739,7.52707],"to":[19.01447,9.81339,8.47307],"rotation":{"angle":22.5,"axis":"z","origin":[6.74271,4.21332,7.96221]},"faces":{"north":{"uv":[0,0,16,16],"rotation":270,"texture":"#1"},"east":{"uv":[0,0,16,16],"rotation":270,"texture":"#1"},"south":{"uv":[0,0,16,16],"rotation":270,"texture":"#1"},"west":{"uv":[0,0,16,16],"rotation":270,"texture":"#1"},"up":{"uv":[0,0,16,16],"rotation":270,"texture":"#1"},"down":{"uv":[0,0,16,16],"rotation":270,"texture":"#1"}}},{"from":[15.35458,12.26358,7.52861],"to":[16.30058,13.20958,8.47461],"rotation":{"angle":0,"axis":"y","origin":[6.74271,4.21332,7.96221]},"faces":{"north":{"uv":[0,0,16,16],"rotation":270,"texture":"#1"},"east":{"uv":[0,0,16,16],"rotation":270,"texture":"#1"},"south":{"uv":[0,0,16,16],"rotation":270,"texture":"#1"},"west":{"uv":[0,0,16,16],"rotation":270,"texture":"#1"},"up":{"uv":[0,0,16,16],"rotation":270,"texture":"#1"},"down":{"uv":[0,0,16,16],"rotation":270,"texture":"#1"}}},{"from":[11.54761,14.36269,7.52964],"to":[12.49361,15.30869,8.47564],"rotation":{"angle":-22.5,"axis":"z","origin":[6.74271,4.21332,7.96221]},"faces":{"north":{"uv":[0,0,16,16],"rotation":270,"texture":"#1"},"east":{"uv":[0,0,16,16],"rotation":270,"texture":"#1"},"south":{"uv":[0,0,16,16],"rotation":270,"texture":"#1"},"west":{"uv":[0,0,16,16],"rotation":270,"texture":"#1"},"up":{"uv":[0,0,16,16],"rotation":270,"texture":"#1"},"down":{"uv":[0,0,16,16],"rotation":270,"texture":"#1"}}},{"from":[7.22714,15.09515,7.53001],"to":[8.17314,15.79115,8.47601],"rotation":{"angle":-45,"axis":"z","origin":[6.74271,4.21332,7.96221]},"faces":{"north":{"uv":[0,0,16,16],"rotation":270,"texture":"#1"},"east":{"uv":[0,0,16,16],"rotation":270,"texture":"#1"},"south":{"uv":[0,0,16,16],"rotation":270,"texture":"#1"},"west":{"uv":[0,0,16,16],"rotation":270,"texture":"#1"},"up":{"uv":[0,0,16,16],"rotation":270,"texture":"#1"},"down":{"uv":[0,0,16,16],"rotation":270,"texture":"#1"}}},{"from":[14.60441,10.7295,7.52879],"to":[15.30041,11.6755,8.47479],"rotation":{"angle":22.5,"axis":"z","origin":[14.95281,11.1851,8.02638]},"faces":{"north":{"uv":[0,0,16,16],"texture":"#1"},"east":{"uv":[0,0,16,16],"texture":"#1"},"south":{"uv":[0,0,16,16],"texture":"#1"},"west":{"uv":[0,0,16,16],"texture":"#1"},"up":{"uv":[0,0,16,16],"texture":"#1"},"down":{"uv":[0,0,16,16],"texture":"#1"}}},{"from":[14.10911,10.63172,7.52775],"to":[14.80511,11.57772,8.47375],"rotation":{"angle":0,"axis":"y","origin":[14.45751,11.08732,8.02534]},"faces":{"north":{"uv":[0,0,16,16],"texture":"#1"},"east":{"uv":[0,0,16,16],"texture":"#1"},"south":{"uv":[0,0,16,16],"texture":"#1"},"west":{"uv":[0,0,16,16],"texture":"#1"},"up":{"uv":[0,0,16,16],"texture":"#1"},"down":{"uv":[0,0,16,16],"texture":"#1"}}},{"from":[13.61409,10.73093,7.52706],"to":[14.31009,11.67693,8.47306],"rotation":{"angle":-22.5,"axis":"z","origin":[13.96249,11.18653,8.02465]},"faces":{"north":{"uv":[0,0,16,16],"texture":"#1"},"east":{"uv":[0,0,16,16],"texture":"#1"},"south":{"uv":[0,0,16,16],"texture":"#1"},"west":{"uv":[0,0,16,16],"texture":"#1"},"up":{"uv":[0,0,16,16],"texture":"#1"},"down":{"uv":[0,0,16,16],"texture":"#1"}}},{"from":[13.19472,11.01202,7.52682],"to":[13.89072,11.95802,8.47282],"rotation":{"angle":-45,"axis":"z","origin":[13.54312,11.46762,8.02441]},"faces":{"north":{"uv":[0,0,16,16],"texture":"#1"},"east":{"uv":[0,0,16,16],"texture":"#1"},"south":{"uv":[0,0,16,16],"texture":"#1"},"west":{"uv":[0,0,16,16],"texture":"#1"},"up":{"uv":[0,0,16,16],"texture":"#1"},"down":{"uv":[0,0,16,16],"texture":"#1"}}},{"from":[12.90764,11.5402,7.62707],"to":[13.65364,12.0362,8.37307],"rotation":{"angle":22.5,"axis":"z","origin":[13.26324,11.8878,8.02465]},"faces":{"north":{"uv":[0,0,16,16],"rotation":90,"texture":"#1"},"east":{"uv":[0,0,16,16],"rotation":90,"texture":"#1"},"south":{"uv":[0,0,16,16],"rotation":90,"texture":"#1"},"west":{"uv":[0,0,16,16],"rotation":90,"texture":"#1"},"up":{"uv":[0,0,16,16],"rotation":90,"texture":"#1"},"down":{"uv":[0,0,16,16],"rotation":90,"texture":"#1"}}},{"from":[13.00764,12.0362,7.72707],"to":[13.55364,12.3362,8.27307],"rotation":{"angle":22.5,"axis":"z","origin":[13.26324,11.8878,8.02465]},"faces":{"north":{"uv":[0,0,16,16],"rotation":90,"texture":"#1"},"east":{"uv":[0,0,16,16],"rotation":90,"texture":"#1"},"south":{"uv":[0,0,16,16],"rotation":90,"texture":"#1"},"west":{"uv":[0,0,16,16],"rotation":90,"texture":"#1"},"up":{"uv":[0,0,16,16],"rotation":90,"texture":"#1"},"down":{"uv":[0,0,16,16],"rotation":90,"texture":"#1"}}},{"from":[1.93275,15.07103,7.62588],"to":[2.65875,16.01703,8.35188],"rotation":{"angle":0,"axis":"y","origin":[9.47729,5.12082,7.96221]},"faces":{"north":{"uv":[0,0,16,16],"texture":"#1"},"east":{"uv":[0,0,16,16],"texture":"#1"},"south":{"uv":[0,0,16,16],"texture":"#1"},"west":{"uv":[0,0,16,16],"texture":"#1"},"up":{"uv":[0,0,16,16],"texture":"#1"},"down":{"uv":[0,0,16,16],"texture":"#1"}}},{"from":[1.10775,16.00603,6.80088],"to":[3.48375,16.67703,9.17688],"rotation":{"angle":0,"axis":"y","origin":[9.47729,6.05582,7.96221]},"faces":{"north":{"uv":[0,0,16,16],"texture":"#1"},"east":{"uv":[0,0,16,16],"texture":"#1"},"south":{"uv":[0,0,16,16],"texture":"#1"},"west":{"uv":[0,0,16,16],"texture":"#1"},"up":{"uv":[0,0,16,16],"texture":"#1"},"down":{"uv":[0,0,16,16],"texture":"#1"}}},{"from":[1.49275,16.66603,7.18588],"to":[3.09875,19.53703,8.79188],"rotation":{"angle":0,"axis":"y","origin":[9.47729,6.71582,7.96221]},"faces":{"north":{"uv":[0,0,16,16],"rotation":180,"texture":"#2"},"east":{"uv":[0,0,16,16],"rotation":180,"texture":"#2"},"south":{"uv":[0,0,16,16],"rotation":180,"texture":"#2"},"west":{"uv":[0,0,16,16],"rotation":180,"texture":"#2"},"up":{"uv":[0,0,16,16],"rotation":180,"texture":"#2"},"down":{"uv":[0,0,16,16],"rotation":180,"texture":"#2"}}},{"from":[1.87766,18.7127,6.85531],"to":[2.26266,19.5377,7.18531],"rotation":{"angle":0,"axis":"y","origin":[9.86219,6.33149,7.96164]},"faces":{"north":{"uv":[0,0,16,16],"texture":"#2"},"east":{"uv":[0,0,16,16],"texture":"#2"},"south":{"uv":[0,0,16,16],"texture":"#2"},"west":{"uv":[0,0,16,16],"texture":"#2"},"up":{"uv":[0,0,16,16],"texture":"#2"},"down":{"uv":[0,0,16,16],"texture":"#2"}}},{"from":[1.49266,19.15203,6.85598],"to":[1.87766,19.53703,7.18598],"rotation":{"angle":0,"axis":"y","origin":[9.47719,6.33082,7.96231]},"faces":{"north":{"uv":[0,0,16,16],"texture":"#2"},"east":{"uv":[0,0,16,16],"texture":"#2"},"south":{"uv":[0,0,16,16],"texture":"#2"},"west":{"uv":[0,0,16,16],"texture":"#2"},"up":{"uv":[0,0,16,16],"texture":"#2"},"down":{"uv":[0,0,16,16],"texture":"#2"}}},{"from":[2.71375,19.15224,6.85567],"to":[3.09875,19.53724,7.18567],"rotation":{"angle":0,"axis":"y","origin":[10.69829,6.33103,7.962]},"faces":{"north":{"uv":[0,0,16,16],"texture":"#2"},"east":{"uv":[0,0,16,16],"texture":"#2"},"south":{"uv":[0,0,16,16],"texture":"#2"},"west":{"uv":[0,0,16,16],"texture":"#2"},"up":{"uv":[0,0,16,16],"texture":"#2"},"down":{"uv":[0,0,16,16],"texture":"#2"}}},{"from":[1.49275,19.53703,6.85588],"to":[3.09875,19.92203,7.18588],"rotation":{"angle":0,"axis":"y","origin":[9.47729,6.71582,7.96221]},"faces":{"north":{"uv":[0,0,16,16],"texture":"#2"},"east":{"uv":[0,0,16,16],"texture":"#2"},"south":{"uv":[0,0,16,16],"texture":"#2"},"west":{"uv":[0,0,16,16],"texture":"#2"},"up":{"uv":[0,0,16,16],"texture":"#2"},"down":{"uv":[0,0,16,16],"texture":"#2"}}},{"from":[1.16443,19.53379,7.18744],"to":[1.49443,19.91879,8.79344],"rotation":{"angle":0,"axis":"y","origin":[1.36995,19.71869,8.02337]},"faces":{"north":{"uv":[0,0,16,16],"texture":"#2"},"east":{"uv":[0,0,16,16],"texture":"#2"},"south":{"uv":[0,0,16,16],"texture":"#2"},"west":{"uv":[0,0,16,16],"texture":"#2"},"up":{"uv":[0,0,16,16],"texture":"#2"},"down":{"uv":[0,0,16,16],"texture":"#2"}}},{"from":[1.16406,18.70925,8.02354],"to":[1.49406,19.53425,8.40854],"rotation":{"angle":0,"axis":"y","origin":[1.36926,19.26031,8.09781]},"faces":{"north":{"uv":[0,0,16,16],"texture":"#2"},"east":{"uv":[0,0,16,16],"texture":"#2"},"south":{"uv":[0,0,16,16],"texture":"#2"},"west":{"uv":[0,0,16,16],"texture":"#2"},"up":{"uv":[0,0,16,16],"texture":"#2"},"down":{"uv":[0,0,16,16],"texture":"#2"}}},{"from":[1.16442,18.37879,7.18745],"to":[1.49442,19.53379,7.57245],"rotation":{"angle":0,"axis":"y","origin":[1.36926,19.26031,8.09781]},"faces":{"north":{"uv":[0,0,16,16],"texture":"#2"},"east":{"uv":[0,0,16,16],"texture":"#2"},"south":{"uv":[0,0,16,16],"texture":"#2"},"west":{"uv":[0,0,16,16],"texture":"#2"},"up":{"uv":[0,0,16,16],"texture":"#2"},"down":{"uv":[0,0,16,16],"texture":"#2"}}},{"from":[1.16473,19.14858,8.40854],"to":[1.49473,19.53358,8.79354],"rotation":{"angle":0,"axis":"y","origin":[1.36926,19.26031,8.09781]},"faces":{"north":{"uv":[0,0,16,16],"texture":"#2"},"east":{"uv":[0,0,16,16],"texture":"#2"},"south":{"uv":[0,0,16,16],"texture":"#2"},"west":{"uv":[0,0,16,16],"texture":"#2"},"up":{"uv":[0,0,16,16],"texture":"#2"},"down":{"uv":[0,0,16,16],"texture":"#2"}}},{"from":[1.4954,19.14983,8.79186],"to":[1.8804,19.53483,9.12186],"rotation":{"angle":0,"axis":"y","origin":[2.8503,19.19377,8.39385]},"faces":{"north":{"uv":[0,0,16,16],"texture":"#2"},"east":{"uv":[0,0,16,16],"texture":"#2"},"south":{"uv":[0,0,16,16],"texture":"#2"},"west":{"uv":[0,0,16,16],"texture":"#2"},"up":{"uv":[0,0,16,16],"texture":"#2"},"down":{"uv":[0,0,16,16],"texture":"#2"}}},{"from":[1.49598,19.53405,8.79163],"to":[3.10198,19.91905,9.12163],"rotation":{"angle":0,"axis":"y","origin":[2.81422,19.71564,8.43049]},"faces":{"north":{"uv":[0,0,16,16],"texture":"#2"},"east":{"uv":[0,0,16,16],"texture":"#2"},"south":{"uv":[0,0,16,16],"texture":"#2"},"west":{"uv":[0,0,16,16],"texture":"#2"},"up":{"uv":[0,0,16,16],"texture":"#2"},"down":{"uv":[0,0,16,16],"texture":"#2"}}},{"from":[2.3315,18.71029,8.79222],"to":[2.7165,19.53529,9.12222],"rotation":{"angle":0,"axis":"y","origin":[2.8503,19.19377,8.39385]},"faces":{"north":{"uv":[0,0,16,16],"texture":"#2"},"east":{"uv":[0,0,16,16],"texture":"#2"},"south":{"uv":[0,0,16,16],"texture":"#2"},"west":{"uv":[0,0,16,16],"texture":"#2"},"up":{"uv":[0,0,16,16],"texture":"#2"},"down":{"uv":[0,0,16,16],"texture":"#2"}}},{"from":[2.7165,19.14962,8.79155],"to":[3.1015,19.53462,9.12155],"rotation":{"angle":0,"axis":"y","origin":[2.8503,19.19377,8.39385]},"faces":{"north":{"uv":[0,0,16,16],"texture":"#2"},"east":{"uv":[0,0,16,16],"texture":"#2"},"south":{"uv":[0,0,16,16],"texture":"#2"},"west":{"uv":[0,0,16,16],"texture":"#2"},"up":{"uv":[0,0,16,16],"texture":"#2"},"down":{"uv":[0,0,16,16],"texture":"#2"}}},{"from":[3.09973,18.37638,8.40508],"to":[3.42973,19.53138,8.79008],"rotation":{"angle":0,"axis":"y","origin":[2.8503,19.19377,8.39385]},"faces":{"north":{"uv":[0,0,16,16],"texture":"#2"},"east":{"uv":[0,0,16,16],"texture":"#2"},"south":{"uv":[0,0,16,16],"texture":"#2"},"west":{"uv":[0,0,16,16],"texture":"#2"},"up":{"uv":[0,0,16,16],"texture":"#2"},"down":{"uv":[0,0,16,16],"texture":"#2"}}},{"from":[3.1003,19.53081,7.18407],"to":[3.4303,19.91581,8.79007],"rotation":{"angle":0,"axis":"y","origin":[2.81422,19.71564,8.43049]},"faces":{"north":{"uv":[0,0,16,16],"texture":"#2"},"east":{"uv":[0,0,16,16],"texture":"#2"},"south":{"uv":[0,0,16,16],"texture":"#2"},"west":{"uv":[0,0,16,16],"texture":"#2"},"up":{"uv":[0,0,16,16],"texture":"#2"},"down":{"uv":[0,0,16,16],"texture":"#2"}}},{"from":[3.10009,18.70684,7.56898],"to":[3.43009,19.53184,7.95398],"rotation":{"angle":0,"axis":"y","origin":[2.8503,19.19377,8.39385]},"faces":{"north":{"uv":[0,0,16,16],"texture":"#2"},"east":{"uv":[0,0,16,16],"texture":"#2"},"south":{"uv":[0,0,16,16],"texture":"#2"},"west":{"uv":[0,0,16,16],"texture":"#2"},"up":{"uv":[0,0,16,16],"texture":"#2"},"down":{"uv":[0,0,16,16],"texture":"#2"}}},{"from":[3.09942,19.14617,7.18398],"to":[3.42942,19.53117,7.56898],"rotation":{"angle":0,"axis":"y","origin":[2.8503,19.19377,8.39385]},"faces":{"north":{"uv":[0,0,16,16],"texture":"#2"},"east":{"uv":[0,0,16,16],"texture":"#2"},"south":{"uv":[0,0,16,16],"texture":"#2"},"west":{"uv":[0,0,16,16],"texture":"#2"},"up":{"uv":[0,0,16,16],"texture":"#2"},"down":{"uv":[0,0,16,16],"texture":"#2"}}},{"from":[13.77559,19.53405,7.22796],"to":[13.77559,21.56905,8.83396],"rotation":{"angle":45,"axis":"y","origin":[13.73364,20.54221,8.06358]},"faces":{"north":{"uv":[0,0,16,16],"texture":"#1"},"east":{"uv":[0,0,16,16],"texture":"#3"},"south":{"uv":[0,0,16,16],"texture":"#1"},"west":{"uv":[0,0,16,16],"texture":"#3"},"up":{"uv":[0,0,16,16],"texture":"#1"},"down":{"uv":[0,0,16,16],"texture":"#1"}}},{"from":[12.89802,19.53405,8.02163],"to":[14.50402,21.56905,8.02163],"rotation":{"angle":45,"axis":"y","origin":[13.73364,20.54221,8.06358]},"faces":{"north":{"uv":[0,0,16,16],"texture":"#3"},"east":{"uv":[0,0,16,16],"texture":"#1"},"south":{"uv":[0,0,16,16],"texture":"#3"},"west":{"uv":[0,0,16,16],"texture":"#1"},"up":{"uv":[0,0,16,16],"texture":"#1"},"down":{"uv":[0,0,16,16],"texture":"#1"}}},{"from":[1.49598,19.53405,8.02163],"to":[3.10198,21.56905,8.02163],"rotation":{"angle":-45,"axis":"y","origin":[2.26636,20.54221,8.06358]},"faces":{"north":{"uv":[0,0,16,16],"texture":"#3"},"east":{"uv":[0,0,16,16],"texture":"#1"},"south":{"uv":[0,0,16,16],"texture":"#3"},"west":{"uv":[0,0,16,16],"texture":"#1"},"up":{"uv":[0,0,16,16],"texture":"#1"},"down":{"uv":[0,0,16,16],"texture":"#1"}}},{"from":[2.22441,19.53405,7.22796],"to":[2.22441,21.56905,8.83396],"rotation":{"angle":-45,"axis":"y","origin":[2.26636,20.54221,8.06358]},"faces":{"north":{"uv":[0,0,16,16],"texture":"#1"},"east":{"uv":[0,0,16,16],"texture":"#3"},"south":{"uv":[0,0,16,16],"texture":"#1"},"west":{"uv":[0,0,16,16],"texture":"#3"},"up":{"uv":[0,0,16,16],"texture":"#1"},"down":{"uv":[0,0,16,16],"texture":"#1"}}},{"from":[-1.5472,7.10783,7.518],"to":[0.7353,8.05383,8.464],"rotation":{"angle":-45,"axis":"z","origin":[9.25729,4.21332,7.96221]},"faces":{"north":{"uv":[0,0,16,16],"texture":"#1"},"east":{"uv":[0,0,16,16],"texture":"#1"},"south":{"uv":[0,0,16,16],"texture":"#1"},"west":{"uv":[0,0,16,16],"texture":"#1"},"up":{"uv":[0,0,16,16],"texture":"#1"},"down":{"uv":[0,0,16,16],"texture":"#1"}}},{"from":[-0.67372,10.94862,7.51672],"to":[0.74528,11.89462,8.46272],"rotation":{"angle":-22.5,"axis":"z","origin":[9.25729,4.21332,7.96221]},"faces":{"north":{"uv":[0,0,16,16],"texture":"#1"},"east":{"uv":[0,0,16,16],"texture":"#1"},"south":{"uv":[0,0,16,16],"texture":"#1"},"west":{"uv":[0,0,16,16],"texture":"#1"},"up":{"uv":[0,0,16,16],"texture":"#1"},"down":{"uv":[0,0,16,16],"texture":"#1"}}},{"from":[1.60275,14.16353,7.51588],"to":[3.02175,15.10953,8.46188],"rotation":{"angle":0,"axis":"y","origin":[9.25729,4.21332,7.96221]},"faces":{"north":{"uv":[0,0,16,16],"texture":"#1"},"east":{"uv":[0,0,16,16],"texture":"#1"},"south":{"uv":[0,0,16,16],"texture":"#1"},"west":{"uv":[0,0,16,16],"texture":"#1"},"up":{"uv":[0,0,16,16],"texture":"#1"},"down":{"uv":[0,0,16,16],"texture":"#1"}}},{"from":[5.41465,16.26426,7.52345],"to":[6.36065,17.21026,8.46945],"rotation":{"angle":22.5,"axis":"z","origin":[9.25729,4.21332,7.96221]},"faces":{"north":{"uv":[0,0,16,16],"texture":"#1"},"east":{"uv":[0,0,16,16],"texture":"#1"},"south":{"uv":[0,0,16,16],"texture":"#1"},"west":{"uv":[0,0,16,16],"texture":"#1"},"up":{"uv":[0,0,16,16],"texture":"#1"},"down":{"uv":[0,0,16,16],"texture":"#1"}}},{"from":[9.73513,16.74672,7.52526],"to":[10.68113,17.69272,8.47126],"rotation":{"angle":45,"axis":"z","origin":[9.25729,4.21332,7.96221]},"faces":{"north":{"uv":[0,0,16,16],"texture":"#1"},"east":{"uv":[0,0,16,16],"texture":"#1"},"south":{"uv":[0,0,16,16],"texture":"#1"},"west":{"uv":[0,0,16,16],"texture":"#1"},"up":{"uv":[0,0,16,16],"texture":"#1"},"down":{"uv":[0,0,16,16],"texture":"#1"}}},{"from":[-3.01447,8.86739,7.52707],"to":[-2.06847,9.81339,8.47307],"rotation":{"angle":-22.5,"axis":"z","origin":[9.25729,4.21332,7.96221]},"faces":{"north":{"uv":[0,0,16,16],"rotation":270,"texture":"#1"},"east":{"uv":[0,0,16,16],"rotation":270,"texture":"#1"},"south":{"uv":[0,0,16,16],"rotation":270,"texture":"#1"},"west":{"uv":[0,0,16,16],"rotation":270,"texture":"#1"},"up":{"uv":[0,0,16,16],"rotation":270,"texture":"#1"},"down":{"uv":[0,0,16,16],"rotation":270,"texture":"#1"}}},{"from":[-0.30058,12.26358,7.52861],"to":[0.64542,13.20958,8.47461],"rotation":{"angle":0,"axis":"y","origin":[9.25729,4.21332,7.96221]},"faces":{"north":{"uv":[0,0,16,16],"rotation":270,"texture":"#1"},"east":{"uv":[0,0,16,16],"rotation":270,"texture":"#1"},"south":{"uv":[0,0,16,16],"rotation":270,"texture":"#1"},"west":{"uv":[0,0,16,16],"rotation":270,"texture":"#1"},"up":{"uv":[0,0,16,16],"rotation":270,"texture":"#1"},"down":{"uv":[0,0,16,16],"rotation":270,"texture":"#1"}}},{"from":[3.50639,14.36269,7.52964],"to":[4.45239,15.30869,8.47564],"rotation":{"angle":22.5,"axis":"z","origin":[9.25729,4.21332,7.96221]},"faces":{"north":{"uv":[0,0,16,16],"rotation":270,"texture":"#1"},"east":{"uv":[0,0,16,16],"rotation":270,"texture":"#1"},"south":{"uv":[0,0,16,16],"rotation":270,"texture":"#1"},"west":{"uv":[0,0,16,16],"rotation":270,"texture":"#1"},"up":{"uv":[0,0,16,16],"rotation":270,"texture":"#1"},"down":{"uv":[0,0,16,16],"rotation":270,"texture":"#1"}}},{"from":[7.82686,15.09515,7.53001],"to":[8.77286,15.79115,8.47601],"rotation":{"angle":45,"axis":"z","origin":[9.25729,4.21332,7.96221]},"faces":{"north":{"uv":[0,0,16,16],"rotation":270,"texture":"#1"},"east":{"uv":[0,0,16,16],"rotation":270,"texture":"#1"},"south":{"uv":[0,0,16,16],"rotation":270,"texture":"#1"},"west":{"uv":[0,0,16,16],"rotation":270,"texture":"#1"},"up":{"uv":[0,0,16,16],"rotation":270,"texture":"#1"},"down":{"uv":[0,0,16,16],"rotation":270,"texture":"#1"}}},{"from":[0.69959,10.7295,7.52879],"to":[1.39559,11.6755,8.47479],"rotation":{"angle":-22.5,"axis":"z","origin":[1.04719,11.1851,8.02638]},"faces":{"north":{"uv":[0,0,16,16],"texture":"#1"},"east":{"uv":[0,0,16,16],"texture":"#1"},"south":{"uv":[0,0,16,16],"texture":"#1"},"west":{"uv":[0,0,16,16],"texture":"#1"},"up":{"uv":[0,0,16,16],"texture":"#1"},"down":{"uv":[0,0,16,16],"texture":"#1"}}},{"from":[1.19489,10.63172,7.52775],"to":[1.89089,11.57772,8.47375],"rotation":{"angle":0,"axis":"y","origin":[1.54249,11.08732,8.02534]},"faces":{"north":{"uv":[0,0,16,16],"texture":"#1"},"east":{"uv":[0,0,16,16],"texture":"#1"},"south":{"uv":[0,0,16,16],"texture":"#1"},"west":{"uv":[0,0,16,16],"texture":"#1"},"up":{"uv":[0,0,16,16],"texture":"#1"},"down":{"uv":[0,0,16,16],"texture":"#1"}}},{"from":[1.68991,10.73093,7.52706],"to":[2.38591,11.67693,8.47306],"rotation":{"angle":22.5,"axis":"z","origin":[2.03751,11.18653,8.02465]},"faces":{"north":{"uv":[0,0,16,16],"texture":"#1"},"east":{"uv":[0,0,16,16],"texture":"#1"},"south":{"uv":[0,0,16,16],"texture":"#1"},"west":{"uv":[0,0,16,16],"texture":"#1"},"up":{"uv":[0,0,16,16],"texture":"#1"},"down":{"uv":[0,0,16,16],"texture":"#1"}}},{"from":[2.10928,11.01202,7.52682],"to":[2.80528,11.95802,8.47282],"rotation":{"angle":45,"axis":"z","origin":[2.45688,11.46762,8.02441]},"faces":{"north":{"uv":[0,0,16,16],"texture":"#1"},"east":{"uv":[0,0,16,16],"texture":"#1"},"south":{"uv":[0,0,16,16],"texture":"#1"},"west":{"uv":[0,0,16,16],"texture":"#1"},"up":{"uv":[0,0,16,16],"texture":"#1"},"down":{"uv":[0,0,16,16],"texture":"#1"}}},{"from":[2.34636,11.5402,7.62707],"to":[3.09236,12.0362,8.37307],"rotation":{"angle":-22.5,"axis":"z","origin":[2.73676,11.8878,8.02465]},"faces":{"north":{"uv":[0,0,16,16],"rotation":90,"texture":"#1"},"east":{"uv":[0,0,16,16],"rotation":90,"texture":"#1"},"south":{"uv":[0,0,16,16],"rotation":90,"texture":"#1"},"west":{"uv":[0,0,16,16],"rotation":90,"texture":"#1"},"up":{"uv":[0,0,16,16],"rotation":90,"texture":"#1"},"down":{"uv":[0,0,16,16],"rotation":90,"texture":"#1"}}},{"from":[2.44636,12.0362,7.72707],"to":[2.99236,12.3362,8.27307],"rotation":{"angle":-22.5,"axis":"z","origin":[2.73676,11.8878,8.02465]},"faces":{"north":{"uv":[0,0,16,16],"rotation":90,"texture":"#1"},"east":{"uv":[0,0,16,16],"rotation":90,"texture":"#1"},"south":{"uv":[0,0,16,16],"rotation":90,"texture":"#1"},"west":{"uv":[0,0,16,16],"rotation":90,"texture":"#1"},"up":{"uv":[0,0,16,16],"rotation":90,"texture":"#1"},"down":{"uv":[0,0,16,16],"rotation":90,"texture":"#1"}}},{"from":[5.75,12.25,5.75],"to":[10.25,13.25,10.25],"rotation":{"angle":-45,"axis":"y","origin":[8.00794,1.69793,7.99204]},"faces":{"north":{"uv":[0,0,16,16],"texture":"#1"},"east":{"uv":[0,0,16,16],"texture":"#1"},"south":{"uv":[0,0,16,16],"texture":"#1"},"west":{"uv":[0,0,16,16],"texture":"#1"},"up":{"uv":[0,0,16,16],"texture":"#1"},"down":{"uv":[0,0,16,16],"texture":"#1"}}},{"from":[6.75,11.25,6.75],"to":[9.25,14.25,9.25],"rotation":{"angle":-45,"axis":"y","origin":[8.00794,1.69793,7.99204]},"faces":{"north":{"uv":[0,0,16,16],"texture":"#0"},"east":{"uv":[0,0,16,16],"texture":"#0"},"south":{"uv":[0,0,16,16],"texture":"#0"},"west":{"uv":[0,0,16,16],"texture":"#0"},"up":{"uv":[0,0,16,16],"texture":"#0"},"down":{"uv":[0,0,16,16],"texture":"#0"}}},{"from":[7,9.25,7],"to":[9,10.25,9],"rotation":{"angle":-45,"axis":"y","origin":[8.00794,1.69793,7.99204]},"faces":{"north":{"uv":[0,0,16,16],"texture":"#1"},"east":{"uv":[0,0,16,16],"texture":"#1"},"south":{"uv":[0,0,16,16],"texture":"#1"},"west":{"uv":[0,0,16,16],"texture":"#1"},"up":{"uv":[0,0,16,16],"texture":"#1"},"down":{"uv":[0,0,16,16],"texture":"#1"}}},{"from":[5,0,5],"to":[11,0.75,11],"rotation":{"angle":-45,"axis":"y","origin":[8.00794,-2.19793,7.99204]},"faces":{"north":{"uv":[0,0,16,16],"texture":"#1"},"east":{"uv":[0,0,16,16],"texture":"#1"},"south":{"uv":[0,0,16,16],"texture":"#1"},"west":{"uv":[0,0,16,16],"texture":"#1"},"up":{"uv":[0,0,16,16],"texture":"#1"},"down":{"uv":[0,0,16,16],"texture":"#1"}}},{"from":[6.45,1.5,6.45],"to":[9.55,2.25,9.55],"rotation":{"angle":-45,"axis":"y","origin":[8.00794,-2.19793,7.99204]},"faces":{"north":{"uv":[0,0,16,16],"texture":"#1"},"east":{"uv":[0,0,16,16],"texture":"#1"},"south":{"uv":[0,0,16,16],"texture":"#1"},"west":{"uv":[0,0,16,16],"texture":"#1"},"up":{"uv":[0,0,16,16],"texture":"#1"},"down":{"uv":[0,0,16,16],"texture":"#1"}}},{"from":[5.7,0.75,5.7],"to":[10.3,1.5,10.3],"rotation":{"angle":-45,"axis":"y","origin":[8.00794,-2.19793,7.99204]},"faces":{"north":{"uv":[0,0,16,16],"texture":"#1"},"east":{"uv":[0,0,16,16],"texture":"#1"},"south":{"uv":[0,0,16,16],"texture":"#1"},"west":{"uv":[0,0,16,16],"texture":"#1"},"up":{"uv":[0,0,16,16],"texture":"#1"},"down":{"uv":[0,0,16,16],"texture":"#1"}}},{"from":[7,5.25,7],"to":[9,6.25,9],"rotation":{"angle":-45,"axis":"y","origin":[8.00794,1.69793,7.99204]},"faces":{"north":{"uv":[0,0,16,16],"texture":"#1"},"east":{"uv":[0,0,16,16],"texture":"#1"},"south":{"uv":[0,0,16,16],"texture":"#1"},"west":{"uv":[0,0,16,16],"texture":"#1"},"up":{"uv":[0,0,16,16],"texture":"#1"},"down":{"uv":[0,0,16,16],"texture":"#1"}}},{"from":[7,3.25,7],"to":[9,4.25,9],"rotation":{"angle":-45,"axis":"y","origin":[8.00794,1.69793,7.99204]},"faces":{"north":{"uv":[0,0,16,16],"texture":"#1"},"east":{"uv":[0,0,16,16],"texture":"#1"},"south":{"uv":[0,0,16,16],"texture":"#1"},"west":{"uv":[0,0,16,16],"texture":"#1"},"up":{"uv":[0,0,16,16],"texture":"#1"},"down":{"uv":[0,0,16,16],"texture":"#1"}}},{"from":[7.5,2.25,7.5],"to":[8.5,12.25,8.5],"rotation":{"angle":-45,"axis":"y","origin":[8.00794,14.69793,7.99204]},"faces":{"north":{"uv":[0,0,16,16],"texture":"#0"},"east":{"uv":[0,0,16,16],"texture":"#0"},"south":{"uv":[0,0,16,16],"texture":"#0"},"west":{"uv":[0,0,16,16],"texture":"#0"},"up":{"uv":[0,0,16,16],"texture":"#0"},"down":{"uv":[0,0,16,16],"texture":"#0"}}}],"display":{"thirdperson_righthand":{"rotation":[58.25,45,0],"translation":[0,1.25,2],"scale":[0.375,0.375,0.375]},"thirdperson_lefthand":{"rotation":[58.25,45,0],"translation":[0,1.25,2],"scale":[0.375,0.375,0.375]},"firstperson_righthand":{"rotation":[0.75,158.5,-4],"translation":[1.25,2,0],"scale":[0.26523,0.26523,0.26523]},"firstperson_lefthand":{"rotation":[0.75,158.5,-4],"translation":[1.25,2,0],"scale":[0.26523,0.26523,0.26523]},"ground":{"translation":[0,2.25,0],"scale":[0.5,0.5,0.5]},"gui":{"translation":[0,-2,0],"scale":[0.7,0.7,0.7]},"head":{"translation":[0,-35.25,0]},"fixed":{"translation":[0,-2,0],"scale":[0.84,0.84,0.84]}},"groups":[{"name":"group","origin":[8,8,8],"children":[{"name":"Candle Arm","origin":[9.52175,10.17277,7.97143],"children":[{"name":"Candle","origin":[3.16636,25.01721,8.06358],"children":[0,1,2,3,4,5,6,7,8,9,10,11,12,13,14,15,16,17,18]},{"name":"Arm?","origin":[9.52175,10.17277,7.97143],"children":[19,20,21,22,23,24,25,26,27,28,29,30,31,32,33]}]},{"name":"Candle Arm","origin":[9.52175,10.17277,7.97143],"children":[{"name":"Candle","origin":[3.16636,25.01721,8.06358],"children":[34,35,36,37,38,39,40,41,42,43,44,45,46,47,48,49,50,51,52,{"name":"flames","origin":[2.26636,20.54221,8.06358],"children":[53,54,55,56]}]},{"name":"Arm?","origin":[9.52175,10.17277,7.97143],"children":[57,58,59,60,61,62,63,64,65,66,67,68,69,70,71]}]}]},{"name":"Middle","origin":[8.01309,-0.49998,7.98689],"children":[72,73,74,75,76,77,78,79,80]}]}