{"credit":"Made by spike5032","textures":{"1":"block/stripped_oak_log","2":"block/oak_planks","3":"block/stripped_spruce_log","particle":"block/stripped_oak_log"},"elements":[{"from":[10.95418,0.00458,1.46931],"to":[11.83778,7.01863,5.12005],"rotation":{"angle":0,"axis":"y","origin":[0.36738,15.01863,3.35205]},"faces":{"north":{"uv":[2,0,0,11],"texture":"#2"},"east":{"uv":[0,0,8,11],"texture":"#2"},"south":{"uv":[2,0,0,11],"texture":"#2"},"west":{"uv":[0,0,8,11],"texture":"#2"},"up":{"uv":[0,0,4,1],"rotation":90,"texture":"#2"},"down":{"uv":[0,3,1,0],"texture":"#2"}}},{"from":[11.83778,0.01863,5.12005],"to":[12.71035,7.03271,7.77387],"rotation":{"angle":0,"axis":"y","origin":[0.33995,15.03271,3.35587]},"faces":{"north":{"uv":[2,0,0,11],"texture":"#2"},"east":{"uv":[5,0,9.653,11.013],"texture":"#2"},"south":{"uv":[2,0,0,11],"texture":"#2"},"west":{"uv":[5,0,9.653,11.013],"texture":"#2"},"up":{"uv":[0,0,4,1],"rotation":90,"texture":"#2"},"down":{"uv":[0,3,1,0],"texture":"#2"}}},{"from":[12.71035,0.01863,7.77387],"to":[13.58291,7.04678,11.42768],"rotation":{"angle":0,"axis":"y","origin":[2.11251,15.04678,9.65968]},"faces":{"north":{"uv":[2,0,0,11],"texture":"#2"},"east":{"uv":[0,0,8,11],"texture":"#2"},"south":{"uv":[2,0,0,11],"texture":"#2"},"west":{"uv":[0,0,8,11],"texture":"#2"},"up":{"uv":[0,0,4,1],"rotation":90,"texture":"#2"},"down":{"uv":[0,3,1,0],"texture":"#2"}}},{"from":[13.58291,0.01863,11.42768],"to":[14.45548,7.06085,14.0815],"rotation":{"angle":0,"axis":"y","origin":[2.08508,15.06085,9.6635]},"faces":{"north":{"uv":[2,0,0,11],"texture":"#2"},"east":{"uv":[5,0,9.653,11.013],"texture":"#2"},"south":{"uv":[2,0,0,11],"texture":"#2"},"west":{"uv":[5,0,9.653,11.013],"texture":"#2"},"up":{"uv":[0,0,4,1],"rotation":90,"texture":"#2"},"down":{"uv":[0,3,1,0],"texture":"#2"}}},{"from":[14.45548,0.01863,14.0815],"to":[15.32808,7.07497,17.73539],"rotation":{"angle":0,"axis":"y","origin":[3.85768,15.07497,15.96739]},"faces":{"north":{"uv":[2,0,0,11],"texture":"#2"},"east":{"uv":[0,0,8,11],"texture":"#2"},"south":{"uv":[2,0,0,11],"texture":"#2"},"west":{"uv":[0,0,8,11],"texture":"#2"},"up":{"uv":[0,0,4,1],"rotation":90,"texture":"#2"},"down":{"uv":[0,3,1,0],"texture":"#2"}}},{"from":[15.32808,0.01863,17.73539],"to":[16.21168,7.075,21.38622],"rotation":{"angle":0,"axis":"y","origin":[3.84128,15.075,15.96822]},"faces":{"north":{"uv":[2,0,0,11],"texture":"#2"},"east":{"uv":[0,0,8,11],"texture":"#2"},"south":{"uv":[2,0,0,11],"texture":"#2"},"west":{"uv":[0,0,8,11],"texture":"#2"},"up":{"uv":[0,0,4,1],"rotation":90,"texture":"#2"},"down":{"uv":[0,3,1,0],"texture":"#2"}}},{"from":[14.44442,0.01863,21.38622],"to":[15.32808,7.07494,24.15342],"rotation":{"angle":0,"axis":"y","origin":[3.84122,15.07494,13.43382]},"faces":{"north":{"uv":[2,0,0,11],"texture":"#2"},"east":{"uv":[8,0,12.652,11.013],"texture":"#2"},"south":{"uv":[2,0,0,11],"texture":"#2"},"west":{"uv":[5,0,9.653,11.013],"texture":"#2"},"up":{"uv":[0,0,4,1],"rotation":90,"texture":"#2"},"down":{"uv":[0,2,1,0],"texture":"#2"}}},{"from":[13.56082,0.01863,24.15342],"to":[14.44448,7.07494,25.92062],"rotation":{"angle":0,"axis":"y","origin":[3.84122,15.07494,14.43382]},"faces":{"north":{"uv":[2,0,0,11],"texture":"#2"},"east":{"uv":[9,0,12.652,11.013],"texture":"#2"},"south":{"uv":[2,0,0,11],"texture":"#2"},"west":{"uv":[9,0,12.652,11.013],"texture":"#2"},"up":{"uv":[0,0,4,1],"rotation":90,"texture":"#2"},"down":{"uv":[0,2,1,0],"texture":"#2"}}},{"from":[12.67547,0.01689,25.92062],"to":[13.55913,7.07319,28.68782],"rotation":{"angle":0,"axis":"y","origin":[3.83947,15.07319,13.43382]},"faces":{"north":{"uv":[2,0,0,11],"texture":"#2"},"east":{"uv":[5,0,9.653,11.013],"texture":"#2"},"south":{"uv":[2,0,0,11],"texture":"#2"},"west":{"uv":[5,0,9.653,11.013],"texture":"#2"},"up":{"uv":[0,0,4,1],"rotation":90,"texture":"#2"},"down":{"uv":[0,2,1,0],"texture":"#2"}}},{"from":[3.30507,0.01689,28.68782],"to":[4.18873,7.07319,30.45502],"rotation":{"angle":0,"axis":"y","origin":[12.14107,15.07319,13.43382]},"faces":{"north":{"uv":[2,0,0,11],"texture":"#2"},"east":{"uv":[9,0,12.652,11.013],"texture":"#2"},"south":{"uv":[2,0,0,11],"texture":"#2"},"west":{"uv":[9,0,12.652,11.013],"texture":"#2"},"up":{"uv":[0,0,4,1],"rotation":90,"texture":"#2"},"down":{"uv":[0,0,0.88366,1.7672],"texture":"#2"}}},{"from":[11.78838,0.01395,28.68782],"to":[12.67553,7.07319,30.45503],"rotation":{"angle":0,"axis":"y","origin":[3.83947,15.07319,13.43382]},"faces":{"north":{"uv":[2,0,0,11],"texture":"#2"},"east":{"uv":[9,0,12.652,11.013],"texture":"#2"},"south":{"uv":[2,0,0,11],"texture":"#2"},"west":{"uv":[9,0,12.652,11.013],"texture":"#2"},"up":{"uv":[0,0,4,1],"rotation":90,"texture":"#2"},"down":{"uv":[0,0,0.88715,1.76721],"texture":"#2"}}},{"from":[2.42147,0.01689,25.92062],"to":[3.30513,7.07319,28.68782],"rotation":{"angle":0,"axis":"y","origin":[12.14107,15.07319,13.43382]},"faces":{"north":{"uv":[2,0,0,11],"texture":"#2"},"east":{"uv":[5,0,9.653,11.013],"texture":"#2"},"south":{"uv":[2,0,0,11],"texture":"#2"},"west":{"uv":[5,0,9.653,11.013],"texture":"#2"},"up":{"uv":[0,0,4,1],"rotation":90,"texture":"#2"},"down":{"uv":[0,0,0.88366,2.7672],"texture":"#2"}}},{"from":[1.53962,0.01863,24.15342],"to":[2.42328,7.07494,25.92062],"rotation":{"angle":0,"axis":"y","origin":[12.14282,15.07494,14.43382]},"faces":{"north":{"uv":[2,0,0,11],"texture":"#2"},"east":{"uv":[9,0,12.652,11.013],"texture":"#2"},"south":{"uv":[2,0,0,11],"texture":"#2"},"west":{"uv":[9,0,12.652,11.013],"texture":"#2"},"up":{"uv":[0,0,4,1],"rotation":90,"texture":"#2"},"down":{"uv":[0,0,0.88366,1.7672],"texture":"#2"}}},{"from":[0.65602,0.01863,21.38622],"to":[1.53968,7.07494,24.15342],"rotation":{"angle":0,"axis":"y","origin":[12.14282,15.07494,13.43382]},"faces":{"north":{"uv":[2,0,0,11],"texture":"#2"},"east":{"uv":[5,0,9.653,11.013],"texture":"#2"},"south":{"uv":[2,0,0,11],"texture":"#2"},"west":{"uv":[5,0,9.653,11.013],"texture":"#2"},"up":{"uv":[0,0,4,1],"rotation":90,"texture":"#2"},"down":{"uv":[0,0,0.88366,2.7672],"texture":"#2"}}},{"from":[-0.22752,0.01869,17.73542],"to":[0.65614,7.075,21.38622],"rotation":{"angle":0,"axis":"y","origin":[12.14288,15.075,15.96822]},"faces":{"north":{"uv":[2,0,0,11],"texture":"#2"},"east":{"uv":[0,0,8,11],"texture":"#2"},"south":{"uv":[2,0,0,11],"texture":"#2"},"west":{"uv":[0,0,8,11],"texture":"#2"},"up":{"uv":[0,0,4,1],"rotation":90,"texture":"#2"},"down":{"uv":[0,0,0.88366,3.6508],"texture":"#2"}}},{"from":[1.52873,0.00458,11.43076],"to":[2.41227,7.06091,14.08153],"rotation":{"angle":0,"axis":"y","origin":[13.89907,15.06091,9.66356]},"faces":{"north":{"uv":[2,0,0,11],"texture":"#2"},"east":{"uv":[5,0,9.653,11.013],"texture":"#2"},"south":{"uv":[2,0,0,11],"texture":"#2"},"west":{"uv":[5,0,9.653,11.013],"texture":"#2"},"up":{"uv":[0,0,4,1],"rotation":90,"texture":"#2"},"down":{"uv":[0,0,0.88354,2.65077],"texture":"#2"}}},{"from":[3.28484,0.00458,5.12312],"to":[4.15741,7.03276,7.77694],"rotation":{"angle":0,"axis":"y","origin":[15.64421,15.03276,3.35592]},"faces":{"north":{"uv":[2,0,0,11],"texture":"#2"},"east":{"uv":[5,0,9.653,11.013],"texture":"#2"},"south":{"uv":[2,0,0,11],"texture":"#2"},"west":{"uv":[5,0,9.653,11.013],"texture":"#2"},"up":{"uv":[0,0,4,1],"rotation":90,"texture":"#2"},"down":{"uv":[0,0,0.87257,2.65382],"texture":"#2"}}},{"from":[0.65614,0.01869,14.08464],"to":[1.53968,7.07503,17.73542],"rotation":{"angle":0,"axis":"y","origin":[12.12648,15.07503,15.96744]},"faces":{"north":{"uv":[2,0,0,11],"texture":"#2"},"east":{"uv":[0,0,8,11],"texture":"#2"},"south":{"uv":[2,0,0,11],"texture":"#2"},"west":{"uv":[0,0,8,11],"texture":"#2"},"up":{"uv":[0,0,4,1],"rotation":90,"texture":"#2"},"down":{"uv":[0,0,0.88354,3.65077],"texture":"#2"}}},{"from":[2.41227,0.00458,7.77694],"to":[3.28484,7.04684,11.43076],"rotation":{"angle":0,"axis":"y","origin":[13.87164,15.04684,9.65974]},"faces":{"north":{"uv":[2,0,0,11],"texture":"#2"},"east":{"uv":[0,0,8,11],"texture":"#2"},"south":{"uv":[2,0,0,11],"texture":"#2"},"west":{"uv":[0,0,8,11],"texture":"#2"},"up":{"uv":[0,0,4,1],"rotation":90,"texture":"#2"},"down":{"uv":[0,0,0.87257,3.65382],"texture":"#2"}}},{"from":[4.15741,0.00458,1.46931],"to":[5.02997,7.01869,5.12312],"rotation":{"angle":0,"axis":"y","origin":[15.61677,15.01869,3.35211]},"faces":{"north":{"uv":[2,0,0,11],"texture":"#2"},"east":{"uv":[0,0,8,11],"texture":"#2"},"south":{"uv":[2,0,0,11],"texture":"#2"},"west":{"uv":[0,0,8,11],"texture":"#2"},"up":{"uv":[0,0,4,1],"rotation":90,"texture":"#2"},"down":{"uv":[0,0,0.87257,3.65382],"texture":"#2"}}},{"from":[5.02997,0.00458,0.58731],"to":[10.95418,7.01869,1.46931],"rotation":{"angle":0,"axis":"y","origin":[11.24735,15.01966,15.66491]},"faces":{"north":{"uv":[2,0,13,11],"texture":"#2"},"east":{"uv":[2,0,0,11],"texture":"#2"},"south":{"uv":[2,0,13,11],"texture":"#2"},"west":{"uv":[2,0,0,11],"texture":"#2"},"up":{"uv":[0,0,5.9242,0.882],"texture":"#2"},"down":{"uv":[0,0,5.9242,0.882],"texture":"#2"}}},{"from":[4.18518,0.01395,30.45503],"to":[11.78838,7.06971,31.33924],"rotation":{"angle":0,"axis":"y","origin":[11.78832,15.07026,11.43444]},"faces":{"north":{"uv":[2,0,13,11],"texture":"#2"},"east":{"uv":[2,0,0,11],"texture":"#2"},"south":{"uv":[2,0,13,11],"texture":"#2"},"west":{"uv":[2,0,0,11],"texture":"#2"},"up":{"uv":[0,0,7.6032,0.88421],"texture":"#2"},"down":{"uv":[0,0,7.6032,0.88421],"texture":"#2"}}},{"from":[4.17325,0.01987,5.12307],"to":[5.04603,1.01987,15.97631],"rotation":{"angle":0,"axis":"y","origin":[4.75286,15.01987,15.54691]},"faces":{"north":{"uv":[5,2,6,13.2],"rotation":180,"texture":"#1"},"east":{"uv":[5,2,6,13.2],"rotation":180,"texture":"#1"},"south":{"uv":[5,2,6,13.2],"rotation":180,"texture":"#1"},"west":{"uv":[5,2,6,13.2],"rotation":180,"texture":"#1"},"up":{"uv":[5,2,6,13.2],"rotation":180,"texture":"#1"},"down":{"uv":[5,2,6,13.2],"rotation":180,"texture":"#1"}}},{"from":[1.53962,0.01863,14.0815],"to":[2.41709,1.02294,24.15342],"rotation":{"angle":0,"axis":"y","origin":[2.9967,15.02294,15.54385]},"faces":{"north":{"uv":[11,1,11.877,11.072],"texture":"#1"},"east":{"uv":[11,1,11.877,11.072],"texture":"#1"},"south":{"uv":[11,1,11.877,11.072],"texture":"#1"},"west":{"uv":[11,1,11.877,11.072],"texture":"#1"},"up":{"uv":[11,1,11.877,11.072],"texture":"#1"},"down":{"uv":[11,1,11.877,11.072],"texture":"#1"}}},{"from":[0.65614,0.01869,17.73542],"to":[1.53968,1.02294,21.38622],"rotation":{"angle":0,"axis":"y","origin":[2.9967,15.02294,15.54385]},"faces":{"north":{"uv":[7,2,7.884,5.65],"texture":"#1"},"east":{"uv":[7,2,7.884,5.65],"texture":"#1"},"south":{"uv":[7,2,7.884,5.65],"texture":"#1"},"west":{"uv":[7,2,7.884,5.65],"texture":"#1"},"up":{"uv":[7,2,7.884,5.65],"texture":"#1"},"down":{"uv":[7,2,7.884,5.65],"texture":"#1"}}},{"from":[14.46032,0.01869,17.73542],"to":[15.34386,1.02294,21.38622],"rotation":{"angle":0,"axis":"y","origin":[13.0033,15.02294,15.54385]},"faces":{"north":{"uv":[9,2,9.884,5.65],"texture":"#1"},"east":{"uv":[9,2,9.884,5.65],"texture":"#1"},"south":{"uv":[9,2,9.884,5.65],"texture":"#1"},"west":{"uv":[9,2,9.884,5.65],"texture":"#1"},"up":{"uv":[9,2,9.884,5.65],"texture":"#1"},"down":{"uv":[9,2,9.884,5.65],"texture":"#1"}}},{"from":[2.41218,0.01689,11.42768],"to":[3.30513,1.02142,25.92062],"rotation":{"angle":0,"axis":"y","origin":[3.86926,15.02142,15.54537]},"faces":{"north":{"uv":[8,0,8.893,14.493],"texture":"#1"},"east":{"uv":[8,0,8.893,14.493],"texture":"#1"},"south":{"uv":[8,0,8.893,14.493],"texture":"#1"},"west":{"uv":[8,0,8.893,14.493],"texture":"#1"},"up":{"uv":[8,0,8.893,14.493],"texture":"#1"},"down":{"uv":[8,0,8.893,14.493],"texture":"#1"}}},{"from":[3.28965,0.01987,7.77387],"to":[4.17325,1.01987,15.97631],"rotation":{"angle":0,"axis":"y","origin":[4.75286,15.01987,15.54691]},"faces":{"north":{"uv":[2,4,2.8836,12.20244],"rotation":180,"texture":"#1"},"east":{"uv":[2,4,2.8836,12.20244],"rotation":180,"texture":"#1"},"south":{"uv":[2,4,2.8836,12.20244],"rotation":180,"texture":"#1"},"west":{"uv":[2,4,2.8836,12.20244],"rotation":180,"texture":"#1"},"up":{"uv":[2,4,2.8836,12.20244],"rotation":180,"texture":"#1"},"down":{"uv":[2,4,2.8836,12.20244],"rotation":180,"texture":"#1"}}},{"from":[3.28965,0.01987,15.97631],"to":[4.18873,1.01987,28.68782],"rotation":{"angle":0,"axis":"y","origin":[4.75286,15.01987,16.45309]},"faces":{"north":{"uv":[5,3,5.899,15.712],"texture":"#1"},"east":{"uv":[5,3,5.899,15.712],"texture":"#1"},"south":{"uv":[5,3,5.899,15.712],"texture":"#1"},"west":{"uv":[5,3,5.899,15.712],"texture":"#1"},"up":{"uv":[5,3,5.899,15.712],"texture":"#1"},"down":{"uv":[5,3,5.899,15.712],"texture":"#1"}}},{"from":[5.02977,0.01987,1.46931],"to":[10.95397,1.01987,15.97631],"rotation":{"angle":0,"axis":"y","origin":[11.24714,15.01987,15.54691]},"faces":{"north":{"uv":[5,1,10.924,15.507],"texture":"#1"},"east":{"uv":[5,1,10.924,15.507],"texture":"#1"},"south":{"uv":[5,1,10.924,15.507],"texture":"#1"},"west":{"uv":[5,1,10.924,15.507],"texture":"#1"},"up":{"uv":[5,1,10.924,15.507],"texture":"#1"},"down":{"uv":[5,1,10.924,15.507],"texture":"#1"}}},{"from":[4.18873,0.01987,15.97631],"to":[11.78838,1.01987,30.45503],"rotation":{"angle":0,"axis":"y","origin":[11.24714,15.01987,16.45309]},"faces":{"north":{"uv":[5,1,12.599,15.478],"rotation":180,"texture":"#1"},"east":{"uv":[5,1,12.599,15.478],"rotation":180,"texture":"#1"},"south":{"uv":[5,1,12.599,15.478],"rotation":180,"texture":"#1"},"west":{"uv":[5,1,12.599,15.478],"rotation":180,"texture":"#1"},"up":{"uv":[5,1,12.59965,15.47872],"rotation":180,"texture":"#1"},"down":{"uv":[5,1,12.599,15.478],"rotation":180,"texture":"#1"}}},{"from":[10.95397,0.01987,5.12307],"to":[11.82675,1.01987,15.97631],"rotation":{"angle":0,"axis":"y","origin":[11.24714,15.01987,15.54691]},"faces":{"north":{"uv":[4,1,4.872,11.853],"rotation":180,"texture":"#1"},"east":{"uv":[4,1,4.872,11.853],"rotation":180,"texture":"#1"},"south":{"uv":[4,1,4.872,11.853],"rotation":180,"texture":"#1"},"west":{"uv":[4,1,4.872,11.853],"rotation":180,"texture":"#1"},"up":{"uv":[4,1,4.872,11.853],"rotation":180,"texture":"#1"},"down":{"uv":[4,1,4.872,11.853],"rotation":180,"texture":"#1"}}},{"from":[11.82675,0.01987,7.77387],"to":[12.71035,1.01987,15.97631],"rotation":{"angle":0,"axis":"y","origin":[11.24714,15.01987,15.54691]},"faces":{"north":{"uv":[6,3,6.884,11.202],"rotation":180,"texture":"#1"},"east":{"uv":[6,3,6.884,11.202],"rotation":180,"texture":"#1"},"south":{"uv":[6,3,6.884,11.202],"rotation":180,"texture":"#1"},"west":{"uv":[6,3,6.884,11.202],"rotation":180,"texture":"#1"},"up":{"uv":[6,3,6.884,11.202],"rotation":180,"texture":"#1"},"down":{"uv":[6,3,6.884,11.202],"rotation":180,"texture":"#1"}}},{"from":[11.78838,0.01987,15.97631],"to":[12.71035,1.01987,28.68783],"rotation":{"angle":0,"axis":"y","origin":[11.24714,15.01987,16.45309]},"faces":{"north":{"uv":[4,2,4.922,14.712],"texture":"#1"},"east":{"uv":[4,2,4.922,14.712],"texture":"#1"},"south":{"uv":[4,2,4.922,14.712],"texture":"#1"},"west":{"uv":[4,2,4.922,14.712],"texture":"#1"},"up":{"uv":[4,2,4.922,14.712],"texture":"#1"},"down":{"uv":[4,2,4.922,14.712],"texture":"#1"}}},{"from":[12.67547,0.01689,11.42768],"to":[13.58291,1.02142,25.92062],"rotation":{"angle":0,"axis":"y","origin":[12.13074,15.02142,15.54537]},"faces":{"north":{"uv":[7,1,7.908,15.493],"texture":"#1"},"east":{"uv":[7,1,7.908,15.493],"texture":"#1"},"south":{"uv":[7,1,7.908,15.493],"texture":"#1"},"west":{"uv":[7,1,7.908,15.493],"texture":"#1"},"up":{"uv":[7,1,7.908,15.493],"texture":"#1"},"down":{"uv":[7,1,7.908,15.493],"texture":"#1"}}},{"from":[13.56082,0.01863,14.0815],"to":[14.45548,1.02294,24.15342],"rotation":{"angle":0,"axis":"y","origin":[13.0033,15.02294,15.54385]},"faces":{"north":{"uv":[7,2,7.894,12.072],"texture":"#1"},"east":{"uv":[7,2,7.894,12.072],"texture":"#1"},"south":{"uv":[7,2,7.894,12.072],"texture":"#1"},"west":{"uv":[7,2,7.894,12.072],"texture":"#1"},"up":{"uv":[7,2,7.894,12.072],"texture":"#1"},"down":{"uv":[7,2,7.894,12.072],"texture":"#1"}}},{"from":[10.85418,0.00458,1.21931],"to":[12.08778,1.51863,5.37005],"rotation":{"angle":0,"axis":"y","origin":[0.36738,15.01863,3.35205]},"faces":{"north":{"uv":[0,0,1.3836,1.51406],"texture":"#3"},"east":{"uv":[0,0,3.65074,1.51406],"texture":"#3"},"south":{"uv":[0,0,1.3836,1.51406],"texture":"#3"},"west":{"uv":[0,0,3.65074,1.51406],"texture":"#3"},"up":{"uv":[0,0,3.65074,1.3836],"rotation":90,"texture":"#3"},"down":{"uv":[0,0,1.3836,3.65074],"texture":"#3"}}},{"from":[11.73778,0.01863,4.87005],"to":[12.96035,1.53271,8.02387],"rotation":{"angle":0,"axis":"y","origin":[0.33995,15.03271,3.35587]},"faces":{"north":{"uv":[0,0,1.37257,1.51407],"texture":"#3"},"east":{"uv":[5,0,7.65382,1.51407],"texture":"#3"},"south":{"uv":[0,0,1.37257,1.51407],"texture":"#3"},"west":{"uv":[5,0,7.65382,1.51407],"texture":"#3"},"up":{"uv":[0,0,2.65382,1.37257],"rotation":90,"texture":"#3"},"down":{"uv":[0,0,1.37257,2.65382],"texture":"#3"}}},{"from":[12.61035,0.01863,7.52387],"to":[13.83291,1.54678,11.67768],"rotation":{"angle":0,"axis":"y","origin":[2.11251,15.04678,9.65968]},"faces":{"north":{"uv":[0,0,1.37257,1.52815],"texture":"#3"},"east":{"uv":[0,0,3.65382,1.52815],"texture":"#3"},"south":{"uv":[0,0,1.37257,1.52815],"texture":"#3"},"west":{"uv":[0,0,3.65382,1.52815],"texture":"#3"},"up":{"uv":[0,0,3.65382,1.37257],"rotation":90,"texture":"#3"},"down":{"uv":[0,0,1.37257,3.65382],"texture":"#3"}}},{"from":[13.48291,0.01863,11.17768],"to":[14.70548,1.56085,14.3315],"rotation":{"angle":0,"axis":"y","origin":[2.08508,15.06085,9.6635]},"faces":{"north":{"uv":[0,0,1.37257,1.54222],"texture":"#3"},"east":{"uv":[5,0,7.65382,1.54222],"texture":"#3"},"south":{"uv":[0,0,1.37257,1.54222],"texture":"#3"},"west":{"uv":[5,0,7.65382,1.54222],"texture":"#3"},"up":{"uv":[0,0,2.65382,1.37257],"rotation":90,"texture":"#3"},"down":{"uv":[0,0,1.37257,2.65382],"texture":"#3"}}},{"from":[14.35548,0.01863,13.8315],"to":[15.57808,1.57497,17.98539],"rotation":{"angle":0,"axis":"y","origin":[3.85768,15.07497,15.96739]},"faces":{"north":{"uv":[0,0,1.3726,1.55634],"texture":"#3"},"east":{"uv":[0,0,3.65389,1.55634],"texture":"#3"},"south":{"uv":[0,0,1.3726,1.55634],"texture":"#3"},"west":{"uv":[0,0,3.65389,1.55634],"texture":"#3"},"up":{"uv":[0,0,3.65389,1.3726],"rotation":90,"texture":"#3"},"down":{"uv":[0,0,1.3726,3.65389],"texture":"#3"}}},{"from":[15.22808,0.01863,17.48539],"to":[16.46168,1.575,21.63622],"rotation":{"angle":0,"axis":"y","origin":[3.84128,15.075,15.96822]},"faces":{"north":{"uv":[0,0,1.3836,1.55637],"texture":"#3"},"east":{"uv":[0,0,3.65083,1.55637],"texture":"#3"},"south":{"uv":[0,0,1.3836,1.55637],"texture":"#3"},"west":{"uv":[0,0,3.65083,1.55637],"texture":"#3"},"up":{"uv":[0,0,3.65083,1.3836],"rotation":90,"texture":"#3"},"down":{"uv":[0,0,1.3836,3.65083],"texture":"#3"}}},{"from":[14.34442,0.01863,21.13622],"to":[15.57808,1.57494,24.40342],"rotation":{"angle":0,"axis":"y","origin":[3.84122,15.07494,13.43382]},"faces":{"north":{"uv":[0,0,1.38366,1.55631],"texture":"#3"},"east":{"uv":[8,0,10.7672,1.55631],"texture":"#3"},"south":{"uv":[0,0,1.38366,1.55631],"texture":"#3"},"west":{"uv":[5,0,7.7672,1.55631],"texture":"#3"},"up":{"uv":[0,0,2.7672,1.38366],"rotation":90,"texture":"#3"},"down":{"uv":[0,0,1.38366,2.7672],"texture":"#3"}}},{"from":[13.46082,0.01863,23.90342],"to":[14.69448,1.57494,26.17062],"rotation":{"angle":0,"axis":"y","origin":[3.84122,15.07494,14.43382]},"faces":{"north":{"uv":[0,0,1.38366,1.55631],"texture":"#3"},"east":{"uv":[9,0,10.7672,1.55631],"texture":"#3"},"south":{"uv":[0,0,1.38366,1.55631],"texture":"#3"},"west":{"uv":[9,0,10.7672,1.55631],"texture":"#3"},"up":{"uv":[0,0,1.7672,1.38366],"rotation":90,"texture":"#3"},"down":{"uv":[0,0,1.38366,1.7672],"texture":"#3"}}},{"from":[12.57547,0.01689,25.67062],"to":[13.80913,1.57319,28.93782],"rotation":{"angle":0,"axis":"y","origin":[3.83947,15.07319,13.43382]},"faces":{"north":{"uv":[0,0,1.38366,1.55631],"texture":"#3"},"east":{"uv":[5,0,7.7672,1.55631],"texture":"#3"},"south":{"uv":[0,0,1.38366,1.55631],"texture":"#3"},"west":{"uv":[5,0,7.7672,1.55631],"texture":"#3"},"up":{"uv":[0,0,2.7672,1.38366],"rotation":90,"texture":"#3"},"down":{"uv":[0,0,1.38366,2.7672],"texture":"#3"}}},{"from":[3.00507,0.01689,28.43782],"to":[4.28873,1.57319,30.70502],"rotation":{"angle":0,"axis":"y","origin":[12.14107,15.07319,13.43382]},"faces":{"north":{"uv":[0,0,1.38366,1.55631],"texture":"#3"},"east":{"uv":[9,0,10.7672,1.55631],"texture":"#3"},"south":{"uv":[0,0,1.38366,1.55631],"texture":"#3"},"west":{"uv":[9,0,10.7672,1.55631],"texture":"#3"},"up":{"uv":[0,0,1.7672,1.38366],"rotation":90,"texture":"#3"},"down":{"uv":[0,0,1.38366,1.7672],"texture":"#3"}}},{"from":[11.68838,0.01395,28.43782],"to":[12.92553,1.57319,30.70503],"rotation":{"angle":0,"axis":"y","origin":[3.83947,15.07319,13.43382]},"faces":{"north":{"uv":[0,0,1.38715,1.55924],"texture":"#3"},"east":{"uv":[9,0,10.76721,1.55924],"texture":"#3"},"south":{"uv":[0,0,1.38715,1.55924],"texture":"#3"},"west":{"uv":[9,0,10.76721,1.55924],"texture":"#3"},"up":{"uv":[0,0,1.76721,1.38715],"rotation":90,"texture":"#3"},"down":{"uv":[0,0,1.38715,1.76721],"texture":"#3"}}},{"from":[2.22147,0.01689,25.67062],"to":[3.40513,1.57319,28.93782],"rotation":{"angle":0,"axis":"y","origin":[12.14107,15.07319,13.43382]},"faces":{"north":{"uv":[0,0,1.38366,1.55631],"texture":"#3"},"east":{"uv":[5,0,7.7672,1.55631],"texture":"#3"},"south":{"uv":[0,0,1.38366,1.55631],"texture":"#3"},"west":{"uv":[5,0,7.7672,1.55631],"texture":"#3"},"up":{"uv":[0,0,2.7672,1.38366],"rotation":90,"texture":"#3"},"down":{"uv":[0,0,1.38366,2.7672],"texture":"#3"}}},{"from":[1.33962,0.01863,23.90342],"to":[2.52328,1.57494,26.17062],"rotation":{"angle":0,"axis":"y","origin":[12.14282,15.07494,14.43382]},"faces":{"north":{"uv":[0,0,1.38366,1.55631],"texture":"#3"},"east":{"uv":[9,0,10.7672,1.55631],"texture":"#3"},"south":{"uv":[0,0,1.38366,1.55631],"texture":"#3"},"west":{"uv":[9,0,10.7672,1.55631],"texture":"#3"},"up":{"uv":[0,0,1.7672,1.38366],"rotation":90,"texture":"#3"},"down":{"uv":[0,0,1.38366,1.7672],"texture":"#3"}}},{"from":[0.45602,0.01863,21.13622],"to":[1.63968,1.57494,24.40342],"rotation":{"angle":0,"axis":"y","origin":[12.14282,15.07494,13.43382]},"faces":{"north":{"uv":[0,0,1.38366,1.55631],"texture":"#3"},"east":{"uv":[5,0,7.7672,1.55631],"texture":"#3"},"south":{"uv":[0,0,1.38366,1.55631],"texture":"#3"},"west":{"uv":[5,0,7.7672,1.55631],"texture":"#3"},"up":{"uv":[0,0,2.7672,1.38366],"rotation":90,"texture":"#3"},"down":{"uv":[0,0,1.38366,2.7672],"texture":"#3"}}},{"from":[-0.42752,0.01869,17.48542],"to":[0.75614,1.575,21.63622],"rotation":{"angle":0,"axis":"y","origin":[12.14288,15.075,15.96822]},"faces":{"north":{"uv":[0,0,1.38366,1.55631],"texture":"#3"},"east":{"uv":[0,0,3.6508,1.55631],"texture":"#3"},"south":{"uv":[0,0,1.38366,1.55631],"texture":"#3"},"west":{"uv":[0,0,3.6508,1.55631],"texture":"#3"},"up":{"uv":[0,0,3.6508,1.38366],"rotation":90,"texture":"#3"},"down":{"uv":[0,0,1.38366,3.6508],"texture":"#3"}}},{"from":[1.32873,0.00458,11.18076],"to":[2.51227,1.56091,14.33153],"rotation":{"angle":0,"axis":"y","origin":[13.89907,15.06091,9.66356]},"faces":{"north":{"uv":[0,0,1.38354,1.55633],"texture":"#3"},"east":{"uv":[5,0,7.65077,1.55633],"texture":"#3"},"south":{"uv":[0,0,1.38354,1.55633],"texture":"#3"},"west":{"uv":[5,0,7.65077,1.55633],"texture":"#3"},"up":{"uv":[0,0,2.65077,1.38354],"rotation":90,"texture":"#3"},"down":{"uv":[0,0,1.38354,2.65077],"texture":"#3"}}},{"from":[3.08484,0.00458,4.87312],"to":[4.25741,1.53276,8.02694],"rotation":{"angle":0,"axis":"y","origin":[15.64421,15.03276,3.35592]},"faces":{"north":{"uv":[0,0,1.37257,1.52819],"texture":"#3"},"east":{"uv":[5,0,7.65382,1.52819],"texture":"#3"},"south":{"uv":[0,0,1.37257,1.52819],"texture":"#3"},"west":{"uv":[5,0,7.65382,1.52819],"texture":"#3"},"up":{"uv":[0,0,2.65382,1.37257],"rotation":90,"texture":"#3"},"down":{"uv":[0,0,1.37257,2.65382],"texture":"#3"}}},{"from":[0.45614,0.01869,13.83464],"to":[1.63968,1.57503,17.98542],"rotation":{"angle":0,"axis":"y","origin":[12.12648,15.07503,15.96744]},"faces":{"north":{"uv":[0,0,1.38354,1.55633],"texture":"#3"},"east":{"uv":[0,0,3.65077,1.55633],"texture":"#3"},"south":{"uv":[0,0,1.38354,1.55633],"texture":"#3"},"west":{"uv":[0,0,3.65077,1.55633],"texture":"#3"},"up":{"uv":[0,0,3.65077,1.38354],"rotation":90,"texture":"#3"},"down":{"uv":[0,0,1.38354,3.65077],"texture":"#3"}}},{"from":[2.21227,0.00458,7.52694],"to":[3.38484,1.54684,11.68076],"rotation":{"angle":0,"axis":"y","origin":[13.87164,15.04684,9.65974]},"faces":{"north":{"uv":[0,0,1.37257,1.54226],"texture":"#3"},"east":{"uv":[0,0,3.65382,1.54226],"texture":"#3"},"south":{"uv":[0,0,1.37257,1.54226],"texture":"#3"},"west":{"uv":[0,0,3.65382,1.54226],"texture":"#3"},"up":{"uv":[0,0,3.65382,1.37257],"rotation":90,"texture":"#3"},"down":{"uv":[0,0,1.37257,3.65382],"texture":"#3"}}},{"from":[3.95741,0.00458,1.21931],"to":[5.12997,1.51869,5.37312],"rotation":{"angle":0,"axis":"y","origin":[15.61677,15.01869,3.35211]},"faces":{"north":{"uv":[0,0,1.37257,1.51411],"texture":"#3"},"east":{"uv":[0,0,3.65382,1.51411],"texture":"#3"},"south":{"uv":[0,0,1.37257,1.51411],"texture":"#3"},"west":{"uv":[0,0,3.65382,1.51411],"texture":"#3"},"up":{"uv":[0,0,3.65382,1.37257],"rotation":90,"texture":"#3"},"down":{"uv":[0,0,1.37257,3.65382],"texture":"#3"}}},{"from":[4.62997,0.00458,0.33731],"to":[11.25418,1.51869,1.56931],"rotation":{"angle":0,"axis":"y","origin":[11.24735,15.01966,15.66491]},"faces":{"north":{"uv":[2,0,8.9242,1.51411],"texture":"#3"},"east":{"uv":[0,0,1.382,1.51411],"texture":"#3"},"south":{"uv":[2,0,8.9242,1.51411],"texture":"#3"},"west":{"uv":[0,0,1.382,1.51411],"texture":"#3"},"up":{"uv":[0,0,6.9242,1.382],"texture":"#3"},"down":{"uv":[0,0,6.9242,1.382],"texture":"#3"}}},{"from":[3.78518,0.01395,30.35503],"to":[12.08838,1.56971,31.58924],"rotation":{"angle":0,"axis":"y","origin":[11.78832,15.07026,11.43444]},"faces":{"north":{"uv":[2,0,10.6032,1.55576],"texture":"#3"},"east":{"uv":[0,0,1.38421,1.55576],"texture":"#3"},"south":{"uv":[2,0,10.6032,1.55576],"texture":"#3"},"west":{"uv":[0,0,1.38421,1.55576],"texture":"#3"},"up":{"uv":[0,0,8.6032,1.38421],"texture":"#3"},"down":{"uv":[0,0,8.6032,1.38421],"texture":"#3"}}},{"from":[10.95418,7.00458,1.21931],"to":[12.08778,8.51863,5.37005],"rotation":{"angle":0,"axis":"y","origin":[0.36738,22.01863,3.35205]},"faces":{"north":{"uv":[0,0,1.3836,1.51406],"texture":"#3"},"east":{"uv":[0,0,3.65074,1.51406],"texture":"#3"},"south":{"uv":[0,0,1.3836,1.51406],"texture":"#3"},"west":{"uv":[0,0,3.65074,1.51406],"texture":"#3"},"up":{"uv":[0,0,3.65074,1.3836],"rotation":90,"texture":"#3"},"down":{"uv":[0,0,1.3836,3.65074],"texture":"#3"}}},{"from":[11.83778,7.01863,4.87005],"to":[12.96035,8.53271,8.02387],"rotation":{"angle":0,"axis":"y","origin":[0.33995,22.03271,3.35587]},"faces":{"north":{"uv":[0,0,1.37257,1.51407],"texture":"#3"},"east":{"uv":[5,0,7.65382,1.51407],"texture":"#3"},"south":{"uv":[0,0,1.37257,1.51407],"texture":"#3"},"west":{"uv":[5,0,7.65382,1.51407],"texture":"#3"},"up":{"uv":[0,0,2.65382,1.37257],"rotation":90,"texture":"#3"},"down":{"uv":[0,0,1.37257,2.65382],"texture":"#3"}}},{"from":[12.71035,7.01863,7.52387],"to":[13.83291,8.54678,11.67768],"rotation":{"angle":0,"axis":"y","origin":[2.11251,22.04678,9.65968]},"faces":{"north":{"uv":[0,0,1.37257,1.52815],"texture":"#3"},"east":{"uv":[0,0,3.65382,1.52815],"texture":"#3"},"south":{"uv":[0,0,1.37257,1.52815],"texture":"#3"},"west":{"uv":[0,0,3.65382,1.52815],"texture":"#3"},"up":{"uv":[0,0,3.65382,1.37257],"rotation":90,"texture":"#3"},"down":{"uv":[0,0,1.37257,3.65382],"texture":"#3"}}},{"from":[13.58291,7.01863,11.17768],"to":[14.70548,8.56085,14.3315],"rotation":{"angle":0,"axis":"y","origin":[2.08508,22.06085,9.6635]},"faces":{"north":{"uv":[0,0,1.37257,1.54222],"texture":"#3"},"east":{"uv":[5,0,7.65382,1.54222],"texture":"#3"},"south":{"uv":[0,0,1.37257,1.54222],"texture":"#3"},"west":{"uv":[5,0,7.65382,1.54222],"texture":"#3"},"up":{"uv":[0,0,2.65382,1.37257],"rotation":90,"texture":"#3"},"down":{"uv":[0,0,1.37257,2.65382],"texture":"#3"}}},{"from":[14.45548,7.01863,13.8315],"to":[15.57808,8.57497,17.98539],"rotation":{"angle":0,"axis":"y","origin":[3.85768,22.07497,15.96739]},"faces":{"north":{"uv":[0,0,1.3726,1.55634],"texture":"#3"},"east":{"uv":[0,0,3.65389,1.55634],"texture":"#3"},"south":{"uv":[0,0,1.3726,1.55634],"texture":"#3"},"west":{"uv":[0,0,3.65389,1.55634],"texture":"#3"},"up":{"uv":[0,0,3.65389,1.3726],"rotation":90,"texture":"#3"},"down":{"uv":[0,0,1.3726,3.65389],"texture":"#3"}}},{"from":[15.32808,7.01863,17.48539],"to":[16.46168,8.575,21.63622],"rotation":{"angle":0,"axis":"y","origin":[3.84128,22.075,15.96822]},"faces":{"north":{"uv":[0,0,1.3836,1.55637],"texture":"#3"},"east":{"uv":[0,0,3.65083,1.55637],"texture":"#3"},"south":{"uv":[0,0,1.3836,1.55637],"texture":"#3"},"west":{"uv":[0,0,3.65083,1.55637],"texture":"#3"},"up":{"uv":[0,0,3.65083,1.3836],"rotation":90,"texture":"#3"},"down":{"uv":[0,0,1.3836,3.65083],"texture":"#3"}}},{"from":[14.44442,7.01863,21.13622],"to":[15.57808,8.57494,24.40342],"rotation":{"angle":0,"axis":"y","origin":[3.84122,22.07494,13.43382]},"faces":{"north":{"uv":[0,0,1.38366,1.55631],"texture":"#3"},"east":{"uv":[8,0,10.7672,1.55631],"texture":"#3"},"south":{"uv":[0,0,1.38366,1.55631],"texture":"#3"},"west":{"uv":[5,0,7.7672,1.55631],"texture":"#3"},"up":{"uv":[0,0,2.7672,1.38366],"rotation":90,"texture":"#3"},"down":{"uv":[0,0,1.38366,2.7672],"texture":"#3"}}},{"from":[13.56082,7.01863,23.90342],"to":[14.69448,8.57494,26.17062],"rotation":{"angle":0,"axis":"y","origin":[3.84122,22.07494,14.43382]},"faces":{"north":{"uv":[0,0,1.38366,1.55631],"texture":"#3"},"east":{"uv":[9,0,10.7672,1.55631],"texture":"#3"},"south":{"uv":[0,0,1.38366,1.55631],"texture":"#3"},"west":{"uv":[9,0,10.7672,1.55631],"texture":"#3"},"up":{"uv":[0,0,1.7672,1.38366],"rotation":90,"texture":"#3"},"down":{"uv":[0,0,1.38366,1.7672],"texture":"#3"}}},{"from":[12.67547,7.01689,25.67062],"to":[13.80913,8.57319,28.93782],"rotation":{"angle":0,"axis":"y","origin":[3.83947,22.07319,13.43382]},"faces":{"north":{"uv":[0,0,1.38366,1.55631],"texture":"#3"},"east":{"uv":[5,0,7.7672,1.55631],"texture":"#3"},"south":{"uv":[0,0,1.38366,1.55631],"texture":"#3"},"west":{"uv":[5,0,7.7672,1.55631],"texture":"#3"},"up":{"uv":[0,0,2.7672,1.38366],"rotation":90,"texture":"#3"},"down":{"uv":[0,0,1.38366,2.7672],"texture":"#3"}}},{"from":[3.10507,7.01689,28.43782],"to":[4.18873,8.57319,30.70502],"rotation":{"angle":0,"axis":"y","origin":[12.14107,22.07319,13.43382]},"faces":{"north":{"uv":[0,0,1.38366,1.55631],"texture":"#3"},"east":{"uv":[9,0,10.7672,1.55631],"texture":"#3"},"south":{"uv":[0,0,1.38366,1.55631],"texture":"#3"},"west":{"uv":[9,0,10.7672,1.55631],"texture":"#3"},"up":{"uv":[0,0,1.7672,1.38366],"rotation":90,"texture":"#3"},"down":{"uv":[0,0,1.38366,1.7672],"texture":"#3"}}},{"from":[11.78838,7.01395,28.43782],"to":[12.92553,8.57319,30.70503],"rotation":{"angle":0,"axis":"y","origin":[3.83947,22.07319,13.43382]},"faces":{"north":{"uv":[0,0,1.38715,1.55924],"texture":"#3"},"east":{"uv":[9,0,10.76721,1.55924],"texture":"#3"},"south":{"uv":[0,0,1.38715,1.55924],"texture":"#3"},"west":{"uv":[9,0,10.76721,1.55924],"texture":"#3"},"up":{"uv":[0,0,1.76721,1.38715],"rotation":90,"texture":"#3"},"down":{"uv":[0,0,1.38715,1.76721],"texture":"#3"}}},{"from":[2.22147,7.01689,25.67062],"to":[3.30513,8.57319,28.93782],"rotation":{"angle":0,"axis":"y","origin":[12.14107,22.07319,13.43382]},"faces":{"north":{"uv":[0,0,1.38366,1.55631],"texture":"#3"},"east":{"uv":[5,0,7.7672,1.55631],"texture":"#3"},"south":{"uv":[0,0,1.38366,1.55631],"texture":"#3"},"west":{"uv":[5,0,7.7672,1.55631],"texture":"#3"},"up":{"uv":[0,0,2.7672,1.38366],"rotation":90,"texture":"#3"},"down":{"uv":[0,0,1.38366,2.7672],"texture":"#3"}}},{"from":[1.33962,7.01863,23.90342],"to":[2.42328,8.57494,26.17062],"rotation":{"angle":0,"axis":"y","origin":[12.14282,22.07494,14.43382]},"faces":{"north":{"uv":[0,0,1.38366,1.55631],"texture":"#3"},"east":{"uv":[9,0,10.7672,1.55631],"texture":"#3"},"south":{"uv":[0,0,1.38366,1.55631],"texture":"#3"},"west":{"uv":[9,0,10.7672,1.55631],"texture":"#3"},"up":{"uv":[0,0,1.7672,1.38366],"rotation":90,"texture":"#3"},"down":{"uv":[0,0,1.38366,1.7672],"texture":"#3"}}},{"from":[0.45602,7.01863,21.13622],"to":[1.53968,8.57494,24.40342],"rotation":{"angle":0,"axis":"y","origin":[12.14282,22.07494,13.43382]},"faces":{"north":{"uv":[0,0,1.38366,1.55631],"texture":"#3"},"east":{"uv":[5,0,7.7672,1.55631],"texture":"#3"},"south":{"uv":[0,0,1.38366,1.55631],"texture":"#3"},"west":{"uv":[5,0,7.7672,1.55631],"texture":"#3"},"up":{"uv":[0,0,2.7672,1.38366],"rotation":90,"texture":"#3"},"down":{"uv":[0,0,1.38366,2.7672],"texture":"#3"}}},{"from":[-0.42752,7.01869,17.48542],"to":[0.65614,8.575,21.63622],"rotation":{"angle":0,"axis":"y","origin":[12.14288,22.075,15.96822]},"faces":{"north":{"uv":[0,0,1.38366,1.55631],"texture":"#3"},"east":{"uv":[0,0,3.6508,1.55631],"texture":"#3"},"south":{"uv":[0,0,1.38366,1.55631],"texture":"#3"},"west":{"uv":[0,0,3.6508,1.55631],"texture":"#3"},"up":{"uv":[0,0,3.6508,1.38366],"rotation":90,"texture":"#3"},"down":{"uv":[0,0,1.38366,3.6508],"texture":"#3"}}},{"from":[1.32873,7.00458,11.18076],"to":[2.41227,8.56091,14.33153],"rotation":{"angle":0,"axis":"y","origin":[13.89907,22.06091,9.66356]},"faces":{"north":{"uv":[0,0,1.38354,1.55633],"texture":"#3"},"east":{"uv":[5,0,7.65077,1.55633],"texture":"#3"},"south":{"uv":[0,0,1.38354,1.55633],"texture":"#3"},"west":{"uv":[5,0,7.65077,1.55633],"texture":"#3"},"up":{"uv":[0,0,2.65077,1.38354],"rotation":90,"texture":"#3"},"down":{"uv":[0,0,1.38354,2.65077],"texture":"#3"}}},{"from":[3.08484,7.00458,4.87312],"to":[4.15741,8.53276,8.02694],"rotation":{"angle":0,"axis":"y","origin":[15.64421,22.03276,3.35592]},"faces":{"north":{"uv":[0,0,1.37257,1.52819],"texture":"#3"},"east":{"uv":[5,0,7.65382,1.52819],"texture":"#3"},"south":{"uv":[0,0,1.37257,1.52819],"texture":"#3"},"west":{"uv":[5,0,7.65382,1.52819],"texture":"#3"},"up":{"uv":[0,0,2.65382,1.37257],"rotation":90,"texture":"#3"},"down":{"uv":[0,0,1.37257,2.65382],"texture":"#3"}}},{"from":[0.45614,7.01869,13.83464],"to":[1.53968,8.57503,17.98542],"rotation":{"angle":0,"axis":"y","origin":[12.12648,22.07503,15.96744]},"faces":{"north":{"uv":[0,0,1.38354,1.55633],"texture":"#3"},"east":{"uv":[0,0,3.65077,1.55633],"texture":"#3"},"south":{"uv":[0,0,1.38354,1.55633],"texture":"#3"},"west":{"uv":[0,0,3.65077,1.55633],"texture":"#3"},"up":{"uv":[0,0,3.65077,1.38354],"rotation":90,"texture":"#3"},"down":{"uv":[0,0,1.38354,3.65077],"texture":"#3"}}},{"from":[2.21227,7.00458,7.52694],"to":[3.28484,8.54684,11.68076],"rotation":{"angle":0,"axis":"y","origin":[13.87164,22.04684,9.65974]},"faces":{"north":{"uv":[0,0,1.37257,1.54226],"texture":"#3"},"east":{"uv":[0,0,3.65382,1.54226],"texture":"#3"},"south":{"uv":[0,0,1.37257,1.54226],"texture":"#3"},"west":{"uv":[0,0,3.65382,1.54226],"texture":"#3"},"up":{"uv":[0,0,3.65382,1.37257],"rotation":90,"texture":"#3"},"down":{"uv":[0,0,1.37257,3.65382],"texture":"#3"}}},{"from":[3.95741,7.00458,1.21931],"to":[5.02997,8.51869,5.37312],"rotation":{"angle":0,"axis":"y","origin":[15.61677,22.01869,3.35211]},"faces":{"north":{"uv":[0,0,1.37257,1.51411],"texture":"#3"},"east":{"uv":[0,0,3.65382,1.51411],"texture":"#3"},"south":{"uv":[0,0,1.37257,1.51411],"texture":"#3"},"west":{"uv":[0,0,3.65382,1.51411],"texture":"#3"},"up":{"uv":[0,0,3.65382,1.37257],"rotation":90,"texture":"#3"},"down":{"uv":[0,0,1.37257,3.65382],"texture":"#3"}}},{"from":[4.62997,7.00458,0.33731],"to":[11.25418,8.51869,1.46931],"rotation":{"angle":0,"axis":"y","origin":[11.24735,22.01966,15.66491]},"faces":{"north":{"uv":[2,0,8.9242,1.51411],"texture":"#3"},"east":{"uv":[0,0,1.382,1.51411],"texture":"#3"},"south":{"uv":[2,0,8.9242,1.51411],"texture":"#3"},"west":{"uv":[0,0,1.382,1.51411],"texture":"#3"},"up":{"uv":[0,0,6.9242,1.382],"texture":"#3"},"down":{"uv":[0,0,6.9242,1.382],"texture":"#3"}}},{"from":[3.78518,7.01395,30.45503],"to":[12.08838,8.56971,31.58924],"rotation":{"angle":0,"axis":"y","origin":[11.78832,22.07026,11.43444]},"faces":{"north":{"uv":[2,0,10.6032,1.55576],"texture":"#3"},"east":{"uv":[0,0,1.38421,1.55576],"texture":"#3"},"south":{"uv":[2,0,10.6032,1.55576],"texture":"#3"},"west":{"uv":[0,0,1.38421,1.55576],"texture":"#3"},"up":{"uv":[0,0,8.6032,1.38421],"texture":"#3"},"down":{"uv":[0,0,8.6032,1.38421],"texture":"#3"}}}],"display":{"thirdperson_righthand":{"rotation":[75,-152.5,0],"translation":[-0.75,1.75,1],"scale":[0.25,0.25,0.25]},"thirdperson_lefthand":{"rotation":[75,-152.5,0],"translation":[-0.75,1.75,1],"scale":[0.25,0.25,0.25]},"firstperson_righthand":{"rotation":[35.25,113,-22.75],"translation":[1.25,2.5,0],"scale":[0.25,0.25,0.25]},"firstperson_lefthand":{"rotation":[35.25,113,-22.75],"translation":[1.25,2.5,0],"scale":[0.25,0.25,0.25]},"ground":{"translation":[0,1.75,-5.25],"scale":[0.3,0.3,0.3]},"gui":{"rotation":[30,225,0],"translation":[3,0.75,0],"scale":[0.52,0.52,0.52]},"head":{"translation":[0,-27.25,-15.25],"scale":[2,2,2]},"fixed":{"rotation":[-90,0,0],"translation":[0,-4.25,-3.75],"scale":[0.53,0.53,0.53]}},"groups":[{"name":"Coffin","origin":[8,8,8],"children":[{"name":"Sides","origin":[6.5,8,8.61538],"children":[0,1,2,3,4,5,6,7,8,9,10,11,12,13,14,15,16,17,18,19,20,21]},{"name":"Bottom","origin":[13.0033,15.02294,15.54385],"children":[22,23,24,25,26,27,28,29,30,31,32,33,34,35,{"name":"botttom ridge","origin":[6.5,8,8.61538],"children":[36,37,38,39,40,41,42,43,44,45,46,47,48,49,50,51,52,53,54,55,56,57]}]},{"name":"Top","origin":[13.0033,15.02294,15.54385],"children":[{"name":"Top Ridge","origin":[6.5,8,8.61538],"children":[58,59,60,61,62,63,64,65,66,67,68,69,70,71,72,73,74,75,76,77,78,79]}]}]}]}