{"credit":"Made by spike5032","textures":{"1":"block/black_concrete_powder","2":"block/quartz_block_bottom","particle":"block/black_concrete_powder"},"elements":[{"from":[3,0,1.75],"to":[13,0.5,14.25],"faces":{"north":{"uv":[7,0,8,1],"texture":"#2"},"east":{"uv":[7,0,8,1],"texture":"#2"},"south":{"uv":[7,0,8,1],"texture":"#2"},"west":{"uv":[7,0,8,1],"texture":"#2"},"up":{"uv":[7,0,8,1],"texture":"#2"},"down":{"uv":[7,0,8,1],"texture":"#2"}}},{"from":[1.75,0,3],"to":[14.25,0.5,13],"faces":{"north":{"uv":[7,0,8,1],"texture":"#2"},"east":{"uv":[7,0,8,1],"texture":"#2"},"south":{"uv":[7,0,8,1],"texture":"#2"},"west":{"uv":[7,0,8,1],"texture":"#2"},"up":{"uv":[7,0,8,1],"texture":"#2"},"down":{"uv":[7,0,8,1],"texture":"#2"}}},{"from":[12.32321,0.00175,12.79115],"to":[14.09098,0.50175,13.96793],"rotation":{"angle":45,"axis":"y","origin":[12.99999,0.75175,13.29115]},"faces":{"north":{"uv":[7,0,8,1],"texture":"#2"},"east":{"uv":[7,0,8,1],"texture":"#2"},"south":{"uv":[7,0,8,1],"texture":"#2"},"west":{"uv":[7,0,8,1],"texture":"#2"},"up":{"uv":[7,0,8,1],"texture":"#2"},"down":{"uv":[7,0,8,1],"texture":"#2"}}},{"from":[1.90902,-0.00175,12.79463],"to":[3.67679,0.49825,13.97141],"rotation":{"angle":-45,"axis":"y","origin":[3.00001,0.74825,13.29463]},"faces":{"north":{"uv":[7,0,8,1],"texture":"#2"},"east":{"uv":[7,0,8,1],"texture":"#2"},"south":{"uv":[7,0,8,1],"texture":"#2"},"west":{"uv":[7,0,8,1],"texture":"#2"},"up":{"uv":[7,0,8,1],"texture":"#2"},"down":{"uv":[7,0,8,1],"texture":"#2"}}},{"from":[1.90901,-0.00175,2.03207],"to":[3.67678,0.49825,3.20885],"rotation":{"angle":45,"axis":"y","origin":[3,0.74825,2.70885]},"faces":{"north":{"uv":[7,0,8,1],"texture":"#2"},"east":{"uv":[7,0,8,1],"texture":"#2"},"south":{"uv":[7,0,8,1],"texture":"#2"},"west":{"uv":[7,0,8,1],"texture":"#2"},"up":{"uv":[7,0,8,1],"texture":"#2"},"down":{"uv":[7,0,8,1],"texture":"#2"}}},{"from":[12.32322,0.00175,2.02859],"to":[14.09099,0.50175,3.20537],"rotation":{"angle":-45,"axis":"y","origin":[13,0.75175,2.70537]},"faces":{"north":{"uv":[7,0,8,1],"texture":"#2"},"east":{"uv":[7,0,8,1],"texture":"#2"},"south":{"uv":[7,0,8,1],"texture":"#2"},"west":{"uv":[7,0,8,1],"texture":"#2"},"up":{"uv":[7,0,8,1],"texture":"#2"},"down":{"uv":[7,0,8,1],"texture":"#2"}}},{"from":[1.0058,0.49825,1.62066],"to":[3.14646,0.99825,2.59153],"rotation":{"angle":45,"axis":"y","origin":[2.07613,0.74825,2.09153]},"faces":{"north":{"uv":[2,0,3,1],"texture":"#2"},"east":{"uv":[2,0,3,1],"texture":"#2"},"south":{"uv":[2,0,3,1],"texture":"#2"},"west":{"uv":[2,0,3,1],"texture":"#2"},"up":{"uv":[2,0,3,1],"texture":"#2"},"down":{"uv":[2,0,3,1],"texture":"#2"}}},{"from":[0.98633,0.5,2.51367],"to":[1.98633,1,13.48633],"rotation":{"angle":0,"axis":"y","origin":[6.98633,8,8.01367]},"faces":{"north":{"uv":[2,0,3,1],"texture":"#2"},"east":{"uv":[2,0,3,1],"texture":"#2"},"south":{"uv":[2,0,3,1],"texture":"#2"},"west":{"uv":[2,0,3,1],"texture":"#2"},"up":{"uv":[2,0,3,1],"texture":"#2"},"down":{"uv":[2,0,3,1],"texture":"#2"}}},{"from":[2.5,0.5,1],"to":[13.5,1,2],"faces":{"north":{"uv":[2,0,3,1],"rotation":90,"texture":"#2"},"east":{"uv":[2,0,3,1],"rotation":90,"texture":"#2"},"south":{"uv":[2,0,3,1],"rotation":90,"texture":"#2"},"west":{"uv":[2,0,3,1],"rotation":90,"texture":"#2"},"up":{"uv":[2,0,3,1],"rotation":90,"texture":"#2"},"down":{"uv":[2,0,3,1],"rotation":90,"texture":"#2"}}},{"from":[12.85355,0.5,1.61892],"to":[14.99421,1,2.58979],"rotation":{"angle":-45,"axis":"y","origin":[13.92388,0.75,2.08979]},"faces":{"north":{"uv":[2,0,3,1],"texture":"#2"},"east":{"uv":[2,0,3,1],"texture":"#2"},"south":{"uv":[2,0,3,1],"texture":"#2"},"west":{"uv":[2,0,3,1],"texture":"#2"},"up":{"uv":[2,0,3,1],"texture":"#2"},"down":{"uv":[2,0,3,1],"texture":"#2"}}},{"from":[14.01367,0.5,2.51367],"to":[15.01367,1,13.48633],"rotation":{"angle":0,"axis":"y","origin":[9.01367,8,8.01367]},"faces":{"north":{"uv":[2,0,3,1],"texture":"#2"},"east":{"uv":[2,0,3,1],"texture":"#2"},"south":{"uv":[2,0,3,1],"texture":"#2"},"west":{"uv":[2,0,3,1],"texture":"#2"},"up":{"uv":[2,0,3,1],"texture":"#2"},"down":{"uv":[2,0,3,1],"texture":"#2"}}},{"from":[12.85355,0.5,13.41021],"to":[14.99421,1,14.38108],"rotation":{"angle":45,"axis":"y","origin":[13.92388,0.75,13.91021]},"faces":{"north":{"uv":[2,0,3,1],"texture":"#2"},"east":{"uv":[2,0,3,1],"texture":"#2"},"south":{"uv":[2,0,3,1],"texture":"#2"},"west":{"uv":[2,0,3,1],"texture":"#2"},"up":{"uv":[2,0,3,1],"texture":"#2"},"down":{"uv":[2,0,3,1],"texture":"#2"}}},{"from":[2.5,0.5,14],"to":[13.5,1,15],"faces":{"north":{"uv":[2,0,3,1],"rotation":90,"texture":"#2"},"east":{"uv":[2,0,3,1],"rotation":90,"texture":"#2"},"south":{"uv":[2,0,3,1],"rotation":90,"texture":"#2"},"west":{"uv":[2,0,3,1],"rotation":90,"texture":"#2"},"up":{"uv":[2,0,3,1],"rotation":90,"texture":"#2"},"down":{"uv":[2,0,3,1],"rotation":90,"texture":"#2"}}},{"from":[1.0058,0.49825,13.41195],"to":[3.14646,0.99825,14.38282],"rotation":{"angle":-45,"axis":"y","origin":[2.07613,0.74825,13.91195]},"faces":{"north":{"uv":[2,0,3,1],"texture":"#2"},"east":{"uv":[2,0,3,1],"texture":"#2"},"south":{"uv":[2,0,3,1],"texture":"#2"},"west":{"uv":[2,0,3,1],"texture":"#2"},"up":{"uv":[2,0,3,1],"texture":"#2"},"down":{"uv":[2,0,3,1],"texture":"#2"}}},{"from":[10,0.5,11.00782],"to":[12,1,12.75782],"rotation":{"angle":0,"axis":"y","origin":[19,8.5,20.00782]},"faces":{"north":{"uv":[0,10,1,16],"rotation":90,"texture":"#1"},"east":{"uv":[0,10,1,16],"rotation":90,"texture":"#1"},"south":{"uv":[0,10,1,16],"rotation":90,"texture":"#1"},"west":{"uv":[0,10,1,16],"rotation":90,"texture":"#1"},"up":{"uv":[1,10,7,16],"texture":"#1"},"down":{"uv":[1,10,7,16],"texture":"#1"}}},{"from":[10.25,0.5,12.75782],"to":[11.75,1,13.00782],"rotation":{"angle":0,"axis":"y","origin":[19,8.5,20.00782]},"faces":{"north":{"uv":[1,15,5,16],"texture":"#1"},"east":{"uv":[4,15,5,16],"texture":"#1"},"south":{"uv":[1,15,5,16],"texture":"#1"},"west":{"uv":[1,15,2,16],"texture":"#1"},"up":{"uv":[1,15,5,16],"texture":"#1"},"down":{"uv":[1,15,5,16],"texture":"#1"}}},{"from":[10.4,0.5,10.35782],"to":[11.6,1,11.00782],"rotation":{"angle":0,"axis":"y","origin":[19,8.5,19.00782]},"faces":{"north":{"uv":[1,15,5,16],"texture":"#1"},"east":{"uv":[2,15,4,16],"texture":"#1"},"south":{"uv":[0,0,1.2,0.5],"texture":"#missing"},"west":{"uv":[2,15,4,16],"texture":"#1"},"up":{"uv":[1,10,6,12],"rotation":180,"texture":"#1"},"down":{"uv":[1,10,6,12],"rotation":180,"texture":"#1"}}},{"from":[11.85,0.501,10.95782],"to":[12.6,0.976,11.35782],"rotation":{"angle":22.5,"axis":"y","origin":[12.34656,0.74081,11.12044]},"faces":{"north":{"uv":[2,10,6,11],"texture":"#1"},"east":{"uv":[2,10,6,11],"texture":"#1"},"south":{"uv":[2,10,6,11],"texture":"#1"},"west":{"uv":[2,10,6,11],"texture":"#1"},"up":{"uv":[2,10,6,11],"texture":"#1"},"down":{"uv":[2,10,6,11],"texture":"#1"}}},{"from":[9.4,0.501,10.95782],"to":[10.15,0.976,11.35782],"rotation":{"angle":-22.5,"axis":"y","origin":[9.65344,0.74081,11.12044]},"faces":{"north":{"uv":[2,10,6,11],"texture":"#1"},"east":{"uv":[2,10,6,11],"texture":"#1"},"south":{"uv":[2,10,6,11],"texture":"#1"},"west":{"uv":[2,10,6,11],"texture":"#1"},"up":{"uv":[2,10,6,11],"texture":"#1"},"down":{"uv":[2,10,6,11],"texture":"#1"}}},{"from":[12.00366,0.501,11.62567],"to":[12.75366,0.976,12.02567],"rotation":{"angle":0,"axis":"y","origin":[12.60419,0.74265,11.68787]},"faces":{"north":{"uv":[2,10,6,11],"texture":"#1"},"east":{"uv":[2,10,6,11],"texture":"#1"},"south":{"uv":[2,10,6,11],"texture":"#1"},"west":{"uv":[2,10,6,11],"texture":"#1"},"up":{"uv":[2,10,6,11],"texture":"#1"},"down":{"uv":[2,10,6,11],"texture":"#1"}}},{"from":[9.24634,0.501,11.62567],"to":[9.99634,0.976,12.02567],"rotation":{"angle":0,"axis":"y","origin":[9.39581,0.74265,11.68787]},"faces":{"north":{"uv":[2,10,6,11],"texture":"#1"},"east":{"uv":[2,10,6,11],"texture":"#1"},"south":{"uv":[2,10,6,11],"texture":"#1"},"west":{"uv":[2,10,6,11],"texture":"#1"},"up":{"uv":[2,10,6,11],"texture":"#1"},"down":{"uv":[2,10,6,11],"texture":"#1"}}},{"from":[11.90366,0.501,12.37567],"to":[12.65366,0.976,12.77567],"rotation":{"angle":-22.5,"axis":"y","origin":[12.50419,0.74265,12.43787]},"faces":{"north":{"uv":[2,10,6,11],"texture":"#1"},"east":{"uv":[2,10,6,11],"texture":"#1"},"south":{"uv":[2,10,6,11],"texture":"#1"},"west":{"uv":[2,10,6,11],"texture":"#1"},"up":{"uv":[2,10,6,11],"texture":"#1"},"down":{"uv":[2,10,6,11],"texture":"#1"}}},{"from":[9.34634,0.501,12.37567],"to":[10.09634,0.976,12.77567],"rotation":{"angle":22.5,"axis":"y","origin":[9.49581,0.74265,12.43787]},"faces":{"north":{"uv":[2,10,6,11],"texture":"#1"},"east":{"uv":[2,10,6,11],"texture":"#1"},"south":{"uv":[2,10,6,11],"texture":"#1"},"west":{"uv":[2,10,6,11],"texture":"#1"},"up":{"uv":[2,10,6,11],"texture":"#1"},"down":{"uv":[2,10,6,11],"texture":"#1"}}},{"from":[12.4789,0.5009,10.4392],"to":[12.8789,0.9759,11.1892],"rotation":{"angle":-22.5,"axis":"y","origin":[12.64151,0.74208,10.69265]},"faces":{"north":{"uv":[2,10,6,11],"texture":"#1"},"east":{"uv":[2,10,6,11],"texture":"#1"},"south":{"uv":[2,10,6,11],"texture":"#1"},"west":{"uv":[2,10,6,11],"texture":"#1"},"up":{"uv":[2,10,6,11],"rotation":90,"texture":"#1"},"down":{"uv":[2,10,6,11],"rotation":90,"texture":"#1"}}},{"from":[9.1211,0.5009,10.4392],"to":[9.5211,0.9759,11.1892],"rotation":{"angle":22.5,"axis":"y","origin":[9.35849,0.74208,10.69265]},"faces":{"north":{"uv":[6,10,7,11],"rotation":90,"texture":"#1"},"east":{"uv":[2,10,6,11],"texture":"#1"},"south":{"uv":[2,10,6,11],"rotation":90,"texture":"#1"},"west":{"uv":[2,10,6,11],"texture":"#1"},"up":{"uv":[2,10,6,11],"rotation":90,"texture":"#1"},"down":{"uv":[2,10,6,11],"rotation":90,"texture":"#1"}}},{"from":[12.54785,0.5009,11.07086],"to":[12.94785,0.9759,11.82086],"rotation":{"angle":-45,"axis":"y","origin":[12.60419,0.74265,11.68787]},"faces":{"north":{"uv":[2,10,6,11],"texture":"#1"},"east":{"uv":[2,10,6,11],"texture":"#1"},"south":{"uv":[2,10,6,11],"texture":"#1"},"west":{"uv":[2,10,6,11],"texture":"#1"},"up":{"uv":[2,10,6,11],"rotation":90,"texture":"#1"},"down":{"uv":[2,10,6,11],"rotation":90,"texture":"#1"}}},{"from":[9.05215,0.5009,11.07086],"to":[9.45215,0.9759,11.82086],"rotation":{"angle":45,"axis":"y","origin":[9.39581,0.74265,11.68787]},"faces":{"north":{"uv":[6,10,7,11],"rotation":90,"texture":"#1"},"east":{"uv":[2,10,6,11],"texture":"#1"},"south":{"uv":[2,10,6,11],"rotation":90,"texture":"#1"},"west":{"uv":[2,10,6,11],"texture":"#1"},"up":{"uv":[2,10,6,11],"rotation":90,"texture":"#1"},"down":{"uv":[2,10,6,11],"rotation":90,"texture":"#1"}}},{"from":[12.37121,0.5009,12.38154],"to":[13.12121,0.9759,12.78154],"rotation":{"angle":22.5,"axis":"y","origin":[12.50419,0.74265,12.43787]},"faces":{"north":{"uv":[2,10,6,11],"texture":"#1"},"east":{"uv":[2,10,6,11],"texture":"#1"},"south":{"uv":[2,10,6,11],"texture":"#1"},"west":{"uv":[2,10,6,11],"texture":"#1"},"up":{"uv":[2,10,6,11],"texture":"#1"},"down":{"uv":[2,10,6,11],"texture":"#1"}}},{"from":[8.87879,0.5009,12.38154],"to":[9.62879,0.9759,12.78154],"rotation":{"angle":-22.5,"axis":"y","origin":[9.49581,0.74265,12.43787]},"faces":{"north":{"uv":[2,10,6,11],"texture":"#1"},"east":{"uv":[2,10,6,11],"texture":"#1"},"south":{"uv":[2,10,6,11],"texture":"#1"},"west":{"uv":[2,10,6,11],"texture":"#1"},"up":{"uv":[2,10,6,11],"texture":"#1"},"down":{"uv":[2,10,6,11],"texture":"#1"}}},{"from":[10,0.5,7.25782],"to":[12,1,9.00782],"rotation":{"angle":0,"axis":"y","origin":[19,8.5,16.25782]},"faces":{"north":{"uv":[0,10,1,16],"rotation":90,"texture":"#1"},"east":{"uv":[0,10,1,16],"rotation":90,"texture":"#1"},"south":{"uv":[0,10,1,16],"rotation":90,"texture":"#1"},"west":{"uv":[0,10,1,16],"rotation":90,"texture":"#1"},"up":{"uv":[1,10,7,16],"texture":"#1"},"down":{"uv":[1,10,7,16],"texture":"#1"}}},{"from":[10.25,0.5,9.00782],"to":[11.75,1,9.25782],"rotation":{"angle":0,"axis":"y","origin":[19,8.5,16.25782]},"faces":{"north":{"uv":[1,15,5,16],"texture":"#1"},"east":{"uv":[4,15,5,16],"texture":"#1"},"south":{"uv":[1,15,5,16],"texture":"#1"},"west":{"uv":[1,15,2,16],"texture":"#1"},"up":{"uv":[1,15,5,16],"texture":"#1"},"down":{"uv":[1,15,5,16],"texture":"#1"}}},{"from":[10.4,0.5,6.60782],"to":[11.6,1,7.25782],"rotation":{"angle":0,"axis":"y","origin":[19,8.5,15.25782]},"faces":{"north":{"uv":[1,15,5,16],"texture":"#1"},"east":{"uv":[2,15,4,16],"texture":"#1"},"south":{"uv":[0,0,1.2,0.5],"texture":"#missing"},"west":{"uv":[2,15,4,16],"texture":"#1"},"up":{"uv":[1,10,6,12],"rotation":180,"texture":"#1"},"down":{"uv":[1,10,6,12],"rotation":180,"texture":"#1"}}},{"from":[11.85,0.501,7.20782],"to":[12.6,0.976,7.60782],"rotation":{"angle":22.5,"axis":"y","origin":[12.34656,0.74081,7.37044]},"faces":{"north":{"uv":[2,10,6,11],"texture":"#1"},"east":{"uv":[2,10,6,11],"texture":"#1"},"south":{"uv":[2,10,6,11],"texture":"#1"},"west":{"uv":[2,10,6,11],"texture":"#1"},"up":{"uv":[2,10,6,11],"texture":"#1"},"down":{"uv":[2,10,6,11],"texture":"#1"}}},{"from":[9.4,0.501,7.20782],"to":[10.15,0.976,7.60782],"rotation":{"angle":-22.5,"axis":"y","origin":[9.65344,0.74081,7.37044]},"faces":{"north":{"uv":[2,10,6,11],"texture":"#1"},"east":{"uv":[2,10,6,11],"texture":"#1"},"south":{"uv":[2,10,6,11],"texture":"#1"},"west":{"uv":[2,10,6,11],"texture":"#1"},"up":{"uv":[2,10,6,11],"texture":"#1"},"down":{"uv":[2,10,6,11],"texture":"#1"}}},{"from":[12.00366,0.501,7.87567],"to":[12.75366,0.976,8.27567],"rotation":{"angle":0,"axis":"y","origin":[12.60419,0.74265,7.93787]},"faces":{"north":{"uv":[2,10,6,11],"texture":"#1"},"east":{"uv":[2,10,6,11],"texture":"#1"},"south":{"uv":[2,10,6,11],"texture":"#1"},"west":{"uv":[2,10,6,11],"texture":"#1"},"up":{"uv":[2,10,6,11],"texture":"#1"},"down":{"uv":[2,10,6,11],"texture":"#1"}}},{"from":[9.24634,0.501,7.87567],"to":[9.99634,0.976,8.27567],"rotation":{"angle":0,"axis":"y","origin":[9.39581,0.74265,7.93787]},"faces":{"north":{"uv":[2,10,6,11],"texture":"#1"},"east":{"uv":[2,10,6,11],"texture":"#1"},"south":{"uv":[2,10,6,11],"texture":"#1"},"west":{"uv":[2,10,6,11],"texture":"#1"},"up":{"uv":[2,10,6,11],"texture":"#1"},"down":{"uv":[2,10,6,11],"texture":"#1"}}},{"from":[11.90366,0.501,8.62567],"to":[12.65366,0.976,9.02567],"rotation":{"angle":-22.5,"axis":"y","origin":[12.50419,0.74265,8.68787]},"faces":{"north":{"uv":[2,10,6,11],"texture":"#1"},"east":{"uv":[2,10,6,11],"texture":"#1"},"south":{"uv":[2,10,6,11],"texture":"#1"},"west":{"uv":[2,10,6,11],"texture":"#1"},"up":{"uv":[2,10,6,11],"texture":"#1"},"down":{"uv":[2,10,6,11],"texture":"#1"}}},{"from":[9.34634,0.501,8.62567],"to":[10.09634,0.976,9.02567],"rotation":{"angle":22.5,"axis":"y","origin":[9.49581,0.74265,8.68787]},"faces":{"north":{"uv":[2,10,6,11],"texture":"#1"},"east":{"uv":[2,10,6,11],"texture":"#1"},"south":{"uv":[2,10,6,11],"texture":"#1"},"west":{"uv":[2,10,6,11],"texture":"#1"},"up":{"uv":[2,10,6,11],"texture":"#1"},"down":{"uv":[2,10,6,11],"texture":"#1"}}},{"from":[12.4789,0.5009,6.6892],"to":[12.8789,0.9759,7.4392],"rotation":{"angle":-22.5,"axis":"y","origin":[12.64151,0.74208,6.94265]},"faces":{"north":{"uv":[2,10,6,11],"texture":"#1"},"east":{"uv":[2,10,6,11],"texture":"#1"},"south":{"uv":[2,10,6,11],"texture":"#1"},"west":{"uv":[2,10,6,11],"texture":"#1"},"up":{"uv":[2,10,6,11],"rotation":90,"texture":"#1"},"down":{"uv":[2,10,6,11],"rotation":90,"texture":"#1"}}},{"from":[9.1211,0.5009,6.6892],"to":[9.5211,0.9759,7.4392],"rotation":{"angle":22.5,"axis":"y","origin":[9.35849,0.74208,6.94265]},"faces":{"north":{"uv":[6,10,7,11],"rotation":90,"texture":"#1"},"east":{"uv":[2,10,6,11],"texture":"#1"},"south":{"uv":[2,10,6,11],"rotation":90,"texture":"#1"},"west":{"uv":[2,10,6,11],"texture":"#1"},"up":{"uv":[2,10,6,11],"rotation":90,"texture":"#1"},"down":{"uv":[2,10,6,11],"rotation":90,"texture":"#1"}}},{"from":[12.54785,0.5009,7.32086],"to":[12.94785,0.9759,8.07086],"rotation":{"angle":-45,"axis":"y","origin":[12.60419,0.74265,7.93787]},"faces":{"north":{"uv":[2,10,6,11],"texture":"#1"},"east":{"uv":[2,10,6,11],"texture":"#1"},"south":{"uv":[2,10,6,11],"texture":"#1"},"west":{"uv":[2,10,6,11],"texture":"#1"},"up":{"uv":[2,10,6,11],"rotation":90,"texture":"#1"},"down":{"uv":[2,10,6,11],"rotation":90,"texture":"#1"}}},{"from":[9.05215,0.5009,7.32086],"to":[9.45215,0.9759,8.07086],"rotation":{"angle":45,"axis":"y","origin":[9.39581,0.74265,7.93787]},"faces":{"north":{"uv":[6,10,7,11],"rotation":90,"texture":"#1"},"east":{"uv":[2,10,6,11],"texture":"#1"},"south":{"uv":[2,10,6,11],"rotation":90,"texture":"#1"},"west":{"uv":[2,10,6,11],"texture":"#1"},"up":{"uv":[2,10,6,11],"rotation":90,"texture":"#1"},"down":{"uv":[2,10,6,11],"rotation":90,"texture":"#1"}}},{"from":[12.37121,0.5009,8.63154],"to":[13.12121,0.9759,9.03154],"rotation":{"angle":22.5,"axis":"y","origin":[12.50419,0.74265,8.68787]},"faces":{"north":{"uv":[2,10,6,11],"texture":"#1"},"east":{"uv":[2,10,6,11],"texture":"#1"},"south":{"uv":[2,10,6,11],"texture":"#1"},"west":{"uv":[2,10,6,11],"texture":"#1"},"up":{"uv":[2,10,6,11],"texture":"#1"},"down":{"uv":[2,10,6,11],"texture":"#1"}}},{"from":[8.87879,0.5009,8.63154],"to":[9.62879,0.9759,9.03154],"rotation":{"angle":-22.5,"axis":"y","origin":[9.49581,0.74265,8.68787]},"faces":{"north":{"uv":[2,10,6,11],"texture":"#1"},"east":{"uv":[2,10,6,11],"texture":"#1"},"south":{"uv":[2,10,6,11],"texture":"#1"},"west":{"uv":[2,10,6,11],"texture":"#1"},"up":{"uv":[2,10,6,11],"texture":"#1"},"down":{"uv":[2,10,6,11],"texture":"#1"}}},{"from":[10,0.5,3.50782],"to":[12,1,5.25782],"rotation":{"angle":0,"axis":"y","origin":[19,8.5,12.50782]},"faces":{"north":{"uv":[0,10,1,16],"rotation":90,"texture":"#1"},"east":{"uv":[0,10,1,16],"rotation":90,"texture":"#1"},"south":{"uv":[0,10,1,16],"rotation":90,"texture":"#1"},"west":{"uv":[0,10,1,16],"rotation":90,"texture":"#1"},"up":{"uv":[1,10,7,16],"texture":"#1"},"down":{"uv":[1,10,7,16],"texture":"#1"}}},{"from":[10.25,0.5,5.25782],"to":[11.75,1,5.50782],"rotation":{"angle":0,"axis":"y","origin":[19,8.5,12.50782]},"faces":{"north":{"uv":[1,15,5,16],"texture":"#1"},"east":{"uv":[4,15,5,16],"texture":"#1"},"south":{"uv":[1,15,5,16],"texture":"#1"},"west":{"uv":[1,15,2,16],"texture":"#1"},"up":{"uv":[1,15,5,16],"texture":"#1"},"down":{"uv":[1,15,5,16],"texture":"#1"}}},{"from":[10.4,0.5,2.85782],"to":[11.6,1,3.50782],"rotation":{"angle":0,"axis":"y","origin":[19,8.5,11.50782]},"faces":{"north":{"uv":[1,15,5,16],"texture":"#1"},"east":{"uv":[2,15,4,16],"texture":"#1"},"south":{"uv":[0,0,1.2,0.5],"texture":"#missing"},"west":{"uv":[2,15,4,16],"texture":"#1"},"up":{"uv":[1,10,6,12],"rotation":180,"texture":"#1"},"down":{"uv":[1,10,6,12],"rotation":180,"texture":"#1"}}},{"from":[11.85,0.501,3.45782],"to":[12.6,0.976,3.85782],"rotation":{"angle":22.5,"axis":"y","origin":[12.34656,0.74081,3.62044]},"faces":{"north":{"uv":[2,10,6,11],"texture":"#1"},"east":{"uv":[2,10,6,11],"texture":"#1"},"south":{"uv":[2,10,6,11],"texture":"#1"},"west":{"uv":[2,10,6,11],"texture":"#1"},"up":{"uv":[2,10,6,11],"texture":"#1"},"down":{"uv":[2,10,6,11],"texture":"#1"}}},{"from":[9.4,0.501,3.45782],"to":[10.15,0.976,3.85782],"rotation":{"angle":-22.5,"axis":"y","origin":[9.65344,0.74081,3.62044]},"faces":{"north":{"uv":[2,10,6,11],"texture":"#1"},"east":{"uv":[2,10,6,11],"texture":"#1"},"south":{"uv":[2,10,6,11],"texture":"#1"},"west":{"uv":[2,10,6,11],"texture":"#1"},"up":{"uv":[2,10,6,11],"texture":"#1"},"down":{"uv":[2,10,6,11],"texture":"#1"}}},{"from":[12.00366,0.501,4.12567],"to":[12.75366,0.976,4.52567],"rotation":{"angle":0,"axis":"y","origin":[12.60419,0.74265,4.18787]},"faces":{"north":{"uv":[2,10,6,11],"texture":"#1"},"east":{"uv":[2,10,6,11],"texture":"#1"},"south":{"uv":[2,10,6,11],"texture":"#1"},"west":{"uv":[2,10,6,11],"texture":"#1"},"up":{"uv":[2,10,6,11],"texture":"#1"},"down":{"uv":[2,10,6,11],"texture":"#1"}}},{"from":[9.24634,0.501,4.12567],"to":[9.99634,0.976,4.52567],"rotation":{"angle":0,"axis":"y","origin":[9.39581,0.74265,4.18787]},"faces":{"north":{"uv":[2,10,6,11],"texture":"#1"},"east":{"uv":[2,10,6,11],"texture":"#1"},"south":{"uv":[2,10,6,11],"texture":"#1"},"west":{"uv":[2,10,6,11],"texture":"#1"},"up":{"uv":[2,10,6,11],"texture":"#1"},"down":{"uv":[2,10,6,11],"texture":"#1"}}},{"from":[11.90366,0.501,4.87567],"to":[12.65366,0.976,5.27567],"rotation":{"angle":-22.5,"axis":"y","origin":[12.50419,0.74265,4.93787]},"faces":{"north":{"uv":[2,10,6,11],"texture":"#1"},"east":{"uv":[2,10,6,11],"texture":"#1"},"south":{"uv":[2,10,6,11],"texture":"#1"},"west":{"uv":[2,10,6,11],"texture":"#1"},"up":{"uv":[2,10,6,11],"texture":"#1"},"down":{"uv":[2,10,6,11],"texture":"#1"}}},{"from":[9.34634,0.501,4.87567],"to":[10.09634,0.976,5.27567],"rotation":{"angle":22.5,"axis":"y","origin":[9.49581,0.74265,4.93787]},"faces":{"north":{"uv":[2,10,6,11],"texture":"#1"},"east":{"uv":[2,10,6,11],"texture":"#1"},"south":{"uv":[2,10,6,11],"texture":"#1"},"west":{"uv":[2,10,6,11],"texture":"#1"},"up":{"uv":[2,10,6,11],"texture":"#1"},"down":{"uv":[2,10,6,11],"texture":"#1"}}},{"from":[12.4789,0.5009,2.9392],"to":[12.8789,0.9759,3.6892],"rotation":{"angle":-22.5,"axis":"y","origin":[12.64151,0.74208,3.19265]},"faces":{"north":{"uv":[2,10,6,11],"texture":"#1"},"east":{"uv":[2,10,6,11],"texture":"#1"},"south":{"uv":[2,10,6,11],"texture":"#1"},"west":{"uv":[2,10,6,11],"texture":"#1"},"up":{"uv":[2,10,6,11],"rotation":90,"texture":"#1"},"down":{"uv":[2,10,6,11],"rotation":90,"texture":"#1"}}},{"from":[9.1211,0.5009,2.9392],"to":[9.5211,0.9759,3.6892],"rotation":{"angle":22.5,"axis":"y","origin":[9.35849,0.74208,3.19265]},"faces":{"north":{"uv":[6,10,7,11],"rotation":90,"texture":"#1"},"east":{"uv":[2,10,6,11],"texture":"#1"},"south":{"uv":[2,10,6,11],"rotation":90,"texture":"#1"},"west":{"uv":[2,10,6,11],"texture":"#1"},"up":{"uv":[2,10,6,11],"rotation":90,"texture":"#1"},"down":{"uv":[2,10,6,11],"rotation":90,"texture":"#1"}}},{"from":[12.54785,0.5009,3.57086],"to":[12.94785,0.9759,4.32086],"rotation":{"angle":-45,"axis":"y","origin":[12.60419,0.74265,4.18787]},"faces":{"north":{"uv":[2,10,6,11],"texture":"#1"},"east":{"uv":[2,10,6,11],"texture":"#1"},"south":{"uv":[2,10,6,11],"texture":"#1"},"west":{"uv":[2,10,6,11],"texture":"#1"},"up":{"uv":[2,10,6,11],"rotation":90,"texture":"#1"},"down":{"uv":[2,10,6,11],"rotation":90,"texture":"#1"}}},{"from":[9.05215,0.5009,3.57086],"to":[9.45215,0.9759,4.32086],"rotation":{"angle":45,"axis":"y","origin":[9.39581,0.74265,4.18787]},"faces":{"north":{"uv":[6,10,7,11],"rotation":90,"texture":"#1"},"east":{"uv":[2,10,6,11],"texture":"#1"},"south":{"uv":[2,10,6,11],"rotation":90,"texture":"#1"},"west":{"uv":[2,10,6,11],"texture":"#1"},"up":{"uv":[2,10,6,11],"rotation":90,"texture":"#1"},"down":{"uv":[2,10,6,11],"rotation":90,"texture":"#1"}}},{"from":[12.37121,0.5009,4.88154],"to":[13.12121,0.9759,5.28154],"rotation":{"angle":22.5,"axis":"y","origin":[12.50419,0.74265,4.93787]},"faces":{"north":{"uv":[2,10,6,11],"texture":"#1"},"east":{"uv":[2,10,6,11],"texture":"#1"},"south":{"uv":[2,10,6,11],"texture":"#1"},"west":{"uv":[2,10,6,11],"texture":"#1"},"up":{"uv":[2,10,6,11],"texture":"#1"},"down":{"uv":[2,10,6,11],"texture":"#1"}}},{"from":[8.87879,0.5009,4.88154],"to":[9.62879,0.9759,5.28154],"rotation":{"angle":-22.5,"axis":"y","origin":[9.49581,0.74265,4.93787]},"faces":{"north":{"uv":[2,10,6,11],"texture":"#1"},"east":{"uv":[2,10,6,11],"texture":"#1"},"south":{"uv":[2,10,6,11],"texture":"#1"},"west":{"uv":[2,10,6,11],"texture":"#1"},"up":{"uv":[2,10,6,11],"texture":"#1"},"down":{"uv":[2,10,6,11],"texture":"#1"}}},{"from":[4,0.5,11.00782],"to":[6,1,12.75782],"rotation":{"angle":0,"axis":"y","origin":[13,8.5,20.00782]},"faces":{"north":{"uv":[0,10,1,16],"rotation":90,"texture":"#1"},"east":{"uv":[0,10,1,16],"rotation":90,"texture":"#1"},"south":{"uv":[0,10,1,16],"rotation":90,"texture":"#1"},"west":{"uv":[0,10,1,16],"rotation":90,"texture":"#1"},"up":{"uv":[1,10,7,16],"texture":"#1"},"down":{"uv":[1,10,7,16],"texture":"#1"}}},{"from":[4.25,0.5,12.75782],"to":[5.75,1,13.00782],"rotation":{"angle":0,"axis":"y","origin":[13,8.5,20.00782]},"faces":{"north":{"uv":[1,15,5,16],"texture":"#1"},"east":{"uv":[4,15,5,16],"texture":"#1"},"south":{"uv":[1,15,5,16],"texture":"#1"},"west":{"uv":[1,15,2,16],"texture":"#1"},"up":{"uv":[1,15,5,16],"texture":"#1"},"down":{"uv":[1,15,5,16],"texture":"#1"}}},{"from":[4.4,0.5,10.35782],"to":[5.6,1,11.00782],"rotation":{"angle":0,"axis":"y","origin":[13,8.5,19.00782]},"faces":{"north":{"uv":[1,15,5,16],"texture":"#1"},"east":{"uv":[2,15,4,16],"texture":"#1"},"south":{"uv":[0,0,1.2,0.5],"texture":"#missing"},"west":{"uv":[2,15,4,16],"texture":"#1"},"up":{"uv":[1,10,6,12],"rotation":180,"texture":"#1"},"down":{"uv":[1,10,6,12],"rotation":180,"texture":"#1"}}},{"from":[5.85,0.501,10.95782],"to":[6.6,0.976,11.35782],"rotation":{"angle":22.5,"axis":"y","origin":[6.34656,0.74081,11.12044]},"faces":{"north":{"uv":[2,10,6,11],"texture":"#1"},"east":{"uv":[2,10,6,11],"texture":"#1"},"south":{"uv":[2,10,6,11],"texture":"#1"},"west":{"uv":[2,10,6,11],"texture":"#1"},"up":{"uv":[2,10,6,11],"texture":"#1"},"down":{"uv":[2,10,6,11],"texture":"#1"}}},{"from":[3.4,0.501,10.95782],"to":[4.15,0.976,11.35782],"rotation":{"angle":-22.5,"axis":"y","origin":[3.65344,0.74081,11.12044]},"faces":{"north":{"uv":[2,10,6,11],"texture":"#1"},"east":{"uv":[2,10,6,11],"texture":"#1"},"south":{"uv":[2,10,6,11],"texture":"#1"},"west":{"uv":[2,10,6,11],"texture":"#1"},"up":{"uv":[2,10,6,11],"texture":"#1"},"down":{"uv":[2,10,6,11],"texture":"#1"}}},{"from":[6.00366,0.501,11.62567],"to":[6.75366,0.976,12.02567],"rotation":{"angle":0,"axis":"y","origin":[6.60419,0.74265,11.68787]},"faces":{"north":{"uv":[2,10,6,11],"texture":"#1"},"east":{"uv":[2,10,6,11],"texture":"#1"},"south":{"uv":[2,10,6,11],"texture":"#1"},"west":{"uv":[2,10,6,11],"texture":"#1"},"up":{"uv":[2,10,6,11],"texture":"#1"},"down":{"uv":[2,10,6,11],"texture":"#1"}}},{"from":[3.24634,0.501,11.62567],"to":[3.99634,0.976,12.02567],"rotation":{"angle":0,"axis":"y","origin":[3.39581,0.74265,11.68787]},"faces":{"north":{"uv":[2,10,6,11],"texture":"#1"},"east":{"uv":[2,10,6,11],"texture":"#1"},"south":{"uv":[2,10,6,11],"texture":"#1"},"west":{"uv":[2,10,6,11],"texture":"#1"},"up":{"uv":[2,10,6,11],"texture":"#1"},"down":{"uv":[2,10,6,11],"texture":"#1"}}},{"from":[5.90366,0.501,12.37567],"to":[6.65366,0.976,12.77567],"rotation":{"angle":-22.5,"axis":"y","origin":[6.50419,0.74265,12.43787]},"faces":{"north":{"uv":[2,10,6,11],"texture":"#1"},"east":{"uv":[2,10,6,11],"texture":"#1"},"south":{"uv":[2,10,6,11],"texture":"#1"},"west":{"uv":[2,10,6,11],"texture":"#1"},"up":{"uv":[2,10,6,11],"texture":"#1"},"down":{"uv":[2,10,6,11],"texture":"#1"}}},{"from":[3.34634,0.501,12.37567],"to":[4.09634,0.976,12.77567],"rotation":{"angle":22.5,"axis":"y","origin":[3.49581,0.74265,12.43787]},"faces":{"north":{"uv":[2,10,6,11],"texture":"#1"},"east":{"uv":[2,10,6,11],"texture":"#1"},"south":{"uv":[2,10,6,11],"texture":"#1"},"west":{"uv":[2,10,6,11],"texture":"#1"},"up":{"uv":[2,10,6,11],"texture":"#1"},"down":{"uv":[2,10,6,11],"texture":"#1"}}},{"from":[6.4789,0.5009,10.4392],"to":[6.8789,0.9759,11.1892],"rotation":{"angle":-22.5,"axis":"y","origin":[6.64151,0.74208,10.69265]},"faces":{"north":{"uv":[2,10,6,11],"texture":"#1"},"east":{"uv":[2,10,6,11],"texture":"#1"},"south":{"uv":[2,10,6,11],"texture":"#1"},"west":{"uv":[2,10,6,11],"texture":"#1"},"up":{"uv":[2,10,6,11],"rotation":90,"texture":"#1"},"down":{"uv":[2,10,6,11],"rotation":90,"texture":"#1"}}},{"from":[3.1211,0.5009,10.4392],"to":[3.5211,0.9759,11.1892],"rotation":{"angle":22.5,"axis":"y","origin":[3.35849,0.74208,10.69265]},"faces":{"north":{"uv":[6,10,7,11],"rotation":90,"texture":"#1"},"east":{"uv":[2,10,6,11],"texture":"#1"},"south":{"uv":[2,10,6,11],"rotation":90,"texture":"#1"},"west":{"uv":[2,10,6,11],"texture":"#1"},"up":{"uv":[2,10,6,11],"rotation":90,"texture":"#1"},"down":{"uv":[2,10,6,11],"rotation":90,"texture":"#1"}}},{"from":[6.54785,0.5009,11.07086],"to":[6.94785,0.9759,11.82086],"rotation":{"angle":-45,"axis":"y","origin":[6.60419,0.74265,11.68787]},"faces":{"north":{"uv":[2,10,6,11],"texture":"#1"},"east":{"uv":[2,10,6,11],"texture":"#1"},"south":{"uv":[2,10,6,11],"texture":"#1"},"west":{"uv":[2,10,6,11],"texture":"#1"},"up":{"uv":[2,10,6,11],"rotation":90,"texture":"#1"},"down":{"uv":[2,10,6,11],"rotation":90,"texture":"#1"}}},{"from":[3.05215,0.5009,11.07086],"to":[3.45215,0.9759,11.82086],"rotation":{"angle":45,"axis":"y","origin":[3.39581,0.74265,11.68787]},"faces":{"north":{"uv":[6,10,7,11],"rotation":90,"texture":"#1"},"east":{"uv":[2,10,6,11],"texture":"#1"},"south":{"uv":[2,10,6,11],"rotation":90,"texture":"#1"},"west":{"uv":[2,10,6,11],"texture":"#1"},"up":{"uv":[2,10,6,11],"rotation":90,"texture":"#1"},"down":{"uv":[2,10,6,11],"rotation":90,"texture":"#1"}}},{"from":[6.37121,0.5009,12.38154],"to":[7.12121,0.9759,12.78154],"rotation":{"angle":22.5,"axis":"y","origin":[6.50419,0.74265,12.43787]},"faces":{"north":{"uv":[2,10,6,11],"texture":"#1"},"east":{"uv":[2,10,6,11],"texture":"#1"},"south":{"uv":[2,10,6,11],"texture":"#1"},"west":{"uv":[2,10,6,11],"texture":"#1"},"up":{"uv":[2,10,6,11],"texture":"#1"},"down":{"uv":[2,10,6,11],"texture":"#1"}}},{"from":[2.87879,0.5009,12.38154],"to":[3.62879,0.9759,12.78154],"rotation":{"angle":-22.5,"axis":"y","origin":[3.49581,0.74265,12.43787]},"faces":{"north":{"uv":[2,10,6,11],"texture":"#1"},"east":{"uv":[2,10,6,11],"texture":"#1"},"south":{"uv":[2,10,6,11],"texture":"#1"},"west":{"uv":[2,10,6,11],"texture":"#1"},"up":{"uv":[2,10,6,11],"texture":"#1"},"down":{"uv":[2,10,6,11],"texture":"#1"}}},{"from":[4,0.5,7.25782],"to":[6,1,9.00782],"rotation":{"angle":0,"axis":"y","origin":[13,8.5,16.25782]},"faces":{"north":{"uv":[0,10,1,16],"rotation":90,"texture":"#1"},"east":{"uv":[0,10,1,16],"rotation":90,"texture":"#1"},"south":{"uv":[0,10,1,16],"rotation":90,"texture":"#1"},"west":{"uv":[0,10,1,16],"rotation":90,"texture":"#1"},"up":{"uv":[1,10,7,16],"texture":"#1"},"down":{"uv":[1,10,7,16],"texture":"#1"}}},{"from":[4.25,0.5,9.00782],"to":[5.75,1,9.25782],"rotation":{"angle":0,"axis":"y","origin":[13,8.5,16.25782]},"faces":{"north":{"uv":[1,15,5,16],"texture":"#1"},"east":{"uv":[4,15,5,16],"texture":"#1"},"south":{"uv":[1,15,5,16],"texture":"#1"},"west":{"uv":[1,15,2,16],"texture":"#1"},"up":{"uv":[1,15,5,16],"texture":"#1"},"down":{"uv":[1,15,5,16],"texture":"#1"}}},{"from":[4.4,0.5,6.60782],"to":[5.6,1,7.25782],"rotation":{"angle":0,"axis":"y","origin":[13,8.5,15.25782]},"faces":{"north":{"uv":[1,15,5,16],"texture":"#1"},"east":{"uv":[2,15,4,16],"texture":"#1"},"south":{"uv":[0,0,1.2,0.5],"texture":"#missing"},"west":{"uv":[2,15,4,16],"texture":"#1"},"up":{"uv":[1,10,6,12],"rotation":180,"texture":"#1"},"down":{"uv":[1,10,6,12],"rotation":180,"texture":"#1"}}},{"from":[5.85,0.501,7.20782],"to":[6.6,0.976,7.60782],"rotation":{"angle":22.5,"axis":"y","origin":[6.34656,0.74081,7.37044]},"faces":{"north":{"uv":[2,10,6,11],"texture":"#1"},"east":{"uv":[2,10,6,11],"texture":"#1"},"south":{"uv":[2,10,6,11],"texture":"#1"},"west":{"uv":[2,10,6,11],"texture":"#1"},"up":{"uv":[2,10,6,11],"texture":"#1"},"down":{"uv":[2,10,6,11],"texture":"#1"}}},{"from":[3.4,0.501,7.20782],"to":[4.15,0.976,7.60782],"rotation":{"angle":-22.5,"axis":"y","origin":[3.65344,0.74081,7.37044]},"faces":{"north":{"uv":[2,10,6,11],"texture":"#1"},"east":{"uv":[2,10,6,11],"texture":"#1"},"south":{"uv":[2,10,6,11],"texture":"#1"},"west":{"uv":[2,10,6,11],"texture":"#1"},"up":{"uv":[2,10,6,11],"texture":"#1"},"down":{"uv":[2,10,6,11],"texture":"#1"}}},{"from":[6.00366,0.501,7.87567],"to":[6.75366,0.976,8.27567],"rotation":{"angle":0,"axis":"y","origin":[6.60419,0.74265,7.93787]},"faces":{"north":{"uv":[2,10,6,11],"texture":"#1"},"east":{"uv":[2,10,6,11],"texture":"#1"},"south":{"uv":[2,10,6,11],"texture":"#1"},"west":{"uv":[2,10,6,11],"texture":"#1"},"up":{"uv":[2,10,6,11],"texture":"#1"},"down":{"uv":[2,10,6,11],"texture":"#1"}}},{"from":[3.24634,0.501,7.87567],"to":[3.99634,0.976,8.27567],"rotation":{"angle":0,"axis":"y","origin":[3.39581,0.74265,7.93787]},"faces":{"north":{"uv":[2,10,6,11],"texture":"#1"},"east":{"uv":[2,10,6,11],"texture":"#1"},"south":{"uv":[2,10,6,11],"texture":"#1"},"west":{"uv":[2,10,6,11],"texture":"#1"},"up":{"uv":[2,10,6,11],"texture":"#1"},"down":{"uv":[2,10,6,11],"texture":"#1"}}},{"from":[5.90366,0.501,8.62567],"to":[6.65366,0.976,9.02567],"rotation":{"angle":-22.5,"axis":"y","origin":[6.50419,0.74265,8.68787]},"faces":{"north":{"uv":[2,10,6,11],"texture":"#1"},"east":{"uv":[2,10,6,11],"texture":"#1"},"south":{"uv":[2,10,6,11],"texture":"#1"},"west":{"uv":[2,10,6,11],"texture":"#1"},"up":{"uv":[2,10,6,11],"texture":"#1"},"down":{"uv":[2,10,6,11],"texture":"#1"}}},{"from":[3.34634,0.501,8.62567],"to":[4.09634,0.976,9.02567],"rotation":{"angle":22.5,"axis":"y","origin":[3.49581,0.74265,8.68787]},"faces":{"north":{"uv":[2,10,6,11],"texture":"#1"},"east":{"uv":[2,10,6,11],"texture":"#1"},"south":{"uv":[2,10,6,11],"texture":"#1"},"west":{"uv":[2,10,6,11],"texture":"#1"},"up":{"uv":[2,10,6,11],"texture":"#1"},"down":{"uv":[2,10,6,11],"texture":"#1"}}},{"from":[6.4789,0.5009,6.6892],"to":[6.8789,0.9759,7.4392],"rotation":{"angle":-22.5,"axis":"y","origin":[6.64151,0.74208,6.94265]},"faces":{"north":{"uv":[2,10,6,11],"texture":"#1"},"east":{"uv":[2,10,6,11],"texture":"#1"},"south":{"uv":[2,10,6,11],"texture":"#1"},"west":{"uv":[2,10,6,11],"texture":"#1"},"up":{"uv":[2,10,6,11],"rotation":90,"texture":"#1"},"down":{"uv":[2,10,6,11],"rotation":90,"texture":"#1"}}},{"from":[3.1211,0.5009,6.6892],"to":[3.5211,0.9759,7.4392],"rotation":{"angle":22.5,"axis":"y","origin":[3.35849,0.74208,6.94265]},"faces":{"north":{"uv":[6,10,7,11],"rotation":90,"texture":"#1"},"east":{"uv":[2,10,6,11],"texture":"#1"},"south":{"uv":[2,10,6,11],"rotation":90,"texture":"#1"},"west":{"uv":[2,10,6,11],"texture":"#1"},"up":{"uv":[2,10,6,11],"rotation":90,"texture":"#1"},"down":{"uv":[2,10,6,11],"rotation":90,"texture":"#1"}}},{"from":[6.54785,0.5009,7.32086],"to":[6.94785,0.9759,8.07086],"rotation":{"angle":-45,"axis":"y","origin":[6.60419,0.74265,7.93787]},"faces":{"north":{"uv":[2,10,6,11],"texture":"#1"},"east":{"uv":[2,10,6,11],"texture":"#1"},"south":{"uv":[2,10,6,11],"texture":"#1"},"west":{"uv":[2,10,6,11],"texture":"#1"},"up":{"uv":[2,10,6,11],"rotation":90,"texture":"#1"},"down":{"uv":[2,10,6,11],"rotation":90,"texture":"#1"}}},{"from":[3.05215,0.5009,7.32086],"to":[3.45215,0.9759,8.07086],"rotation":{"angle":45,"axis":"y","origin":[3.39581,0.74265,7.93787]},"faces":{"north":{"uv":[6,10,7,11],"rotation":90,"texture":"#1"},"east":{"uv":[2,10,6,11],"texture":"#1"},"south":{"uv":[2,10,6,11],"rotation":90,"texture":"#1"},"west":{"uv":[2,10,6,11],"texture":"#1"},"up":{"uv":[2,10,6,11],"rotation":90,"texture":"#1"},"down":{"uv":[2,10,6,11],"rotation":90,"texture":"#1"}}},{"from":[6.37121,0.5009,8.63154],"to":[7.12121,0.9759,9.03154],"rotation":{"angle":22.5,"axis":"y","origin":[6.50419,0.74265,8.68787]},"faces":{"north":{"uv":[2,10,6,11],"texture":"#1"},"east":{"uv":[2,10,6,11],"texture":"#1"},"south":{"uv":[2,10,6,11],"texture":"#1"},"west":{"uv":[2,10,6,11],"texture":"#1"},"up":{"uv":[2,10,6,11],"texture":"#1"},"down":{"uv":[2,10,6,11],"texture":"#1"}}},{"from":[2.87879,0.5009,8.63154],"to":[3.62879,0.9759,9.03154],"rotation":{"angle":-22.5,"axis":"y","origin":[3.49581,0.74265,8.68787]},"faces":{"north":{"uv":[2,10,6,11],"texture":"#1"},"east":{"uv":[2,10,6,11],"texture":"#1"},"south":{"uv":[2,10,6,11],"texture":"#1"},"west":{"uv":[2,10,6,11],"texture":"#1"},"up":{"uv":[2,10,6,11],"texture":"#1"},"down":{"uv":[2,10,6,11],"texture":"#1"}}},{"from":[4,0.5,3.50782],"to":[6,1,5.25782],"rotation":{"angle":0,"axis":"y","origin":[13,8.5,12.50782]},"faces":{"north":{"uv":[0,10,1,16],"rotation":90,"texture":"#1"},"east":{"uv":[0,10,1,16],"rotation":90,"texture":"#1"},"south":{"uv":[0,10,1,16],"rotation":90,"texture":"#1"},"west":{"uv":[0,10,1,16],"rotation":90,"texture":"#1"},"up":{"uv":[1,10,7,16],"texture":"#1"},"down":{"uv":[1,10,7,16],"texture":"#1"}}},{"from":[4.25,0.5,5.25782],"to":[5.75,1,5.50782],"rotation":{"angle":0,"axis":"y","origin":[13,8.5,12.50782]},"faces":{"north":{"uv":[1,15,5,16],"texture":"#1"},"east":{"uv":[4,15,5,16],"texture":"#1"},"south":{"uv":[1,15,5,16],"texture":"#1"},"west":{"uv":[1,15,2,16],"texture":"#1"},"up":{"uv":[1,15,5,16],"texture":"#1"},"down":{"uv":[1,15,5,16],"texture":"#1"}}},{"from":[4.4,0.5,2.85782],"to":[5.6,1,3.50782],"rotation":{"angle":0,"axis":"y","origin":[13,8.5,11.50782]},"faces":{"north":{"uv":[1,15,5,16],"texture":"#1"},"east":{"uv":[2,15,4,16],"texture":"#1"},"south":{"uv":[0,0,1.2,0.5],"texture":"#missing"},"west":{"uv":[2,15,4,16],"texture":"#1"},"up":{"uv":[1,10,6,12],"rotation":180,"texture":"#1"},"down":{"uv":[1,10,6,12],"rotation":180,"texture":"#1"}}},{"from":[5.85,0.501,3.45782],"to":[6.6,0.976,3.85782],"rotation":{"angle":22.5,"axis":"y","origin":[6.34656,0.74081,3.62044]},"faces":{"north":{"uv":[2,10,6,11],"texture":"#1"},"east":{"uv":[2,10,6,11],"texture":"#1"},"south":{"uv":[2,10,6,11],"texture":"#1"},"west":{"uv":[2,10,6,11],"texture":"#1"},"up":{"uv":[2,10,6,11],"texture":"#1"},"down":{"uv":[2,10,6,11],"texture":"#1"}}},{"from":[3.4,0.501,3.45782],"to":[4.15,0.976,3.85782],"rotation":{"angle":-22.5,"axis":"y","origin":[3.65344,0.74081,3.62044]},"faces":{"north":{"uv":[2,10,6,11],"texture":"#1"},"east":{"uv":[2,10,6,11],"texture":"#1"},"south":{"uv":[2,10,6,11],"texture":"#1"},"west":{"uv":[2,10,6,11],"texture":"#1"},"up":{"uv":[2,10,6,11],"texture":"#1"},"down":{"uv":[2,10,6,11],"texture":"#1"}}},{"from":[6.00366,0.501,4.12567],"to":[6.75366,0.976,4.52567],"rotation":{"angle":0,"axis":"y","origin":[6.60419,0.74265,4.18787]},"faces":{"north":{"uv":[2,10,6,11],"texture":"#1"},"east":{"uv":[2,10,6,11],"texture":"#1"},"south":{"uv":[2,10,6,11],"texture":"#1"},"west":{"uv":[2,10,6,11],"texture":"#1"},"up":{"uv":[2,10,6,11],"texture":"#1"},"down":{"uv":[2,10,6,11],"texture":"#1"}}},{"from":[3.24634,0.501,4.12567],"to":[3.99634,0.976,4.52567],"rotation":{"angle":0,"axis":"y","origin":[3.39581,0.74265,4.18787]},"faces":{"north":{"uv":[2,10,6,11],"texture":"#1"},"east":{"uv":[2,10,6,11],"texture":"#1"},"south":{"uv":[2,10,6,11],"texture":"#1"},"west":{"uv":[2,10,6,11],"texture":"#1"},"up":{"uv":[2,10,6,11],"texture":"#1"},"down":{"uv":[2,10,6,11],"texture":"#1"}}},{"from":[5.90366,0.501,4.87567],"to":[6.65366,0.976,5.27567],"rotation":{"angle":-22.5,"axis":"y","origin":[6.50419,0.74265,4.93787]},"faces":{"north":{"uv":[2,10,6,11],"texture":"#1"},"east":{"uv":[2,10,6,11],"texture":"#1"},"south":{"uv":[2,10,6,11],"texture":"#1"},"west":{"uv":[2,10,6,11],"texture":"#1"},"up":{"uv":[2,10,6,11],"texture":"#1"},"down":{"uv":[2,10,6,11],"texture":"#1"}}},{"from":[3.34634,0.501,4.87567],"to":[4.09634,0.976,5.27567],"rotation":{"angle":22.5,"axis":"y","origin":[3.49581,0.74265,4.93787]},"faces":{"north":{"uv":[2,10,6,11],"texture":"#1"},"east":{"uv":[2,10,6,11],"texture":"#1"},"south":{"uv":[2,10,6,11],"texture":"#1"},"west":{"uv":[2,10,6,11],"texture":"#1"},"up":{"uv":[2,10,6,11],"texture":"#1"},"down":{"uv":[2,10,6,11],"texture":"#1"}}},{"from":[6.4789,0.5009,2.9392],"to":[6.8789,0.9759,3.6892],"rotation":{"angle":-22.5,"axis":"y","origin":[6.64151,0.74208,3.19265]},"faces":{"north":{"uv":[2,10,6,11],"texture":"#1"},"east":{"uv":[2,10,6,11],"texture":"#1"},"south":{"uv":[2,10,6,11],"texture":"#1"},"west":{"uv":[2,10,6,11],"texture":"#1"},"up":{"uv":[2,10,6,11],"rotation":90,"texture":"#1"},"down":{"uv":[2,10,6,11],"rotation":90,"texture":"#1"}}},{"from":[3.1211,0.5009,2.9392],"to":[3.5211,0.9759,3.6892],"rotation":{"angle":22.5,"axis":"y","origin":[3.35849,0.74208,3.19265]},"faces":{"north":{"uv":[6,10,7,11],"rotation":90,"texture":"#1"},"east":{"uv":[2,10,6,11],"texture":"#1"},"south":{"uv":[2,10,6,11],"rotation":90,"texture":"#1"},"west":{"uv":[2,10,6,11],"texture":"#1"},"up":{"uv":[2,10,6,11],"rotation":90,"texture":"#1"},"down":{"uv":[2,10,6,11],"rotation":90,"texture":"#1"}}},{"from":[6.54785,0.5009,3.57086],"to":[6.94785,0.9759,4.32086],"rotation":{"angle":-45,"axis":"y","origin":[6.60419,0.74265,4.18787]},"faces":{"north":{"uv":[2,10,6,11],"texture":"#1"},"east":{"uv":[2,10,6,11],"texture":"#1"},"south":{"uv":[2,10,6,11],"texture":"#1"},"west":{"uv":[2,10,6,11],"texture":"#1"},"up":{"uv":[2,10,6,11],"rotation":90,"texture":"#1"},"down":{"uv":[2,10,6,11],"rotation":90,"texture":"#1"}}},{"from":[3.05215,0.5009,3.57086],"to":[3.45215,0.9759,4.32086],"rotation":{"angle":45,"axis":"y","origin":[3.39581,0.74265,4.18787]},"faces":{"north":{"uv":[6,10,7,11],"rotation":90,"texture":"#1"},"east":{"uv":[2,10,6,11],"texture":"#1"},"south":{"uv":[2,10,6,11],"rotation":90,"texture":"#1"},"west":{"uv":[2,10,6,11],"texture":"#1"},"up":{"uv":[2,10,6,11],"rotation":90,"texture":"#1"},"down":{"uv":[2,10,6,11],"rotation":90,"texture":"#1"}}},{"from":[6.37121,0.5009,4.88154],"to":[7.12121,0.9759,5.28154],"rotation":{"angle":22.5,"axis":"y","origin":[6.50419,0.74265,4.93787]},"faces":{"north":{"uv":[2,10,6,11],"texture":"#1"},"east":{"uv":[2,10,6,11],"texture":"#1"},"south":{"uv":[2,10,6,11],"texture":"#1"},"west":{"uv":[2,10,6,11],"texture":"#1"},"up":{"uv":[2,10,6,11],"texture":"#1"},"down":{"uv":[2,10,6,11],"texture":"#1"}}},{"from":[2.87879,0.5009,4.88154],"to":[3.62879,0.9759,5.28154],"rotation":{"angle":-22.5,"axis":"y","origin":[3.49581,0.74265,4.93787]},"faces":{"north":{"uv":[2,10,6,11],"texture":"#1"},"east":{"uv":[2,10,6,11],"texture":"#1"},"south":{"uv":[2,10,6,11],"texture":"#1"},"west":{"uv":[2,10,6,11],"texture":"#1"},"up":{"uv":[2,10,6,11],"texture":"#1"},"down":{"uv":[2,10,6,11],"texture":"#1"}}}],"display":{"thirdperson_righthand":{"rotation":[75,90,0],"translation":[-5.5,3.75,5],"scale":[0.6914,0.6914,0.6914]},"thirdperson_lefthand":{"rotation":[75,90,0],"translation":[-5.5,3.75,5],"scale":[0.6914,0.6914,0.6914]},"firstperson_righthand":{"rotation":[5.25,30.75,3],"translation":[0,5.75,1],"scale":[0.53906,0.53906,0.53906]},"firstperson_lefthand":{"rotation":[5.25,30.75,3],"translation":[0,5.75,1],"scale":[0.53906,0.53906,0.53906]},"ground":{"translation":[0,4.25,0],"scale":[0.5,0.5,0.5]},"gui":{"rotation":[30,-161,0],"translation":[0,5.5,0],"scale":[0.89648,0.89648,0.89648]},"head":{"rotation":[0,-180,0],"translation":[0,-35.25,0]},"fixed":{"rotation":[-90,0,0],"translation":[0,0,-9.75],"scale":[1.28,1.28,1.28]}},"groups":[{"name":"Plate","origin":[8,8,8],"children":[{"name":"Bottom","origin":[12,0.75,2.70711],"children":[0,1,2,3,4,5]},{"name":"Rim","origin":[3.07612,0.75,13.91021],"children":[6,7,8,9,10,11,12,13]}]},{"name":"group","origin":[8,8,8],"children":[{"name":"Spider","origin":[-8.50419,0.24265,0.43005],"children":[14,15,16,17,18,19,20,21,22,23,24,25,26,27,28]},{"name":"Spider","origin":[-8.50419,0.24265,0.43005],"children":[29,30,31,32,33,34,35,36,37,38,39,40,41,42,43]},{"name":"Spider","origin":[-8.50419,0.24265,0.43005],"children":[44,45,46,47,48,49,50,51,52,53,54,55,56,57,58]}]},{"name":"group","origin":[8,8,8],"children":[{"name":"Spider","origin":[-8.50419,0.24265,0.43005],"children":[59,60,61,62,63,64,65,66,67,68,69,70,71,72,73]},{"name":"Spider","origin":[-8.50419,0.24265,0.43005],"children":[74,75,76,77,78,79,80,81,82,83,84,85,86,87,88]},{"name":"Spider","origin":[-8.50419,0.24265,0.43005],"children":[89,90,91,92,93,94,95,96,97,98,99,100,101,102,103]}]}]}