{"credit":"Made by spike5032","textures":{"0":"block/red_concrete","1":"block/white_concrete","particle":"block/red_concrete"},"elements":[{"name":"octagon","from":[6.87629,5.92,5.20895],"to":[9.19456,6.27984,5.76991],"rotation":{"angle":22.5,"axis":"y","origin":[7.99924,8.52984,8.09271]},"faces":{"north":{"uv":[0,0,1,1],"texture":"#1"},"east":{"uv":[0,0,1,1],"texture":"#1"},"south":{"uv":[0,0,1,1],"texture":"#1"},"west":{"uv":[0,0,1,1],"texture":"#1"},"up":{"uv":[0,0,1,1],"texture":"#1"},"down":{"uv":[0,0,1,1],"texture":"#1"}}},{"name":"octagon","from":[6.81063,5.92,5.18147],"to":[9.1289,6.27977,5.74314],"rotation":{"angle":-22.5,"axis":"y","origin":[7.93429,8.52977,8.06594]},"faces":{"north":{"uv":[0,0,1,1],"texture":"#1"},"east":{"uv":[0,0,1,1],"texture":"#1"},"south":{"uv":[0,0,1,1],"texture":"#1"},"west":{"uv":[0,0,1,1],"texture":"#1"},"up":{"uv":[0,0,1,1],"texture":"#1"},"down":{"uv":[0,0,1,1],"texture":"#1"}}},{"name":"octagon","from":[6.80601,5.92,10.23194],"to":[9.12428,6.28016,10.7919],"rotation":{"angle":22.5,"axis":"y","origin":[7.99891,8.53016,7.90914]},"faces":{"north":{"uv":[0,0,1,1],"texture":"#1"},"east":{"uv":[0,0,1,1],"texture":"#1"},"south":{"uv":[0,0,1,1],"texture":"#1"},"west":{"uv":[0,0,1,1],"texture":"#1"},"up":{"uv":[0,0,1,1],"texture":"#1"},"down":{"uv":[0,0,1,1],"texture":"#1"}}},{"name":"octagon","from":[6.87025,5.92,10.25871],"to":[9.18852,6.28023,10.81796],"rotation":{"angle":-22.5,"axis":"y","origin":[8.06386,8.53023,7.93591]},"faces":{"north":{"uv":[0,0,1,1],"texture":"#1"},"east":{"uv":[0,0,1,1],"texture":"#1"},"south":{"uv":[0,0,1,1],"texture":"#1"},"west":{"uv":[0,0,1,1],"texture":"#1"},"up":{"uv":[0,0,1,1],"texture":"#1"},"down":{"uv":[0,0,1,1],"texture":"#1"}}},{"name":"octagon","from":[5.20881,5.92,6.80615],"to":[5.76806,6.28016,9.12442],"rotation":{"angle":22.5,"axis":"y","origin":[8.09086,8.53016,8.00077]},"faces":{"north":{"uv":[0,0,1,1],"texture":"#1"},"east":{"uv":[0,0,1,1],"texture":"#1"},"south":{"uv":[0,0,1,1],"texture":"#1"},"west":{"uv":[0,0,1,1],"texture":"#1"},"up":{"uv":[0,0,1,1],"texture":"#1"},"down":{"uv":[0,0,1,1],"texture":"#1"}}},{"name":"octagon","from":[5.18133,5.92,6.87039],"to":[5.74129,6.28,9.18866],"rotation":{"angle":-22.5,"axis":"y","origin":[8.06409,8.53,8.06572]},"faces":{"north":{"uv":[0,0,1,1],"texture":"#1"},"east":{"uv":[0,0,1,1],"texture":"#1"},"south":{"uv":[0,0,1,1],"texture":"#1"},"west":{"uv":[0,0,1,1],"texture":"#1"},"up":{"uv":[0,0,1,1],"texture":"#1"},"down":{"uv":[0,0,1,1],"texture":"#1"}}},{"name":"octagon","from":[10.23009,5.92,6.87643],"to":[10.79176,6.27984,9.1947],"rotation":{"angle":22.5,"axis":"y","origin":[7.90729,8.52984,8.00109]},"faces":{"north":{"uv":[0,0,1,1],"texture":"#1"},"east":{"uv":[0,0,1,1],"texture":"#1"},"south":{"uv":[0,0,1,1],"texture":"#1"},"west":{"uv":[0,0,1,1],"texture":"#1"},"up":{"uv":[0,0,1,1],"texture":"#1"},"down":{"uv":[0,0,1,1],"texture":"#1"}}},{"name":"octagon","from":[10.25686,5.92,6.81077],"to":[10.81782,6.28,9.12904],"rotation":{"angle":-22.5,"axis":"y","origin":[7.93406,8.53,7.93614]},"faces":{"north":{"uv":[0,0,1,1],"texture":"#1"},"east":{"uv":[0,0,1,1],"texture":"#1"},"south":{"uv":[0,0,1,1],"texture":"#1"},"west":{"uv":[0,0,1,1],"texture":"#1"},"up":{"uv":[0,0,1,1],"texture":"#1"},"down":{"uv":[0,0,1,1],"texture":"#1"}}},{"name":"octagon","from":[6.93989,5,5.36693],"to":[9.12694,5.99985,5.70747],"rotation":{"angle":22.5,"axis":"y","origin":[7.99928,8.49985,8.08747]},"faces":{"north":{"uv":[11,2,12,3],"texture":"#0"},"east":{"uv":[11,2,12,3],"texture":"#0"},"south":{"uv":[11,2,12,3],"texture":"#0"},"west":{"uv":[11,2,12,3],"texture":"#0"},"up":{"uv":[11,2,12,3],"texture":"#0"},"down":{"uv":[11,2,12,3],"texture":"#0"}}},{"name":"octagon","from":[6.87795,5,5.34101],"to":[9.065,5.99978,5.68221],"rotation":{"angle":-22.5,"axis":"y","origin":[7.93801,8.49978,8.06221]},"faces":{"north":{"uv":[11,2,12,3],"texture":"#0"},"east":{"uv":[11,2,12,3],"texture":"#0"},"south":{"uv":[11,2,12,3],"texture":"#0"},"west":{"uv":[11,2,12,3],"texture":"#0"},"up":{"uv":[11,2,12,3],"texture":"#0"},"down":{"uv":[11,2,12,3],"texture":"#0"}}},{"name":"octagon","from":[6.8736,5,10.29428],"to":[9.06064,6.00015,10.63387],"rotation":{"angle":22.5,"axis":"y","origin":[7.99898,8.50015,7.91428]},"faces":{"north":{"uv":[11,2,12,3],"texture":"#0"},"east":{"uv":[11,2,12,3],"texture":"#0"},"south":{"uv":[11,2,12,3],"texture":"#0"},"west":{"uv":[11,2,12,3],"texture":"#0"},"up":{"uv":[11,2,12,3],"texture":"#0"},"down":{"uv":[11,2,12,3],"texture":"#0"}}},{"name":"octagon","from":[6.9342,5,10.31954],"to":[9.12125,6.00021,10.65845],"rotation":{"angle":-22.5,"axis":"y","origin":[8.06025,8.50021,7.93954]},"faces":{"north":{"uv":[11,2,12,3],"texture":"#0"},"east":{"uv":[11,2,12,3],"texture":"#0"},"south":{"uv":[11,2,12,3],"texture":"#0"},"west":{"uv":[11,2,12,3],"texture":"#0"},"up":{"uv":[11,2,12,3],"texture":"#0"},"down":{"uv":[11,2,12,3],"texture":"#0"}}},{"name":"octagon","from":[5.3668,5,6.87373],"to":[5.70572,6.00015,9.06078],"rotation":{"angle":22.5,"axis":"y","origin":[8.08572,8.50015,8.00072]},"faces":{"north":{"uv":[11,2,12,3],"texture":"#0"},"east":{"uv":[11,2,12,3],"texture":"#0"},"south":{"uv":[11,2,12,3],"texture":"#0"},"west":{"uv":[11,2,12,3],"texture":"#0"},"up":{"uv":[11,2,12,3],"texture":"#0"},"down":{"uv":[11,2,12,3],"texture":"#0"}}},{"name":"octagon","from":[5.34088,5,6.93433],"to":[5.68046,6,9.12138],"rotation":{"angle":-22.5,"axis":"y","origin":[8.06046,8.5,8.062]},"faces":{"north":{"uv":[11,2,12,3],"texture":"#0"},"east":{"uv":[11,2,12,3],"texture":"#0"},"south":{"uv":[11,2,12,3],"texture":"#0"},"west":{"uv":[11,2,12,3],"texture":"#0"},"up":{"uv":[11,2,12,3],"texture":"#0"},"down":{"uv":[11,2,12,3],"texture":"#0"}}},{"name":"octagon","from":[10.29254,5,6.94003],"to":[10.63373,5.99985,9.12707],"rotation":{"angle":22.5,"axis":"y","origin":[7.91254,8.49985,8.00103]},"faces":{"north":{"uv":[11,2,12,3],"texture":"#0"},"east":{"uv":[11,2,12,3],"texture":"#0"},"south":{"uv":[11,2,12,3],"texture":"#0"},"west":{"uv":[11,2,12,3],"texture":"#0"},"up":{"uv":[11,2,12,3],"texture":"#0"},"down":{"uv":[11,2,12,3],"texture":"#0"}}},{"name":"octagon","from":[10.31779,5,6.87808],"to":[10.65832,6,9.06513],"rotation":{"angle":-22.5,"axis":"y","origin":[7.93779,8.5,7.93975]},"faces":{"north":{"uv":[11,2,12,3],"texture":"#0"},"east":{"uv":[11,2,12,3],"texture":"#0"},"south":{"uv":[11,2,12,3],"texture":"#0"},"west":{"uv":[11,2,12,3],"texture":"#0"},"up":{"uv":[11,2,12,3],"texture":"#0"},"down":{"uv":[11,2,12,3],"texture":"#0"}}},{"name":"octagon","from":[6.90648,3,5.36],"to":[9.09352,5,10.64],"rotation":{"angle":22.5,"axis":"y","origin":[8,2,8]},"faces":{"north":{"uv":[11,2,12,3],"texture":"#0"},"east":{"uv":[11,2,12,3],"texture":"#0"},"south":{"uv":[11,2,12,3],"texture":"#0"},"west":{"uv":[11,2,12,3],"texture":"#0"},"up":{"uv":[8,11,10.18705,16.28],"texture":"#0"},"down":{"uv":[11,2,12,3],"texture":"#0"}}},{"name":"octagon","from":[6.90648,3,5.36],"to":[9.09352,5,10.64],"rotation":{"angle":-22.5,"axis":"y","origin":[8,2,8]},"faces":{"north":{"uv":[11,2,12,3],"texture":"#0"},"east":{"uv":[11,2,12,3],"texture":"#0"},"south":{"uv":[11,2,12,3],"texture":"#0"},"west":{"uv":[11,2,12,3],"texture":"#0"},"up":{"uv":[8,11,10.18705,16.28],"texture":"#0"},"down":{"uv":[11,2,12,3],"texture":"#0"}}},{"name":"octagon","from":[5.36,3,6.90648],"to":[10.64,5,9.09352],"rotation":{"angle":22.5,"axis":"y","origin":[8,2,8]},"faces":{"north":{"uv":[11,2,12,3],"texture":"#0"},"east":{"uv":[11,2,12,3],"texture":"#0"},"south":{"uv":[11,2,12,3],"texture":"#0"},"west":{"uv":[11,2,12,3],"texture":"#0"},"up":{"uv":[8,11,13.28,13.18705],"texture":"#0"},"down":{"uv":[11,2,12,3],"texture":"#0"}}},{"name":"octagon","from":[5.36,3,6.90648],"to":[10.64,5,9.09352],"rotation":{"angle":-22.5,"axis":"y","origin":[8,2,8]},"faces":{"north":{"uv":[11,2,12,3],"texture":"#0"},"east":{"uv":[11,2,12,3],"texture":"#0"},"south":{"uv":[11,2,12,3],"texture":"#0"},"west":{"uv":[11,2,12,3],"texture":"#0"},"up":{"uv":[8,11,13.28,13.18705],"texture":"#0"},"down":{"uv":[11,2,12,3],"texture":"#0"}}},{"name":"octagon","from":[7.00589,0,5.6],"to":[8.99411,3,10.4],"rotation":{"angle":22.5,"axis":"y","origin":[8,2,8]},"faces":{"north":{"uv":[11,2,12,3],"texture":"#0"},"east":{"uv":[11,2,12,3],"texture":"#0"},"south":{"uv":[11,2,12,3],"texture":"#0"},"west":{"uv":[11,2,12,3],"texture":"#0"},"up":{"uv":[11,2,12,3],"texture":"#0"},"down":{"uv":[11,2,12,3],"texture":"#0"}}},{"name":"octagon","from":[7.00589,0,5.6],"to":[8.99411,3,10.4],"rotation":{"angle":-22.5,"axis":"y","origin":[8,2,8]},"faces":{"north":{"uv":[11,2,12,3],"texture":"#0"},"east":{"uv":[11,2,12,3],"texture":"#0"},"south":{"uv":[11,2,12,3],"texture":"#0"},"west":{"uv":[11,2,12,3],"texture":"#0"},"up":{"uv":[11,2,12,3],"texture":"#0"},"down":{"uv":[11,2,12,3],"texture":"#0"}}},{"name":"octagon","from":[5.6,0,7.00589],"to":[10.4,3,8.99411],"rotation":{"angle":22.5,"axis":"y","origin":[8,2,8]},"faces":{"north":{"uv":[11,2,12,3],"texture":"#0"},"east":{"uv":[11,2,12,3],"texture":"#0"},"south":{"uv":[11,2,12,3],"texture":"#0"},"west":{"uv":[11,2,12,3],"texture":"#0"},"up":{"uv":[11,2,12,3],"texture":"#0"},"down":{"uv":[11,2,12,3],"texture":"#0"}}},{"name":"octagon","from":[5.6,0,7.00589],"to":[10.4,3,8.99411],"rotation":{"angle":-22.5,"axis":"y","origin":[8,2,8]},"faces":{"north":{"uv":[11,2,12,3],"texture":"#0"},"east":{"uv":[11,2,12,3],"texture":"#0"},"south":{"uv":[11,2,12,3],"texture":"#0"},"west":{"uv":[11,2,12,3],"texture":"#0"},"up":{"uv":[11,2,12,3],"texture":"#0"},"down":{"uv":[11,2,12,3],"texture":"#0"}}}],"display":{"thirdperson_righthand":{"rotation":[75,45,0],"translation":[-1.25,2.5,3.25],"scale":[0.64063,0.64063,0.64063]},"thirdperson_lefthand":{"rotation":[75,45,0],"translation":[-1.25,2.5,3.25],"scale":[0.64063,0.64063,0.64063]},"firstperson_righthand":{"rotation":[-2,45,11.75],"translation":[1,5.25,0],"scale":[0.70469,0.70469,0.70469]},"firstperson_lefthand":{"rotation":[-2,45,11.75],"translation":[1,5.25,0],"scale":[0.70469,0.70469,0.70469]},"ground":{"translation":[0,1,0],"scale":[0.5,0.5,0.5]},"gui":{"rotation":[30,225,0],"translation":[0,1.5,0],"scale":[0.83594,0.83594,0.83594]},"head":{"translation":[0,-34.75,0],"scale":[1.05273,1.05273,1.05273]},"fixed":{"rotation":[-90,0,0],"translation":[0,0,-15],"scale":[2,2,2]}},"groups":[{"name":"group","origin":[8,8,8],"children":[{"name":"Rim","origin":[8,8,8],"children":[0,1,2,3,4,5,6,7]},{"name":"octagon","origin":[8,8,8],"children":[8,9,10,11,12,13,14,15]},{"name":"octagon","origin":[8,8,8],"children":[16,17,18,19]},{"name":"octagon","origin":[8,8,8],"children":[20,21,22,23]}]}]}