{"credit":"Made by spike5032","textures":{"0":"block/red_concrete","1":"block/white_concrete","particle":"block/red_concrete"},"elements":[{"name":"octagon","from":[10.58866,5.92,2.28806],"to":[12.6751,6.27984,2.79292],"rotation":{"angle":22.5,"axis":"y","origin":[11.59931,8.52984,4.88344]},"faces":{"north":{"uv":[0,0,1,1],"texture":"#1"},"east":{"uv":[0,0,1,1],"texture":"#1"},"south":{"uv":[0,0,1,1],"texture":"#1"},"west":{"uv":[0,0,1,1],"texture":"#1"},"up":{"uv":[0,0,1,1],"texture":"#1"},"down":{"uv":[0,0,1,1],"texture":"#1"}}},{"name":"octagon","from":[10.52956,5.92,2.26332],"to":[12.61601,6.27977,2.76883],"rotation":{"angle":-22.5,"axis":"y","origin":[11.54086,8.52977,4.85935]},"faces":{"north":{"uv":[0,0,1,1],"texture":"#1"},"east":{"uv":[0,0,1,1],"texture":"#1"},"south":{"uv":[0,0,1,1],"texture":"#1"},"west":{"uv":[0,0,1,1],"texture":"#1"},"up":{"uv":[0,0,1,1],"texture":"#1"},"down":{"uv":[0,0,1,1],"texture":"#1"}}},{"name":"octagon","from":[10.52541,5.92,6.80875],"to":[12.61185,6.28016,7.31271],"rotation":{"angle":22.5,"axis":"y","origin":[11.59902,8.53016,4.71823]},"faces":{"north":{"uv":[0,0,1,1],"texture":"#1"},"east":{"uv":[0,0,1,1],"texture":"#1"},"south":{"uv":[0,0,1,1],"texture":"#1"},"west":{"uv":[0,0,1,1],"texture":"#1"},"up":{"uv":[0,0,1,1],"texture":"#1"},"down":{"uv":[0,0,1,1],"texture":"#1"}}},{"name":"octagon","from":[10.58323,5.92,6.83284],"to":[12.66967,6.28023,7.33617],"rotation":{"angle":-22.5,"axis":"y","origin":[11.65748,8.53023,4.74232]},"faces":{"north":{"uv":[0,0,1,1],"texture":"#1"},"east":{"uv":[0,0,1,1],"texture":"#1"},"south":{"uv":[0,0,1,1],"texture":"#1"},"west":{"uv":[0,0,1,1],"texture":"#1"},"up":{"uv":[0,0,1,1],"texture":"#1"},"down":{"uv":[0,0,1,1],"texture":"#1"}}},{"name":"octagon","from":[9.08793,5.92,3.72554],"to":[9.59126,6.28016,5.81198],"rotation":{"angle":22.5,"axis":"y","origin":[11.68178,8.53016,4.80069]},"faces":{"north":{"uv":[0,0,1,1],"texture":"#1"},"east":{"uv":[0,0,1,1],"texture":"#1"},"south":{"uv":[0,0,1,1],"texture":"#1"},"west":{"uv":[0,0,1,1],"texture":"#1"},"up":{"uv":[0,0,1,1],"texture":"#1"},"down":{"uv":[0,0,1,1],"texture":"#1"}}},{"name":"octagon","from":[9.0632,5.92,3.78335],"to":[9.56716,6.28,5.8698],"rotation":{"angle":-22.5,"axis":"y","origin":[11.65768,8.53,4.85914]},"faces":{"north":{"uv":[0,0,1,1],"texture":"#1"},"east":{"uv":[0,0,1,1],"texture":"#1"},"south":{"uv":[0,0,1,1],"texture":"#1"},"west":{"uv":[0,0,1,1],"texture":"#1"},"up":{"uv":[0,0,1,1],"texture":"#1"},"down":{"uv":[0,0,1,1],"texture":"#1"}}},{"name":"octagon","from":[13.60708,5.92,3.78878],"to":[14.11258,6.27984,5.87523],"rotation":{"angle":22.5,"axis":"y","origin":[11.51656,8.52984,4.80098]},"faces":{"north":{"uv":[0,0,1,1],"texture":"#1"},"east":{"uv":[0,0,1,1],"texture":"#1"},"south":{"uv":[0,0,1,1],"texture":"#1"},"west":{"uv":[0,0,1,1],"texture":"#1"},"up":{"uv":[0,0,1,1],"texture":"#1"},"down":{"uv":[0,0,1,1],"texture":"#1"}}},{"name":"octagon","from":[13.63117,5.92,3.72969],"to":[14.13604,6.28,5.81614],"rotation":{"angle":-22.5,"axis":"y","origin":[11.54065,8.53,4.74252]},"faces":{"north":{"uv":[0,0,1,1],"texture":"#1"},"east":{"uv":[0,0,1,1],"texture":"#1"},"south":{"uv":[0,0,1,1],"texture":"#1"},"west":{"uv":[0,0,1,1],"texture":"#1"},"up":{"uv":[0,0,1,1],"texture":"#1"},"down":{"uv":[0,0,1,1],"texture":"#1"}}},{"name":"octagon","from":[10.6459,3,2.43024],"to":[12.61425,5.99985,2.73672],"rotation":{"angle":22.5,"axis":"y","origin":[11.59935,8.49985,4.87872]},"faces":{"north":{"uv":[11,2,12,3],"texture":"#0"},"east":{"uv":[11,2,12,3],"texture":"#0"},"south":{"uv":[11,2,12,3],"texture":"#0"},"west":{"uv":[11,2,12,3],"texture":"#0"},"up":{"uv":[11,2,12,3],"texture":"#0"},"down":{"uv":[11,2,12,3],"texture":"#0"}}},{"name":"octagon","from":[10.59016,3,2.40691],"to":[12.5585,5.99978,2.71399],"rotation":{"angle":-22.5,"axis":"y","origin":[11.5442,8.49978,4.85599]},"faces":{"north":{"uv":[11,2,12,3],"texture":"#0"},"east":{"uv":[11,2,12,3],"texture":"#0"},"south":{"uv":[11,2,12,3],"texture":"#0"},"west":{"uv":[11,2,12,3],"texture":"#0"},"up":{"uv":[11,2,12,3],"texture":"#0"},"down":{"uv":[11,2,12,3],"texture":"#0"}}},{"name":"octagon","from":[10.58624,3,6.86485],"to":[12.55458,6.00015,7.17048],"rotation":{"angle":22.5,"axis":"y","origin":[11.59908,8.50015,4.72285]},"faces":{"north":{"uv":[11,2,12,3],"texture":"#0"},"east":{"uv":[11,2,12,3],"texture":"#0"},"south":{"uv":[11,2,12,3],"texture":"#0"},"west":{"uv":[11,2,12,3],"texture":"#0"},"up":{"uv":[11,2,12,3],"texture":"#0"},"down":{"uv":[11,2,12,3],"texture":"#0"}}},{"name":"octagon","from":[10.64078,3,6.88758],"to":[12.60912,6.00021,7.19261],"rotation":{"angle":-22.5,"axis":"y","origin":[11.65422,8.50021,4.74558]},"faces":{"north":{"uv":[11,2,12,3],"texture":"#0"},"east":{"uv":[11,2,12,3],"texture":"#0"},"south":{"uv":[11,2,12,3],"texture":"#0"},"west":{"uv":[11,2,12,3],"texture":"#0"},"up":{"uv":[11,2,12,3],"texture":"#0"},"down":{"uv":[11,2,12,3],"texture":"#0"}}},{"name":"octagon","from":[9.23012,3,3.78636],"to":[9.53515,6.00015,5.7547],"rotation":{"angle":22.5,"axis":"y","origin":[11.67715,8.50015,4.80065]},"faces":{"north":{"uv":[11,2,12,3],"texture":"#0"},"east":{"uv":[11,2,12,3],"texture":"#0"},"south":{"uv":[11,2,12,3],"texture":"#0"},"west":{"uv":[11,2,12,3],"texture":"#0"},"up":{"uv":[11,2,12,3],"texture":"#0"},"down":{"uv":[11,2,12,3],"texture":"#0"}}},{"name":"octagon","from":[9.20679,3,3.8409],"to":[9.51242,6,5.80924],"rotation":{"angle":-22.5,"axis":"y","origin":[11.65442,8.5,4.8558]},"faces":{"north":{"uv":[11,2,12,3],"texture":"#0"},"east":{"uv":[11,2,12,3],"texture":"#0"},"south":{"uv":[11,2,12,3],"texture":"#0"},"west":{"uv":[11,2,12,3],"texture":"#0"},"up":{"uv":[11,2,12,3],"texture":"#0"},"down":{"uv":[11,2,12,3],"texture":"#0"}}},{"name":"octagon","from":[13.66328,3,3.84602],"to":[13.97036,5.99985,5.81437],"rotation":{"angle":22.5,"axis":"y","origin":[11.52128,8.49985,4.80092]},"faces":{"north":{"uv":[11,2,12,3],"texture":"#0"},"east":{"uv":[11,2,12,3],"texture":"#0"},"south":{"uv":[11,2,12,3],"texture":"#0"},"west":{"uv":[11,2,12,3],"texture":"#0"},"up":{"uv":[11,2,12,3],"texture":"#0"},"down":{"uv":[11,2,12,3],"texture":"#0"}}},{"name":"octagon","from":[13.68601,3,3.79028],"to":[13.99249,6,5.75862],"rotation":{"angle":-22.5,"axis":"y","origin":[11.54401,8.5,4.74578]},"faces":{"north":{"uv":[11,2,12,3],"texture":"#0"},"east":{"uv":[11,2,12,3],"texture":"#0"},"south":{"uv":[11,2,12,3],"texture":"#0"},"west":{"uv":[11,2,12,3],"texture":"#0"},"up":{"uv":[11,2,12,3],"texture":"#0"},"down":{"uv":[11,2,12,3],"texture":"#0"}}},{"name":"octagon","from":[10.72109,0.744,2.61698],"to":[12.53432,3.50746,2.89931],"rotation":{"angle":22.5,"axis":"y","origin":[11.5994,5.81046,4.87252]},"faces":{"north":{"uv":[11,2,12,3],"texture":"#0"},"east":{"uv":[11,2,12,3],"texture":"#0"},"south":{"uv":[11,2,12,3],"texture":"#0"},"west":{"uv":[11,2,12,3],"texture":"#0"},"up":{"uv":[11,2,12,3],"texture":"#0"},"down":{"uv":[11,2,12,3],"texture":"#0"}}},{"name":"octagon","from":[10.66973,0.744,2.59549],"to":[12.48297,3.5074,2.87837],"rotation":{"angle":-22.5,"axis":"y","origin":[11.5486,5.8104,4.85158]},"faces":{"north":{"uv":[11,2,12,3],"texture":"#0"},"east":{"uv":[11,2,12,3],"texture":"#0"},"south":{"uv":[11,2,12,3],"texture":"#0"},"west":{"uv":[11,2,12,3],"texture":"#0"},"up":{"uv":[11,2,12,3],"texture":"#0"},"down":{"uv":[11,2,12,3],"texture":"#0"}}},{"name":"octagon","from":[10.66612,0.744,6.70214],"to":[12.47936,3.50774,6.98369],"rotation":{"angle":22.5,"axis":"y","origin":[11.59915,5.81074,4.72893]},"faces":{"north":{"uv":[11,2,12,3],"texture":"#0"},"east":{"uv":[11,2,12,3],"texture":"#0"},"south":{"uv":[11,2,12,3],"texture":"#0"},"west":{"uv":[11,2,12,3],"texture":"#0"},"up":{"uv":[11,2,12,3],"texture":"#0"},"down":{"uv":[11,2,12,3],"texture":"#0"}}},{"name":"octagon","from":[10.71637,0.744,6.72308],"to":[12.5296,3.5078,7.00407],"rotation":{"angle":-22.5,"axis":"y","origin":[11.64995,5.8108,4.74987]},"faces":{"north":{"uv":[11,2,12,3],"texture":"#0"},"east":{"uv":[11,2,12,3],"texture":"#0"},"south":{"uv":[11,2,12,3],"texture":"#0"},"west":{"uv":[11,2,12,3],"texture":"#0"},"up":{"uv":[11,2,12,3],"texture":"#0"},"down":{"uv":[11,2,12,3],"texture":"#0"}}},{"name":"octagon","from":[9.41687,0.744,3.86623],"to":[9.69786,3.50774,5.67947],"rotation":{"angle":22.5,"axis":"y","origin":[11.67107,5.81074,4.8006]},"faces":{"north":{"uv":[11,2,12,3],"texture":"#0"},"east":{"uv":[11,2,12,3],"texture":"#0"},"south":{"uv":[11,2,12,3],"texture":"#0"},"west":{"uv":[11,2,12,3],"texture":"#0"},"up":{"uv":[11,2,12,3],"texture":"#0"},"down":{"uv":[11,2,12,3],"texture":"#0"}}},{"name":"octagon","from":[9.39537,0.744,3.91648],"to":[9.67692,3.5076,5.72971],"rotation":{"angle":-22.5,"axis":"y","origin":[11.65013,5.8106,4.8514]},"faces":{"north":{"uv":[11,2,12,3],"texture":"#0"},"east":{"uv":[11,2,12,3],"texture":"#0"},"south":{"uv":[11,2,12,3],"texture":"#0"},"west":{"uv":[11,2,12,3],"texture":"#0"},"up":{"uv":[11,2,12,3],"texture":"#0"},"down":{"uv":[11,2,12,3],"texture":"#0"}}},{"name":"octagon","from":[13.5007,0.744,3.9212],"to":[13.78358,3.50746,5.73443],"rotation":{"angle":22.5,"axis":"y","origin":[11.52749,5.81046,4.80085]},"faces":{"north":{"uv":[11,2,12,3],"texture":"#0"},"east":{"uv":[11,2,12,3],"texture":"#0"},"south":{"uv":[11,2,12,3],"texture":"#0"},"west":{"uv":[11,2,12,3],"texture":"#0"},"up":{"uv":[11,2,12,3],"texture":"#0"},"down":{"uv":[11,2,12,3],"texture":"#0"}}},{"name":"octagon","from":[13.52163,0.744,3.86984],"to":[13.80396,3.5076,5.68308],"rotation":{"angle":-22.5,"axis":"y","origin":[11.54842,5.8106,4.75005]},"faces":{"north":{"uv":[11,2,12,3],"texture":"#0"},"east":{"uv":[11,2,12,3],"texture":"#0"},"south":{"uv":[11,2,12,3],"texture":"#0"},"west":{"uv":[11,2,12,3],"texture":"#0"},"up":{"uv":[11,2,12,3],"texture":"#0"},"down":{"uv":[11,2,12,3],"texture":"#0"}}},{"name":"octagon","from":[10.7053,0,2.64],"to":[12.4947,0.75,6.96],"rotation":{"angle":22.5,"axis":"y","origin":[11.6,2,4.8]},"faces":{"north":{"uv":[11,2,12,3],"texture":"#0"},"east":{"uv":[11,2,12,3],"texture":"#0"},"south":{"uv":[11,2,12,3],"texture":"#0"},"west":{"uv":[11,2,12,3],"texture":"#0"},"up":{"uv":[11,2,12,3],"texture":"#0"},"down":{"uv":[11,2,12,3],"texture":"#0"}}},{"name":"octagon","from":[10.7053,0,2.64],"to":[12.4947,0.75,6.96],"rotation":{"angle":-22.5,"axis":"y","origin":[11.6,2,4.8]},"faces":{"north":{"uv":[11,2,12,3],"texture":"#0"},"east":{"uv":[11,2,12,3],"texture":"#0"},"south":{"uv":[11,2,12,3],"texture":"#0"},"west":{"uv":[11,2,12,3],"texture":"#0"},"up":{"uv":[11,2,12,3],"texture":"#0"},"down":{"uv":[11,2,12,3],"texture":"#0"}}},{"name":"octagon","from":[9.44,0,3.9053],"to":[13.76,0.75,5.6947],"rotation":{"angle":22.5,"axis":"y","origin":[11.6,2,4.8]},"faces":{"north":{"uv":[11,2,12,3],"texture":"#0"},"east":{"uv":[11,2,12,3],"texture":"#0"},"south":{"uv":[11,2,12,3],"texture":"#0"},"west":{"uv":[11,2,12,3],"texture":"#0"},"up":{"uv":[11,2,12,3],"texture":"#0"},"down":{"uv":[11,2,12,3],"texture":"#0"}}},{"name":"octagon","from":[9.44,0,3.9053],"to":[13.76,0.75,5.6947],"rotation":{"angle":-22.5,"axis":"y","origin":[11.6,2,4.8]},"faces":{"north":{"uv":[11,2,12,3],"texture":"#0"},"east":{"uv":[11,2,12,3],"texture":"#0"},"south":{"uv":[11,2,12,3],"texture":"#0"},"west":{"uv":[11,2,12,3],"texture":"#0"},"up":{"uv":[11,2,12,3],"texture":"#0"},"down":{"uv":[11,2,12,3],"texture":"#0"}}},{"name":"octagon","from":[2.93866,5.92,5.88806],"to":[5.0251,6.27984,6.29292],"rotation":{"angle":22.5,"axis":"y","origin":[3.94931,8.52984,8.48344]},"faces":{"north":{"uv":[0,0,1,1],"texture":"#1"},"east":{"uv":[0,0,1,1],"texture":"#1"},"south":{"uv":[0,0,1,1],"texture":"#1"},"west":{"uv":[0,0,1,1],"texture":"#1"},"up":{"uv":[0,0,1,1],"texture":"#1"},"down":{"uv":[0,0,1,1],"texture":"#1"}}},{"name":"octagon","from":[2.87956,5.92,5.86332],"to":[4.96601,6.27977,6.26883],"rotation":{"angle":-22.5,"axis":"y","origin":[3.89086,8.52977,8.45935]},"faces":{"north":{"uv":[0,0,1,1],"texture":"#1"},"east":{"uv":[0,0,1,1],"texture":"#1"},"south":{"uv":[0,0,1,1],"texture":"#1"},"west":{"uv":[0,0,1,1],"texture":"#1"},"up":{"uv":[0,0,1,1],"texture":"#1"},"down":{"uv":[0,0,1,1],"texture":"#1"}}},{"name":"octagon","from":[2.87541,5.92,10.50875],"to":[4.96185,6.28016,10.91271],"rotation":{"angle":22.5,"axis":"y","origin":[3.94902,8.53016,8.31823]},"faces":{"north":{"uv":[0,0,1,1],"texture":"#1"},"east":{"uv":[0,0,1,1],"texture":"#1"},"south":{"uv":[0,0,1,1],"texture":"#1"},"west":{"uv":[0,0,1,1],"texture":"#1"},"up":{"uv":[0,0,1,1],"texture":"#1"},"down":{"uv":[0,0,1,1],"texture":"#1"}}},{"name":"octagon","from":[2.93323,5.92,10.53284],"to":[5.01967,6.28023,10.93617],"rotation":{"angle":-22.5,"axis":"y","origin":[4.00748,8.53023,8.34232]},"faces":{"north":{"uv":[0,0,1,1],"texture":"#1"},"east":{"uv":[0,0,1,1],"texture":"#1"},"south":{"uv":[0,0,1,1],"texture":"#1"},"west":{"uv":[0,0,1,1],"texture":"#1"},"up":{"uv":[0,0,1,1],"texture":"#1"},"down":{"uv":[0,0,1,1],"texture":"#1"}}},{"name":"octagon","from":[1.43793,5.92,7.32554],"to":[1.84126,6.28016,9.41198],"rotation":{"angle":22.5,"axis":"y","origin":[4.03178,8.53016,8.40069]},"faces":{"north":{"uv":[0,0,1,1],"texture":"#1"},"east":{"uv":[0,0,1,1],"texture":"#1"},"south":{"uv":[0,0,1,1],"texture":"#1"},"west":{"uv":[0,0,1,1],"texture":"#1"},"up":{"uv":[0,0,1,1],"texture":"#1"},"down":{"uv":[0,0,1,1],"texture":"#1"}}},{"name":"octagon","from":[1.4132,5.92,7.38335],"to":[1.81716,6.28,9.4698],"rotation":{"angle":-22.5,"axis":"y","origin":[4.00768,8.53,8.45914]},"faces":{"north":{"uv":[0,0,1,1],"texture":"#1"},"east":{"uv":[0,0,1,1],"texture":"#1"},"south":{"uv":[0,0,1,1],"texture":"#1"},"west":{"uv":[0,0,1,1],"texture":"#1"},"up":{"uv":[0,0,1,1],"texture":"#1"},"down":{"uv":[0,0,1,1],"texture":"#1"}}},{"name":"octagon","from":[6.05708,5.92,7.38878],"to":[6.46258,6.27984,9.47523],"rotation":{"angle":22.5,"axis":"y","origin":[3.86656,8.52984,8.40098]},"faces":{"north":{"uv":[0,0,1,1],"texture":"#1"},"east":{"uv":[0,0,1,1],"texture":"#1"},"south":{"uv":[0,0,1,1],"texture":"#1"},"west":{"uv":[0,0,1,1],"texture":"#1"},"up":{"uv":[0,0,1,1],"texture":"#1"},"down":{"uv":[0,0,1,1],"texture":"#1"}}},{"name":"octagon","from":[6.08117,5.92,7.32969],"to":[6.48604,6.28,9.41614],"rotation":{"angle":-22.5,"axis":"y","origin":[3.89065,8.53,8.34252]},"faces":{"north":{"uv":[0,0,1,1],"texture":"#1"},"east":{"uv":[0,0,1,1],"texture":"#1"},"south":{"uv":[0,0,1,1],"texture":"#1"},"west":{"uv":[0,0,1,1],"texture":"#1"},"up":{"uv":[0,0,1,1],"texture":"#1"},"down":{"uv":[0,0,1,1],"texture":"#1"}}},{"name":"octagon","from":[2.9959,3,6.03024],"to":[4.96425,7.97485,6.33672],"rotation":{"angle":22.5,"axis":"y","origin":[3.94935,8.49985,8.47872]},"faces":{"north":{"uv":[11,2,12,3],"texture":"#0"},"east":{"uv":[11,2,12,3],"texture":"#0"},"south":{"uv":[11,2,12,3],"texture":"#0"},"west":{"uv":[11,2,12,3],"texture":"#0"},"up":{"uv":[11,2,12,3],"texture":"#0"},"down":{"uv":[11,2,12,3],"texture":"#0"}}},{"name":"octagon","from":[2.94016,3,6.00691],"to":[4.9085,7.97478,6.31399],"rotation":{"angle":-22.5,"axis":"y","origin":[3.8942,8.49978,8.45599]},"faces":{"north":{"uv":[11,2,12,3],"texture":"#0"},"east":{"uv":[11,2,12,3],"texture":"#0"},"south":{"uv":[11,2,12,3],"texture":"#0"},"west":{"uv":[11,2,12,3],"texture":"#0"},"up":{"uv":[11,2,12,3],"texture":"#0"},"down":{"uv":[11,2,12,3],"texture":"#0"}}},{"name":"octagon","from":[2.93624,3,10.46485],"to":[4.90458,7.97515,10.77048],"rotation":{"angle":22.5,"axis":"y","origin":[3.94908,8.50015,8.32285]},"faces":{"north":{"uv":[11,2,12,3],"texture":"#0"},"east":{"uv":[11,2,12,3],"texture":"#0"},"south":{"uv":[11,2,12,3],"texture":"#0"},"west":{"uv":[11,2,12,3],"texture":"#0"},"up":{"uv":[11,2,12,3],"texture":"#0"},"down":{"uv":[11,2,12,3],"texture":"#0"}}},{"name":"octagon","from":[2.99078,3,10.48758],"to":[4.95912,7.97521,10.79261],"rotation":{"angle":-22.5,"axis":"y","origin":[4.00422,8.50021,8.34558]},"faces":{"north":{"uv":[11,2,12,3],"texture":"#0"},"east":{"uv":[11,2,12,3],"texture":"#0"},"south":{"uv":[11,2,12,3],"texture":"#0"},"west":{"uv":[11,2,12,3],"texture":"#0"},"up":{"uv":[11,2,12,3],"texture":"#0"},"down":{"uv":[11,2,12,3],"texture":"#0"}}},{"name":"octagon","from":[1.58012,3,7.38636],"to":[1.88515,7.97515,9.3547],"rotation":{"angle":22.5,"axis":"y","origin":[4.02715,8.50015,8.40065]},"faces":{"north":{"uv":[11,2,12,3],"texture":"#0"},"east":{"uv":[11,2,12,3],"texture":"#0"},"south":{"uv":[11,2,12,3],"texture":"#0"},"west":{"uv":[11,2,12,3],"texture":"#0"},"up":{"uv":[11,2,12,3],"texture":"#0"},"down":{"uv":[11,2,12,3],"texture":"#0"}}},{"name":"octagon","from":[1.55679,3,7.4409],"to":[1.86242,7.975,9.40924],"rotation":{"angle":-22.5,"axis":"y","origin":[4.00442,8.5,8.4558]},"faces":{"north":{"uv":[11,2,12,3],"texture":"#0"},"east":{"uv":[11,2,12,3],"texture":"#0"},"south":{"uv":[11,2,12,3],"texture":"#0"},"west":{"uv":[11,2,12,3],"texture":"#0"},"up":{"uv":[11,2,12,3],"texture":"#0"},"down":{"uv":[11,2,12,3],"texture":"#0"}}},{"name":"octagon","from":[6.01328,3,7.44602],"to":[6.32036,7.97485,9.41437],"rotation":{"angle":22.5,"axis":"y","origin":[3.87128,8.49985,8.40092]},"faces":{"north":{"uv":[11,2,12,3],"texture":"#0"},"east":{"uv":[11,2,12,3],"texture":"#0"},"south":{"uv":[11,2,12,3],"texture":"#0"},"west":{"uv":[11,2,12,3],"texture":"#0"},"up":{"uv":[11,2,12,3],"texture":"#0"},"down":{"uv":[11,2,12,3],"texture":"#0"}}},{"name":"octagon","from":[6.03601,3,7.39028],"to":[6.34249,7.975,9.35862],"rotation":{"angle":-22.5,"axis":"y","origin":[3.89401,8.5,8.34578]},"faces":{"north":{"uv":[11,2,12,3],"texture":"#0"},"east":{"uv":[11,2,12,3],"texture":"#0"},"south":{"uv":[11,2,12,3],"texture":"#0"},"west":{"uv":[11,2,12,3],"texture":"#0"},"up":{"uv":[11,2,12,3],"texture":"#0"},"down":{"uv":[11,2,12,3],"texture":"#0"}}},{"name":"octagon","from":[3.0553,0,6.24],"to":[4.8447,4.25,10.56],"rotation":{"angle":22.5,"axis":"y","origin":[3.95,2,8.4]},"faces":{"north":{"uv":[11,2,12,3],"texture":"#0"},"east":{"uv":[11,2,12,3],"texture":"#0"},"south":{"uv":[11,2,12,3],"texture":"#0"},"west":{"uv":[11,2,12,3],"texture":"#0"},"up":{"uv":[11,2,12,3],"texture":"#0"},"down":{"uv":[11,2,12,3],"texture":"#0"}}},{"name":"octagon","from":[3.0553,0,6.24],"to":[4.8447,4.25,10.56],"rotation":{"angle":-22.5,"axis":"y","origin":[3.95,2,8.4]},"faces":{"north":{"uv":[11,2,12,3],"texture":"#0"},"east":{"uv":[11,2,12,3],"texture":"#0"},"south":{"uv":[11,2,12,3],"texture":"#0"},"west":{"uv":[11,2,12,3],"texture":"#0"},"up":{"uv":[11,2,12,3],"texture":"#0"},"down":{"uv":[11,2,12,3],"texture":"#0"}}},{"name":"octagon","from":[1.79,0,7.5053],"to":[6.11,4.25,9.2947],"rotation":{"angle":22.5,"axis":"y","origin":[3.95,2,8.4]},"faces":{"north":{"uv":[11,2,12,3],"texture":"#0"},"east":{"uv":[11,2,12,3],"texture":"#0"},"south":{"uv":[11,2,12,3],"texture":"#0"},"west":{"uv":[11,2,12,3],"texture":"#0"},"up":{"uv":[11,2,12,3],"texture":"#0"},"down":{"uv":[11,2,12,3],"texture":"#0"}}},{"name":"octagon","from":[1.79,0,7.5053],"to":[6.11,4.25,9.2947],"rotation":{"angle":-22.5,"axis":"y","origin":[3.95,2,8.4]},"faces":{"north":{"uv":[11,2,12,3],"texture":"#0"},"east":{"uv":[11,2,12,3],"texture":"#0"},"south":{"uv":[11,2,12,3],"texture":"#0"},"west":{"uv":[11,2,12,3],"texture":"#0"},"up":{"uv":[11,2,12,3],"texture":"#0"},"down":{"uv":[11,2,12,3],"texture":"#0"}}},{"name":"octagon","from":[8.78866,5.92,8.58806],"to":[10.8751,6.27984,9.09292],"rotation":{"angle":22.5,"axis":"y","origin":[9.79931,8.52984,11.18344]},"faces":{"north":{"uv":[0,0,1,1],"texture":"#1"},"east":{"uv":[0,0,1,1],"texture":"#1"},"south":{"uv":[0,0,1,1],"texture":"#1"},"west":{"uv":[0,0,1,1],"texture":"#1"},"up":{"uv":[0,0,1,1],"texture":"#1"},"down":{"uv":[0,0,1,1],"texture":"#1"}}},{"name":"octagon","from":[8.72956,5.92,8.56332],"to":[10.81601,6.27977,9.06883],"rotation":{"angle":-22.5,"axis":"y","origin":[9.74086,8.52977,11.15935]},"faces":{"north":{"uv":[0,0,1,1],"texture":"#1"},"east":{"uv":[0,0,1,1],"texture":"#1"},"south":{"uv":[0,0,1,1],"texture":"#1"},"west":{"uv":[0,0,1,1],"texture":"#1"},"up":{"uv":[0,0,1,1],"texture":"#1"},"down":{"uv":[0,0,1,1],"texture":"#1"}}},{"name":"octagon","from":[8.72541,5.92,13.10875],"to":[10.81185,6.28016,13.61271],"rotation":{"angle":22.5,"axis":"y","origin":[9.79902,8.53016,11.01823]},"faces":{"north":{"uv":[0,0,1,1],"texture":"#1"},"east":{"uv":[0,0,1,1],"texture":"#1"},"south":{"uv":[0,0,1,1],"texture":"#1"},"west":{"uv":[0,0,1,1],"texture":"#1"},"up":{"uv":[0,0,1,1],"texture":"#1"},"down":{"uv":[0,0,1,1],"texture":"#1"}}},{"name":"octagon","from":[8.78323,5.92,13.13284],"to":[10.86967,6.28023,13.63617],"rotation":{"angle":-22.5,"axis":"y","origin":[9.85748,8.53023,11.04232]},"faces":{"north":{"uv":[0,0,1,1],"texture":"#1"},"east":{"uv":[0,0,1,1],"texture":"#1"},"south":{"uv":[0,0,1,1],"texture":"#1"},"west":{"uv":[0,0,1,1],"texture":"#1"},"up":{"uv":[0,0,1,1],"texture":"#1"},"down":{"uv":[0,0,1,1],"texture":"#1"}}},{"name":"octagon","from":[7.28793,5.92,10.02554],"to":[7.79126,6.28016,12.11198],"rotation":{"angle":22.5,"axis":"y","origin":[9.88178,8.53016,11.10069]},"faces":{"north":{"uv":[0,0,1,1],"texture":"#1"},"east":{"uv":[0,0,1,1],"texture":"#1"},"south":{"uv":[0,0,1,1],"texture":"#1"},"west":{"uv":[0,0,1,1],"texture":"#1"},"up":{"uv":[0,0,1,1],"texture":"#1"},"down":{"uv":[0,0,1,1],"texture":"#1"}}},{"name":"octagon","from":[7.2632,5.92,10.08335],"to":[7.76716,6.28,12.1698],"rotation":{"angle":-22.5,"axis":"y","origin":[9.85768,8.53,11.15914]},"faces":{"north":{"uv":[0,0,1,1],"texture":"#1"},"east":{"uv":[0,0,1,1],"texture":"#1"},"south":{"uv":[0,0,1,1],"texture":"#1"},"west":{"uv":[0,0,1,1],"texture":"#1"},"up":{"uv":[0,0,1,1],"texture":"#1"},"down":{"uv":[0,0,1,1],"texture":"#1"}}},{"name":"octagon","from":[11.80708,5.92,10.08878],"to":[12.31258,6.27984,12.17523],"rotation":{"angle":22.5,"axis":"y","origin":[9.71656,8.52984,11.10098]},"faces":{"north":{"uv":[0,0,1,1],"texture":"#1"},"east":{"uv":[0,0,1,1],"texture":"#1"},"south":{"uv":[0,0,1,1],"texture":"#1"},"west":{"uv":[0,0,1,1],"texture":"#1"},"up":{"uv":[0,0,1,1],"texture":"#1"},"down":{"uv":[0,0,1,1],"texture":"#1"}}},{"name":"octagon","from":[11.83117,5.92,10.02969],"to":[12.33604,6.28,12.11614],"rotation":{"angle":-22.5,"axis":"y","origin":[9.74065,8.53,11.04252]},"faces":{"north":{"uv":[0,0,1,1],"texture":"#1"},"east":{"uv":[0,0,1,1],"texture":"#1"},"south":{"uv":[0,0,1,1],"texture":"#1"},"west":{"uv":[0,0,1,1],"texture":"#1"},"up":{"uv":[0,0,1,1],"texture":"#1"},"down":{"uv":[0,0,1,1],"texture":"#1"}}},{"name":"octagon","from":[8.8459,3,8.73024],"to":[10.81425,9.97485,9.03672],"rotation":{"angle":22.5,"axis":"y","origin":[9.79935,8.49985,11.17872]},"faces":{"north":{"uv":[11,2,12,3],"texture":"#0"},"east":{"uv":[11,2,12,3],"texture":"#0"},"south":{"uv":[11,2,12,3],"texture":"#0"},"west":{"uv":[11,2,12,3],"texture":"#0"},"up":{"uv":[11,2,12,3],"texture":"#0"},"down":{"uv":[11,2,12,3],"texture":"#0"}}},{"name":"octagon","from":[8.79016,3,8.70691],"to":[10.7585,9.97478,9.01399],"rotation":{"angle":-22.5,"axis":"y","origin":[9.7442,8.49978,11.15599]},"faces":{"north":{"uv":[11,2,12,3],"texture":"#0"},"east":{"uv":[11,2,12,3],"texture":"#0"},"south":{"uv":[11,2,12,3],"texture":"#0"},"west":{"uv":[11,2,12,3],"texture":"#0"},"up":{"uv":[11,2,12,3],"texture":"#0"},"down":{"uv":[11,2,12,3],"texture":"#0"}}},{"name":"octagon","from":[8.78624,3,13.16485],"to":[10.75458,9.97515,13.47048],"rotation":{"angle":22.5,"axis":"y","origin":[9.79908,8.50015,11.02285]},"faces":{"north":{"uv":[11,2,12,3],"texture":"#0"},"east":{"uv":[11,2,12,3],"texture":"#0"},"south":{"uv":[11,2,12,3],"texture":"#0"},"west":{"uv":[11,2,12,3],"texture":"#0"},"up":{"uv":[11,2,12,3],"texture":"#0"},"down":{"uv":[11,2,12,3],"texture":"#0"}}},{"name":"octagon","from":[8.84078,3,13.18758],"to":[10.80912,9.97521,13.49261],"rotation":{"angle":-22.5,"axis":"y","origin":[9.85422,8.50021,11.04558]},"faces":{"north":{"uv":[11,2,12,3],"texture":"#0"},"east":{"uv":[11,2,12,3],"texture":"#0"},"south":{"uv":[11,2,12,3],"texture":"#0"},"west":{"uv":[11,2,12,3],"texture":"#0"},"up":{"uv":[11,2,12,3],"texture":"#0"},"down":{"uv":[11,2,12,3],"texture":"#0"}}},{"name":"octagon","from":[7.43012,3,10.08636],"to":[7.73515,9.97515,12.0547],"rotation":{"angle":22.5,"axis":"y","origin":[9.87715,8.50015,11.10065]},"faces":{"north":{"uv":[11,2,12,3],"texture":"#0"},"east":{"uv":[11,2,12,3],"texture":"#0"},"south":{"uv":[11,2,12,3],"texture":"#0"},"west":{"uv":[11,2,12,3],"texture":"#0"},"up":{"uv":[11,2,12,3],"texture":"#0"},"down":{"uv":[11,2,12,3],"texture":"#0"}}},{"name":"octagon","from":[7.40679,3,10.1409],"to":[7.71242,9.975,12.10924],"rotation":{"angle":-22.5,"axis":"y","origin":[9.85442,8.5,11.1558]},"faces":{"north":{"uv":[11,2,12,3],"texture":"#0"},"east":{"uv":[11,2,12,3],"texture":"#0"},"south":{"uv":[11,2,12,3],"texture":"#0"},"west":{"uv":[11,2,12,3],"texture":"#0"},"up":{"uv":[11,2,12,3],"texture":"#0"},"down":{"uv":[11,2,12,3],"texture":"#0"}}},{"name":"octagon","from":[11.86328,3,10.14602],"to":[12.17036,9.97485,12.11437],"rotation":{"angle":22.5,"axis":"y","origin":[9.72128,8.49985,11.10092]},"faces":{"north":{"uv":[11,2,12,3],"texture":"#0"},"east":{"uv":[11,2,12,3],"texture":"#0"},"south":{"uv":[11,2,12,3],"texture":"#0"},"west":{"uv":[11,2,12,3],"texture":"#0"},"up":{"uv":[11,2,12,3],"texture":"#0"},"down":{"uv":[11,2,12,3],"texture":"#0"}}},{"name":"octagon","from":[11.88601,3,10.09028],"to":[12.19249,9.975,12.05862],"rotation":{"angle":-22.5,"axis":"y","origin":[9.74401,8.5,11.04578]},"faces":{"north":{"uv":[11,2,12,3],"texture":"#0"},"east":{"uv":[11,2,12,3],"texture":"#0"},"south":{"uv":[11,2,12,3],"texture":"#0"},"west":{"uv":[11,2,12,3],"texture":"#0"},"up":{"uv":[11,2,12,3],"texture":"#0"},"down":{"uv":[11,2,12,3],"texture":"#0"}}},{"name":"octagon","from":[8.9053,0,8.94],"to":[10.6947,6.75,13.26],"rotation":{"angle":22.5,"axis":"y","origin":[9.8,2,11.1]},"faces":{"north":{"uv":[11,2,12,3],"texture":"#0"},"east":{"uv":[11,2,12,3],"texture":"#0"},"south":{"uv":[11,2,12,3],"texture":"#0"},"west":{"uv":[11,2,12,3],"texture":"#0"},"up":{"uv":[11,2,12,3],"texture":"#0"},"down":{"uv":[11,2,12,3],"texture":"#0"}}},{"name":"octagon","from":[8.9053,0,8.94],"to":[10.6947,6.75,13.26],"rotation":{"angle":-22.5,"axis":"y","origin":[9.8,2,11.1]},"faces":{"north":{"uv":[11,2,12,3],"texture":"#0"},"east":{"uv":[11,2,12,3],"texture":"#0"},"south":{"uv":[11,2,12,3],"texture":"#0"},"west":{"uv":[11,2,12,3],"texture":"#0"},"up":{"uv":[11,2,12,3],"texture":"#0"},"down":{"uv":[11,2,12,3],"texture":"#0"}}},{"name":"octagon","from":[7.64,0,10.2053],"to":[11.96,6.75,11.9947],"rotation":{"angle":22.5,"axis":"y","origin":[9.8,2,11.1]},"faces":{"north":{"uv":[11,2,12,3],"texture":"#0"},"east":{"uv":[11,2,12,3],"texture":"#0"},"south":{"uv":[11,2,12,3],"texture":"#0"},"west":{"uv":[11,2,12,3],"texture":"#0"},"up":{"uv":[11,2,12,3],"texture":"#0"},"down":{"uv":[11,2,12,3],"texture":"#0"}}},{"name":"octagon","from":[7.64,0,10.2053],"to":[11.96,6.75,11.9947],"rotation":{"angle":-22.5,"axis":"y","origin":[9.8,2,11.1]},"faces":{"north":{"uv":[11,2,12,3],"texture":"#0"},"east":{"uv":[11,2,12,3],"texture":"#0"},"south":{"uv":[11,2,12,3],"texture":"#0"},"west":{"uv":[11,2,12,3],"texture":"#0"},"up":{"uv":[11,2,12,3],"texture":"#0"},"down":{"uv":[11,2,12,3],"texture":"#0"}}},{"name":"octagon","from":[2.93866,6.92,5.88806],"to":[5.0251,7.27984,6.29292],"rotation":{"angle":22.5,"axis":"y","origin":[3.94931,9.52984,8.48344]},"faces":{"north":{"uv":[0,0,1,1],"texture":"#1"},"east":{"uv":[0,0,1,1],"texture":"#1"},"south":{"uv":[0,0,1,1],"texture":"#1"},"west":{"uv":[0,0,1,1],"texture":"#1"},"up":{"uv":[0,0,1,1],"texture":"#1"},"down":{"uv":[0,0,1,1],"texture":"#1"}}},{"name":"octagon","from":[2.87956,6.92,5.86332],"to":[4.96601,7.27977,6.26883],"rotation":{"angle":-22.5,"axis":"y","origin":[3.89086,9.52977,8.45935]},"faces":{"north":{"uv":[0,0,1,1],"texture":"#1"},"east":{"uv":[0,0,1,1],"texture":"#1"},"south":{"uv":[0,0,1,1],"texture":"#1"},"west":{"uv":[0,0,1,1],"texture":"#1"},"up":{"uv":[0,0,1,1],"texture":"#1"},"down":{"uv":[0,0,1,1],"texture":"#1"}}},{"name":"octagon","from":[2.87541,6.92,10.50875],"to":[4.96185,7.28016,10.91271],"rotation":{"angle":22.5,"axis":"y","origin":[3.94902,9.53016,8.31823]},"faces":{"north":{"uv":[0,0,1,1],"texture":"#1"},"east":{"uv":[0,0,1,1],"texture":"#1"},"south":{"uv":[0,0,1,1],"texture":"#1"},"west":{"uv":[0,0,1,1],"texture":"#1"},"up":{"uv":[0,0,1,1],"texture":"#1"},"down":{"uv":[0,0,1,1],"texture":"#1"}}},{"name":"octagon","from":[2.93323,6.92,10.53284],"to":[5.01967,7.28023,10.93617],"rotation":{"angle":-22.5,"axis":"y","origin":[4.00748,9.53023,8.34232]},"faces":{"north":{"uv":[0,0,1,1],"texture":"#1"},"east":{"uv":[0,0,1,1],"texture":"#1"},"south":{"uv":[0,0,1,1],"texture":"#1"},"west":{"uv":[0,0,1,1],"texture":"#1"},"up":{"uv":[0,0,1,1],"texture":"#1"},"down":{"uv":[0,0,1,1],"texture":"#1"}}},{"name":"octagon","from":[1.43793,6.92,7.32554],"to":[1.84126,7.28016,9.41198],"rotation":{"angle":22.5,"axis":"y","origin":[4.03178,9.53016,8.40069]},"faces":{"north":{"uv":[0,0,1,1],"texture":"#1"},"east":{"uv":[0,0,1,1],"texture":"#1"},"south":{"uv":[0,0,1,1],"texture":"#1"},"west":{"uv":[0,0,1,1],"texture":"#1"},"up":{"uv":[0,0,1,1],"texture":"#1"},"down":{"uv":[0,0,1,1],"texture":"#1"}}},{"name":"octagon","from":[1.4132,6.92,7.38335],"to":[1.81716,7.28,9.4698],"rotation":{"angle":-22.5,"axis":"y","origin":[4.00768,9.53,8.45914]},"faces":{"north":{"uv":[0,0,1,1],"texture":"#1"},"east":{"uv":[0,0,1,1],"texture":"#1"},"south":{"uv":[0,0,1,1],"texture":"#1"},"west":{"uv":[0,0,1,1],"texture":"#1"},"up":{"uv":[0,0,1,1],"texture":"#1"},"down":{"uv":[0,0,1,1],"texture":"#1"}}},{"name":"octagon","from":[6.05708,6.92,7.38878],"to":[6.46258,7.27984,9.47523],"rotation":{"angle":22.5,"axis":"y","origin":[3.86656,9.52984,8.40098]},"faces":{"north":{"uv":[0,0,1,1],"texture":"#1"},"east":{"uv":[0,0,1,1],"texture":"#1"},"south":{"uv":[0,0,1,1],"texture":"#1"},"west":{"uv":[0,0,1,1],"texture":"#1"},"up":{"uv":[0,0,1,1],"texture":"#1"},"down":{"uv":[0,0,1,1],"texture":"#1"}}},{"name":"octagon","from":[6.08117,6.92,7.32969],"to":[6.48604,7.28,9.41614],"rotation":{"angle":-22.5,"axis":"y","origin":[3.89065,9.53,8.34252]},"faces":{"north":{"uv":[0,0,1,1],"texture":"#1"},"east":{"uv":[0,0,1,1],"texture":"#1"},"south":{"uv":[0,0,1,1],"texture":"#1"},"west":{"uv":[0,0,1,1],"texture":"#1"},"up":{"uv":[0,0,1,1],"texture":"#1"},"down":{"uv":[0,0,1,1],"texture":"#1"}}},{"name":"octagon","from":[2.93866,7.92,5.88806],"to":[5.0251,8.27984,6.39292],"rotation":{"angle":22.5,"axis":"y","origin":[3.94931,10.52984,8.48344]},"faces":{"north":{"uv":[0,0,1,1],"texture":"#1"},"east":{"uv":[0,0,1,1],"texture":"#1"},"south":{"uv":[0,0,1,1],"texture":"#1"},"west":{"uv":[0,0,1,1],"texture":"#1"},"up":{"uv":[0,0,1,1],"texture":"#1"},"down":{"uv":[0,0,1,1],"texture":"#1"}}},{"name":"octagon","from":[2.87956,7.92,5.86332],"to":[4.96601,8.27977,6.36883],"rotation":{"angle":-22.5,"axis":"y","origin":[3.89086,10.52977,8.45935]},"faces":{"north":{"uv":[0,0,1,1],"texture":"#1"},"east":{"uv":[0,0,1,1],"texture":"#1"},"south":{"uv":[0,0,1,1],"texture":"#1"},"west":{"uv":[0,0,1,1],"texture":"#1"},"up":{"uv":[0,0,1,1],"texture":"#1"},"down":{"uv":[0,0,1,1],"texture":"#1"}}},{"name":"octagon","from":[2.87541,7.92,10.40875],"to":[4.96185,8.28016,10.91271],"rotation":{"angle":22.5,"axis":"y","origin":[3.94902,10.53016,8.31823]},"faces":{"north":{"uv":[0,0,1,1],"texture":"#1"},"east":{"uv":[0,0,1,1],"texture":"#1"},"south":{"uv":[0,0,1,1],"texture":"#1"},"west":{"uv":[0,0,1,1],"texture":"#1"},"up":{"uv":[0,0,1,1],"texture":"#1"},"down":{"uv":[0,0,1,1],"texture":"#1"}}},{"name":"octagon","from":[2.93323,7.92,10.43284],"to":[5.01967,8.28023,10.93617],"rotation":{"angle":-22.5,"axis":"y","origin":[4.00748,10.53023,8.34232]},"faces":{"north":{"uv":[0,0,1,1],"texture":"#1"},"east":{"uv":[0,0,1,1],"texture":"#1"},"south":{"uv":[0,0,1,1],"texture":"#1"},"west":{"uv":[0,0,1,1],"texture":"#1"},"up":{"uv":[0,0,1,1],"texture":"#1"},"down":{"uv":[0,0,1,1],"texture":"#1"}}},{"name":"octagon","from":[1.43793,7.92,7.32554],"to":[1.94126,8.28016,9.41198],"rotation":{"angle":22.5,"axis":"y","origin":[4.03178,10.53016,8.40069]},"faces":{"north":{"uv":[0,0,1,1],"texture":"#1"},"east":{"uv":[0,0,1,1],"texture":"#1"},"south":{"uv":[0,0,1,1],"texture":"#1"},"west":{"uv":[0,0,1,1],"texture":"#1"},"up":{"uv":[0,0,1,1],"texture":"#1"},"down":{"uv":[0,0,1,1],"texture":"#1"}}},{"name":"octagon","from":[1.4132,7.92,7.38335],"to":[1.91716,8.28,9.4698],"rotation":{"angle":-22.5,"axis":"y","origin":[4.00768,10.53,8.45914]},"faces":{"north":{"uv":[0,0,1,1],"texture":"#1"},"east":{"uv":[0,0,1,1],"texture":"#1"},"south":{"uv":[0,0,1,1],"texture":"#1"},"west":{"uv":[0,0,1,1],"texture":"#1"},"up":{"uv":[0,0,1,1],"texture":"#1"},"down":{"uv":[0,0,1,1],"texture":"#1"}}},{"name":"octagon","from":[5.95708,7.92,7.38878],"to":[6.46258,8.27984,9.47523],"rotation":{"angle":22.5,"axis":"y","origin":[3.86656,10.52984,8.40098]},"faces":{"north":{"uv":[0,0,1,1],"texture":"#1"},"east":{"uv":[0,0,1,1],"texture":"#1"},"south":{"uv":[0,0,1,1],"texture":"#1"},"west":{"uv":[0,0,1,1],"texture":"#1"},"up":{"uv":[0,0,1,1],"texture":"#1"},"down":{"uv":[0,0,1,1],"texture":"#1"}}},{"name":"octagon","from":[5.98117,7.92,7.32969],"to":[6.48604,8.28,9.41614],"rotation":{"angle":-22.5,"axis":"y","origin":[3.89065,10.53,8.34252]},"faces":{"north":{"uv":[0,0,1,1],"texture":"#1"},"east":{"uv":[0,0,1,1],"texture":"#1"},"south":{"uv":[0,0,1,1],"texture":"#1"},"west":{"uv":[0,0,1,1],"texture":"#1"},"up":{"uv":[0,0,1,1],"texture":"#1"},"down":{"uv":[0,0,1,1],"texture":"#1"}}},{"name":"octagon","from":[8.78866,6.92,8.56306],"to":[10.8751,7.27984,8.96792],"rotation":{"angle":22.5,"axis":"y","origin":[9.79931,9.52984,11.15844]},"faces":{"north":{"uv":[0,0,1,1],"texture":"#1"},"east":{"uv":[0,0,1,1],"texture":"#1"},"south":{"uv":[0,0,1,1],"texture":"#1"},"west":{"uv":[0,0,1,1],"texture":"#1"},"up":{"uv":[0,0,1,1],"texture":"#1"},"down":{"uv":[0,0,1,1],"texture":"#1"}}},{"name":"octagon","from":[8.72956,6.92,8.53832],"to":[10.81601,7.27977,8.94383],"rotation":{"angle":-22.5,"axis":"y","origin":[9.74086,9.52977,11.13435]},"faces":{"north":{"uv":[0,0,1,1],"texture":"#1"},"east":{"uv":[0,0,1,1],"texture":"#1"},"south":{"uv":[0,0,1,1],"texture":"#1"},"west":{"uv":[0,0,1,1],"texture":"#1"},"up":{"uv":[0,0,1,1],"texture":"#1"},"down":{"uv":[0,0,1,1],"texture":"#1"}}},{"name":"octagon","from":[8.72541,6.92,13.18375],"to":[10.81185,7.28016,13.58771],"rotation":{"angle":22.5,"axis":"y","origin":[9.79902,9.53016,10.99323]},"faces":{"north":{"uv":[0,0,1,1],"texture":"#1"},"east":{"uv":[0,0,1,1],"texture":"#1"},"south":{"uv":[0,0,1,1],"texture":"#1"},"west":{"uv":[0,0,1,1],"texture":"#1"},"up":{"uv":[0,0,1,1],"texture":"#1"},"down":{"uv":[0,0,1,1],"texture":"#1"}}},{"name":"octagon","from":[8.78323,6.92,13.20784],"to":[10.86967,7.28023,13.61117],"rotation":{"angle":-22.5,"axis":"y","origin":[9.85748,9.53023,11.01732]},"faces":{"north":{"uv":[0,0,1,1],"texture":"#1"},"east":{"uv":[0,0,1,1],"texture":"#1"},"south":{"uv":[0,0,1,1],"texture":"#1"},"west":{"uv":[0,0,1,1],"texture":"#1"},"up":{"uv":[0,0,1,1],"texture":"#1"},"down":{"uv":[0,0,1,1],"texture":"#1"}}},{"name":"octagon","from":[7.28793,6.92,10.00054],"to":[7.69126,7.28016,12.08698],"rotation":{"angle":22.5,"axis":"y","origin":[9.88178,9.53016,11.07569]},"faces":{"north":{"uv":[0,0,1,1],"texture":"#1"},"east":{"uv":[0,0,1,1],"texture":"#1"},"south":{"uv":[0,0,1,1],"texture":"#1"},"west":{"uv":[0,0,1,1],"texture":"#1"},"up":{"uv":[0,0,1,1],"texture":"#1"},"down":{"uv":[0,0,1,1],"texture":"#1"}}},{"name":"octagon","from":[7.2632,6.92,10.05835],"to":[7.66716,7.28,12.1448],"rotation":{"angle":-22.5,"axis":"y","origin":[9.85768,9.53,11.13414]},"faces":{"north":{"uv":[0,0,1,1],"texture":"#1"},"east":{"uv":[0,0,1,1],"texture":"#1"},"south":{"uv":[0,0,1,1],"texture":"#1"},"west":{"uv":[0,0,1,1],"texture":"#1"},"up":{"uv":[0,0,1,1],"texture":"#1"},"down":{"uv":[0,0,1,1],"texture":"#1"}}},{"name":"octagon","from":[11.90708,6.92,10.06378],"to":[12.31258,7.27984,12.15023],"rotation":{"angle":22.5,"axis":"y","origin":[9.71656,9.52984,11.07598]},"faces":{"north":{"uv":[0,0,1,1],"texture":"#1"},"east":{"uv":[0,0,1,1],"texture":"#1"},"south":{"uv":[0,0,1,1],"texture":"#1"},"west":{"uv":[0,0,1,1],"texture":"#1"},"up":{"uv":[0,0,1,1],"texture":"#1"},"down":{"uv":[0,0,1,1],"texture":"#1"}}},{"name":"octagon","from":[11.93117,6.92,10.00469],"to":[12.33604,7.28,12.09114],"rotation":{"angle":-22.5,"axis":"y","origin":[9.74065,9.53,11.01752]},"faces":{"north":{"uv":[0,0,1,1],"texture":"#1"},"east":{"uv":[0,0,1,1],"texture":"#1"},"south":{"uv":[0,0,1,1],"texture":"#1"},"west":{"uv":[0,0,1,1],"texture":"#1"},"up":{"uv":[0,0,1,1],"texture":"#1"},"down":{"uv":[0,0,1,1],"texture":"#1"}}},{"name":"octagon","from":[8.78866,7.92,8.56306],"to":[10.8751,8.27984,8.96792],"rotation":{"angle":22.5,"axis":"y","origin":[9.79931,10.52984,11.15844]},"faces":{"north":{"uv":[0,0,1,1],"texture":"#1"},"east":{"uv":[0,0,1,1],"texture":"#1"},"south":{"uv":[0,0,1,1],"texture":"#1"},"west":{"uv":[0,0,1,1],"texture":"#1"},"up":{"uv":[0,0,1,1],"texture":"#1"},"down":{"uv":[0,0,1,1],"texture":"#1"}}},{"name":"octagon","from":[8.72956,7.92,8.53832],"to":[10.81601,8.27977,8.94383],"rotation":{"angle":-22.5,"axis":"y","origin":[9.74086,10.52977,11.13435]},"faces":{"north":{"uv":[0,0,1,1],"texture":"#1"},"east":{"uv":[0,0,1,1],"texture":"#1"},"south":{"uv":[0,0,1,1],"texture":"#1"},"west":{"uv":[0,0,1,1],"texture":"#1"},"up":{"uv":[0,0,1,1],"texture":"#1"},"down":{"uv":[0,0,1,1],"texture":"#1"}}},{"name":"octagon","from":[8.72541,7.92,13.18375],"to":[10.81185,8.28016,13.58771],"rotation":{"angle":22.5,"axis":"y","origin":[9.79902,10.53016,10.99323]},"faces":{"north":{"uv":[0,0,1,1],"texture":"#1"},"east":{"uv":[0,0,1,1],"texture":"#1"},"south":{"uv":[0,0,1,1],"texture":"#1"},"west":{"uv":[0,0,1,1],"texture":"#1"},"up":{"uv":[0,0,1,1],"texture":"#1"},"down":{"uv":[0,0,1,1],"texture":"#1"}}},{"name":"octagon","from":[8.78323,7.92,13.20784],"to":[10.86967,8.28023,13.61117],"rotation":{"angle":-22.5,"axis":"y","origin":[9.85748,10.53023,11.01732]},"faces":{"north":{"uv":[0,0,1,1],"texture":"#1"},"east":{"uv":[0,0,1,1],"texture":"#1"},"south":{"uv":[0,0,1,1],"texture":"#1"},"west":{"uv":[0,0,1,1],"texture":"#1"},"up":{"uv":[0,0,1,1],"texture":"#1"},"down":{"uv":[0,0,1,1],"texture":"#1"}}},{"name":"octagon","from":[7.28793,7.92,10.00054],"to":[7.69126,8.28016,12.08698],"rotation":{"angle":22.5,"axis":"y","origin":[9.88178,10.53016,11.07569]},"faces":{"north":{"uv":[0,0,1,1],"texture":"#1"},"east":{"uv":[0,0,1,1],"texture":"#1"},"south":{"uv":[0,0,1,1],"texture":"#1"},"west":{"uv":[0,0,1,1],"texture":"#1"},"up":{"uv":[0,0,1,1],"texture":"#1"},"down":{"uv":[0,0,1,1],"texture":"#1"}}},{"name":"octagon","from":[7.2632,7.92,10.05835],"to":[7.66716,8.28,12.1448],"rotation":{"angle":-22.5,"axis":"y","origin":[9.85768,10.53,11.13414]},"faces":{"north":{"uv":[0,0,1,1],"texture":"#1"},"east":{"uv":[0,0,1,1],"texture":"#1"},"south":{"uv":[0,0,1,1],"texture":"#1"},"west":{"uv":[0,0,1,1],"texture":"#1"},"up":{"uv":[0,0,1,1],"texture":"#1"},"down":{"uv":[0,0,1,1],"texture":"#1"}}},{"name":"octagon","from":[11.90708,7.92,10.06378],"to":[12.31258,8.27984,12.15023],"rotation":{"angle":22.5,"axis":"y","origin":[9.71656,10.52984,11.07598]},"faces":{"north":{"uv":[0,0,1,1],"texture":"#1"},"east":{"uv":[0,0,1,1],"texture":"#1"},"south":{"uv":[0,0,1,1],"texture":"#1"},"west":{"uv":[0,0,1,1],"texture":"#1"},"up":{"uv":[0,0,1,1],"texture":"#1"},"down":{"uv":[0,0,1,1],"texture":"#1"}}},{"name":"octagon","from":[11.93117,7.92,10.00469],"to":[12.33604,8.28,12.09114],"rotation":{"angle":-22.5,"axis":"y","origin":[9.74065,10.53,11.01752]},"faces":{"north":{"uv":[0,0,1,1],"texture":"#1"},"east":{"uv":[0,0,1,1],"texture":"#1"},"south":{"uv":[0,0,1,1],"texture":"#1"},"west":{"uv":[0,0,1,1],"texture":"#1"},"up":{"uv":[0,0,1,1],"texture":"#1"},"down":{"uv":[0,0,1,1],"texture":"#1"}}},{"name":"octagon","from":[8.78866,8.92,8.56306],"to":[10.8751,9.27984,8.96792],"rotation":{"angle":22.5,"axis":"y","origin":[9.79931,11.52984,11.15844]},"faces":{"north":{"uv":[0,0,1,1],"texture":"#1"},"east":{"uv":[0,0,1,1],"texture":"#1"},"south":{"uv":[0,0,1,1],"texture":"#1"},"west":{"uv":[0,0,1,1],"texture":"#1"},"up":{"uv":[0,0,1,1],"texture":"#1"},"down":{"uv":[0,0,1,1],"texture":"#1"}}},{"name":"octagon","from":[8.72956,8.92,8.53832],"to":[10.81601,9.27977,8.94383],"rotation":{"angle":-22.5,"axis":"y","origin":[9.74086,11.52977,11.13435]},"faces":{"north":{"uv":[0,0,1,1],"texture":"#1"},"east":{"uv":[0,0,1,1],"texture":"#1"},"south":{"uv":[0,0,1,1],"texture":"#1"},"west":{"uv":[0,0,1,1],"texture":"#1"},"up":{"uv":[0,0,1,1],"texture":"#1"},"down":{"uv":[0,0,1,1],"texture":"#1"}}},{"name":"octagon","from":[8.72541,8.92,13.18375],"to":[10.81185,9.28016,13.58771],"rotation":{"angle":22.5,"axis":"y","origin":[9.79902,11.53016,10.99323]},"faces":{"north":{"uv":[0,0,1,1],"texture":"#1"},"east":{"uv":[0,0,1,1],"texture":"#1"},"south":{"uv":[0,0,1,1],"texture":"#1"},"west":{"uv":[0,0,1,1],"texture":"#1"},"up":{"uv":[0,0,1,1],"texture":"#1"},"down":{"uv":[0,0,1,1],"texture":"#1"}}},{"name":"octagon","from":[8.78323,8.92,13.20784],"to":[10.86967,9.28023,13.61117],"rotation":{"angle":-22.5,"axis":"y","origin":[9.85748,11.53023,11.01732]},"faces":{"north":{"uv":[0,0,1,1],"texture":"#1"},"east":{"uv":[0,0,1,1],"texture":"#1"},"south":{"uv":[0,0,1,1],"texture":"#1"},"west":{"uv":[0,0,1,1],"texture":"#1"},"up":{"uv":[0,0,1,1],"texture":"#1"},"down":{"uv":[0,0,1,1],"texture":"#1"}}},{"name":"octagon","from":[7.28793,8.92,10.00054],"to":[7.69126,9.28016,12.08698],"rotation":{"angle":22.5,"axis":"y","origin":[9.88178,11.53016,11.07569]},"faces":{"north":{"uv":[0,0,1,1],"texture":"#1"},"east":{"uv":[0,0,1,1],"texture":"#1"},"south":{"uv":[0,0,1,1],"texture":"#1"},"west":{"uv":[0,0,1,1],"texture":"#1"},"up":{"uv":[0,0,1,1],"texture":"#1"},"down":{"uv":[0,0,1,1],"texture":"#1"}}},{"name":"octagon","from":[7.2632,8.92,10.05835],"to":[7.66716,9.28,12.1448],"rotation":{"angle":-22.5,"axis":"y","origin":[9.85768,11.53,11.13414]},"faces":{"north":{"uv":[0,0,1,1],"texture":"#1"},"east":{"uv":[0,0,1,1],"texture":"#1"},"south":{"uv":[0,0,1,1],"texture":"#1"},"west":{"uv":[0,0,1,1],"texture":"#1"},"up":{"uv":[0,0,1,1],"texture":"#1"},"down":{"uv":[0,0,1,1],"texture":"#1"}}},{"name":"octagon","from":[11.90708,8.92,10.06378],"to":[12.31258,9.27984,12.15023],"rotation":{"angle":22.5,"axis":"y","origin":[9.71656,11.52984,11.07598]},"faces":{"north":{"uv":[0,0,1,1],"texture":"#1"},"east":{"uv":[0,0,1,1],"texture":"#1"},"south":{"uv":[0,0,1,1],"texture":"#1"},"west":{"uv":[0,0,1,1],"texture":"#1"},"up":{"uv":[0,0,1,1],"texture":"#1"},"down":{"uv":[0,0,1,1],"texture":"#1"}}},{"name":"octagon","from":[11.93117,8.92,10.00469],"to":[12.33604,9.28,12.09114],"rotation":{"angle":-22.5,"axis":"y","origin":[9.74065,11.53,11.01752]},"faces":{"north":{"uv":[0,0,1,1],"texture":"#1"},"east":{"uv":[0,0,1,1],"texture":"#1"},"south":{"uv":[0,0,1,1],"texture":"#1"},"west":{"uv":[0,0,1,1],"texture":"#1"},"up":{"uv":[0,0,1,1],"texture":"#1"},"down":{"uv":[0,0,1,1],"texture":"#1"}}},{"name":"octagon","from":[8.78866,9.92,8.56306],"to":[10.8751,10.27984,9.06792],"rotation":{"angle":22.5,"axis":"y","origin":[9.79931,12.52984,11.15844]},"faces":{"north":{"uv":[0,0,1,1],"texture":"#1"},"east":{"uv":[0,0,1,1],"texture":"#1"},"south":{"uv":[0,0,1,1],"texture":"#1"},"west":{"uv":[0,0,1,1],"texture":"#1"},"up":{"uv":[0,0,1,1],"texture":"#1"},"down":{"uv":[0,0,1,1],"texture":"#1"}}},{"name":"octagon","from":[8.72956,9.92,8.53832],"to":[10.81601,10.27977,9.04383],"rotation":{"angle":-22.5,"axis":"y","origin":[9.74086,12.52977,11.13435]},"faces":{"north":{"uv":[0,0,1,1],"texture":"#1"},"east":{"uv":[0,0,1,1],"texture":"#1"},"south":{"uv":[0,0,1,1],"texture":"#1"},"west":{"uv":[0,0,1,1],"texture":"#1"},"up":{"uv":[0,0,1,1],"texture":"#1"},"down":{"uv":[0,0,1,1],"texture":"#1"}}},{"name":"octagon","from":[8.72541,9.92,13.08375],"to":[10.81185,10.28016,13.58771],"rotation":{"angle":22.5,"axis":"y","origin":[9.79902,12.53016,10.99323]},"faces":{"north":{"uv":[0,0,1,1],"texture":"#1"},"east":{"uv":[0,0,1,1],"texture":"#1"},"south":{"uv":[0,0,1,1],"texture":"#1"},"west":{"uv":[0,0,1,1],"texture":"#1"},"up":{"uv":[0,0,1,1],"texture":"#1"},"down":{"uv":[0,0,1,1],"texture":"#1"}}},{"name":"octagon","from":[8.78323,9.92,13.10784],"to":[10.86967,10.28023,13.61117],"rotation":{"angle":-22.5,"axis":"y","origin":[9.85748,12.53023,11.01732]},"faces":{"north":{"uv":[0,0,1,1],"texture":"#1"},"east":{"uv":[0,0,1,1],"texture":"#1"},"south":{"uv":[0,0,1,1],"texture":"#1"},"west":{"uv":[0,0,1,1],"texture":"#1"},"up":{"uv":[0,0,1,1],"texture":"#1"},"down":{"uv":[0,0,1,1],"texture":"#1"}}},{"name":"octagon","from":[7.28793,9.92,10.00054],"to":[7.79126,10.28016,12.08698],"rotation":{"angle":22.5,"axis":"y","origin":[9.88178,12.53016,11.07569]},"faces":{"north":{"uv":[0,0,1,1],"texture":"#1"},"east":{"uv":[0,0,1,1],"texture":"#1"},"south":{"uv":[0,0,1,1],"texture":"#1"},"west":{"uv":[0,0,1,1],"texture":"#1"},"up":{"uv":[0,0,1,1],"texture":"#1"},"down":{"uv":[0,0,1,1],"texture":"#1"}}},{"name":"octagon","from":[7.2632,9.92,10.05835],"to":[7.76716,10.28,12.1448],"rotation":{"angle":-22.5,"axis":"y","origin":[9.85768,12.53,11.13414]},"faces":{"north":{"uv":[0,0,1,1],"texture":"#1"},"east":{"uv":[0,0,1,1],"texture":"#1"},"south":{"uv":[0,0,1,1],"texture":"#1"},"west":{"uv":[0,0,1,1],"texture":"#1"},"up":{"uv":[0,0,1,1],"texture":"#1"},"down":{"uv":[0,0,1,1],"texture":"#1"}}},{"name":"octagon","from":[11.80708,9.92,10.06378],"to":[12.31258,10.27984,12.15023],"rotation":{"angle":22.5,"axis":"y","origin":[9.71656,12.52984,11.07598]},"faces":{"north":{"uv":[0,0,1,1],"texture":"#1"},"east":{"uv":[0,0,1,1],"texture":"#1"},"south":{"uv":[0,0,1,1],"texture":"#1"},"west":{"uv":[0,0,1,1],"texture":"#1"},"up":{"uv":[0,0,1,1],"texture":"#1"},"down":{"uv":[0,0,1,1],"texture":"#1"}}},{"name":"octagon","from":[11.83117,9.92,10.00469],"to":[12.33604,10.28,12.09114],"rotation":{"angle":-22.5,"axis":"y","origin":[9.74065,12.53,11.01752]},"faces":{"north":{"uv":[0,0,1,1],"texture":"#1"},"east":{"uv":[0,0,1,1],"texture":"#1"},"south":{"uv":[0,0,1,1],"texture":"#1"},"west":{"uv":[0,0,1,1],"texture":"#1"},"up":{"uv":[0,0,1,1],"texture":"#1"},"down":{"uv":[0,0,1,1],"texture":"#1"}}}],"display":{"thirdperson_righthand":{"rotation":[75,45,0],"translation":[-1.25,2.5,3.25],"scale":[0.64063,0.64063,0.64063]},"thirdperson_lefthand":{"rotation":[75,45,0],"translation":[-1.25,2.5,3.25],"scale":[0.64063,0.64063,0.64063]},"firstperson_righthand":{"rotation":[-2,45,11.75],"translation":[1,5.25,0],"scale":[0.70469,0.70469,0.70469]},"firstperson_lefthand":{"rotation":[-2,45,11.75],"translation":[1,5.25,0],"scale":[0.70469,0.70469,0.70469]},"ground":{"translation":[0,1,0],"scale":[0.5,0.5,0.5]},"gui":{"rotation":[30,225,0],"translation":[0,1.5,0],"scale":[0.83594,0.83594,0.83594]},"head":{"translation":[0,-34.75,0],"scale":[1.05273,1.05273,1.05273]},"fixed":{"rotation":[-90,0,0],"translation":[0,0,-12.25],"scale":[1.53,1.53,1.53]}},"groups":[{"name":"group","origin":[8,8,8],"children":[{"name":"Rim","origin":[8,8,8],"children":[0,1,2,3,4,5,6,7]},{"name":"octagon","origin":[8,8,8],"children":[8,9,10,11,12,13,14,15]},{"name":"octagon","origin":[8,8,8],"children":[16,17,18,19,20,21,22,23]},{"name":"octagon","origin":[8,8,8],"children":[24,25,26,27]}]},{"name":"group","origin":[8,8,8],"children":[{"name":"Rim","origin":[8,8,8],"children":[28,29,30,31,32,33,34,35]},{"name":"octagon","origin":[8,8,8],"children":[36,37,38,39,40,41,42,43]},{"name":"octagon","origin":[8,8,8],"children":[44,45,46,47]}]},{"name":"group","origin":[8,8,8],"children":[{"name":"Rim","origin":[8,8,8],"children":[48,49,50,51,52,53,54,55]},{"name":"octagon","origin":[8,8,8],"children":[56,57,58,59,60,61,62,63]},{"name":"octagon","origin":[8,8,8],"children":[64,65,66,67]}]},{"name":"group","origin":[8,8,8],"children":[{"name":"Rim","origin":[8,8,8],"children":[68,69,70,71,72,73,74,75]}]},{"name":"group","origin":[8,8,8],"children":[{"name":"Rim","origin":[8,8,8],"children":[76,77,78,79,80,81,82,83]}]},{"name":"group","origin":[8,8,8],"children":[{"name":"Rim","origin":[8,8,8],"children":[84,85,86,87,88,89,90,91]}]},{"name":"group","origin":[8,8,8],"children":[{"name":"Rim","origin":[8,8,8],"children":[92,93,94,95,96,97,98,99]}]},{"name":"group","origin":[8,8,8],"children":[{"name":"Rim","origin":[8,8,8],"children":[100,101,102,103,104,105,106,107]}]},{"name":"group","origin":[8,8,8],"children":[{"name":"Rim","origin":[8,8,8],"children":[108,109,110,111,112,113,114,115]}]}]}