{"credit":"Made by spike5032","textures":{"1":"block/light_gray_concrete_powder","2":"block/black_concrete_powder","3":"block/orange_concrete_powder","4":"block/green_concrete_powder","5":"block/quartz_block_side","particle":"block/black_concrete_powder"},"elements":[{"name":"octagon","from":[5.06822,0.45392,0.92205],"to":[10.93178,0.73812,2.69154],"rotation":{"angle":22.5,"axis":"y","origin":[8,0.37552,8]},"faces":{"north":{"uv":[5,1,6,2],"texture":"#5"},"east":{"uv":[5,1,6,2],"texture":"#5"},"south":{"uv":[5,1,6,2],"texture":"#5"},"west":{"uv":[5,1,6,2],"texture":"#5"},"up":{"uv":[5,1,6,2],"texture":"#5"},"down":{"uv":[5,1,6,2],"texture":"#5"}}},{"name":"octagon","from":[5.06822,0.45392,0.92205],"to":[10.93178,0.73812,2.69154],"rotation":{"angle":-22.5,"axis":"y","origin":[8,0.37552,8]},"faces":{"north":{"uv":[5,1,6,2],"texture":"#5"},"east":{"uv":[5,1,6,2],"texture":"#5"},"south":{"uv":[5,1,6,2],"texture":"#5"},"west":{"uv":[5,1,6,2],"texture":"#5"},"up":{"uv":[5,1,6,2],"texture":"#5"},"down":{"uv":[5,1,6,2],"texture":"#5"}}},{"name":"octagon","from":[5.06822,0.45392,13.30846],"to":[10.93178,0.73812,15.07795],"rotation":{"angle":22.5,"axis":"y","origin":[8,0.37552,8]},"faces":{"north":{"uv":[5,1,6,2],"texture":"#5"},"east":{"uv":[5,1,6,2],"texture":"#5"},"south":{"uv":[5,1,6,2],"texture":"#5"},"west":{"uv":[5,1,6,2],"texture":"#5"},"up":{"uv":[5,1,6,2],"texture":"#5"},"down":{"uv":[5,1,6,2],"texture":"#5"}}},{"name":"octagon","from":[5.06822,0.45392,13.30846],"to":[10.93178,0.73812,15.07795],"rotation":{"angle":-22.5,"axis":"y","origin":[8,0.37552,8]},"faces":{"north":{"uv":[5,1,6,2],"texture":"#5"},"east":{"uv":[5,1,6,2],"texture":"#5"},"south":{"uv":[5,1,6,2],"texture":"#5"},"west":{"uv":[5,1,6,2],"texture":"#5"},"up":{"uv":[5,1,6,2],"texture":"#5"},"down":{"uv":[5,1,6,2],"texture":"#5"}}},{"name":"octagon","from":[0.92205,0.45392,5.06822],"to":[2.69154,0.73812,10.93178],"rotation":{"angle":22.5,"axis":"y","origin":[8,0.37552,8]},"faces":{"north":{"uv":[5,1,6,2],"texture":"#5"},"east":{"uv":[5,1,6,2],"texture":"#5"},"south":{"uv":[5,1,6,2],"texture":"#5"},"west":{"uv":[5,1,6,2],"texture":"#5"},"up":{"uv":[5,1,6,2],"texture":"#5"},"down":{"uv":[5,1,6,2],"texture":"#5"}}},{"name":"octagon","from":[0.92205,0.45392,5.06822],"to":[2.69154,0.73812,10.93178],"rotation":{"angle":-22.5,"axis":"y","origin":[8,0.37552,8]},"faces":{"north":{"uv":[5,1,6,2],"texture":"#5"},"east":{"uv":[5,1,6,2],"texture":"#5"},"south":{"uv":[5,1,6,2],"texture":"#5"},"west":{"uv":[5,1,6,2],"texture":"#5"},"up":{"uv":[5,1,6,2],"texture":"#5"},"down":{"uv":[5,1,6,2],"texture":"#5"}}},{"name":"octagon","from":[13.30846,0.45392,5.06822],"to":[15.07795,0.73812,10.93178],"rotation":{"angle":22.5,"axis":"y","origin":[8,0.37552,8]},"faces":{"north":{"uv":[5,1,6,2],"texture":"#5"},"east":{"uv":[5,1,6,2],"texture":"#5"},"south":{"uv":[5,1,6,2],"texture":"#5"},"west":{"uv":[5,1,6,2],"texture":"#5"},"up":{"uv":[5,1,6,2],"texture":"#5"},"down":{"uv":[5,1,6,2],"texture":"#5"}}},{"name":"octagon","from":[13.30846,0.45392,5.06822],"to":[15.07795,0.73812,10.93178],"rotation":{"angle":-22.5,"axis":"y","origin":[8,0.37552,8]},"faces":{"north":{"uv":[5,1,6,2],"texture":"#5"},"east":{"uv":[5,1,6,2],"texture":"#5"},"south":{"uv":[5,1,6,2],"texture":"#5"},"west":{"uv":[5,1,6,2],"texture":"#5"},"up":{"uv":[5,1,6,2],"texture":"#5"},"down":{"uv":[5,1,6,2],"texture":"#5"}}},{"name":"octagon","from":[5.6908,0.06,2.42509],"to":[10.3092,0.49,13.57491],"rotation":{"angle":22.5,"axis":"y","origin":[8,0.4,8]},"faces":{"north":{"uv":[7,0,8,1],"texture":"#5"},"east":{"uv":[7,0,8,1],"texture":"#5"},"south":{"uv":[7,0,8,1],"texture":"#5"},"west":{"uv":[7,0,8,1],"texture":"#5"},"up":{"uv":[7,0,8,1],"texture":"#5"},"down":{"uv":[7,0,8,1],"texture":"#5"}}},{"name":"octagon","from":[5.6908,0.06,2.42509],"to":[10.3092,0.49,13.57491],"rotation":{"angle":-22.5,"axis":"y","origin":[8,0.4,8]},"faces":{"north":{"uv":[7,0,8,1],"texture":"#5"},"east":{"uv":[7,0,8,1],"texture":"#5"},"south":{"uv":[7,0,8,1],"texture":"#5"},"west":{"uv":[7,0,8,1],"texture":"#5"},"up":{"uv":[7,0,8,1],"texture":"#5"},"down":{"uv":[7,0,8,1],"texture":"#5"}}},{"name":"octagon","from":[2.42509,0.06,5.6908],"to":[13.57491,0.49,10.3092],"rotation":{"angle":22.5,"axis":"y","origin":[8,0.4,8]},"faces":{"north":{"uv":[7,0,8,1],"texture":"#5"},"east":{"uv":[7,0,8,1],"texture":"#5"},"south":{"uv":[7,0,8,1],"texture":"#5"},"west":{"uv":[7,0,8,1],"texture":"#5"},"up":{"uv":[7,0,8,1],"texture":"#5"},"down":{"uv":[7,0,8,1],"texture":"#5"}}},{"name":"octagon","from":[2.42509,0.06,5.6908],"to":[13.57491,0.49,10.3092],"rotation":{"angle":-22.5,"axis":"y","origin":[8,0.4,8]},"faces":{"north":{"uv":[7,0,8,1],"texture":"#5"},"east":{"uv":[7,0,8,1],"texture":"#5"},"south":{"uv":[7,0,8,1],"texture":"#5"},"west":{"uv":[7,0,8,1],"texture":"#5"},"up":{"uv":[7,0,8,1],"texture":"#5"},"down":{"uv":[7,0,8,1],"texture":"#5"}}},{"from":[6.72,2.16333,2.72],"to":[9.28,3.30333,5.28],"rotation":{"angle":0,"axis":"y","origin":[8,3.08333,3.8]},"faces":{"north":{"uv":[3,3,6,5],"texture":"#2"},"east":{"uv":[0,3,3,5],"texture":"#2"},"south":{"uv":[9,3,12,5],"texture":"#2"},"west":{"uv":[6,3,9,5],"texture":"#2"},"up":{"uv":[6,3,3,0],"texture":"#2"},"down":{"uv":[9,0,6,3],"texture":"#2"}}},{"from":[7,0.5,3],"to":[9,1.5,5],"rotation":{"angle":0,"axis":"y","origin":[15,8.5,11]},"faces":{"north":{"uv":[1.5,0,9.7,4.2],"texture":"#1"},"east":{"uv":[1.5,0,9.7,4.2],"texture":"#1"},"south":{"uv":[1.5,0,9.7,4.2],"texture":"#1"},"west":{"uv":[1.5,0,9.7,4.2],"texture":"#1"},"up":{"uv":[1.5,0,9.7,4.2],"texture":"#1"},"down":{"uv":[1.5,0,9.7,4.2],"texture":"#1"}}},{"from":[6.9,1.5,2.9],"to":[9.1,2.2,5.1],"rotation":{"angle":0,"axis":"y","origin":[15,9.5,11]},"faces":{"north":{"uv":[1.5,0,9.7,4.2],"texture":"#1"},"east":{"uv":[1.5,0,9.7,4.2],"texture":"#1"},"south":{"uv":[1.5,0,9.7,4.2],"texture":"#1"},"west":{"uv":[1.5,0,9.7,4.2],"texture":"#1"},"up":{"uv":[1.5,0,9.7,4.2],"texture":"#1"},"down":{"uv":[1.5,0,9.7,4.2],"texture":"#1"}}},{"from":[7.18,3.30333,3.18],"to":[8.82,3.92333,4.82],"rotation":{"angle":0,"axis":"y","origin":[8,2.38333,3.8]},"faces":{"north":{"uv":[2,7,4,8],"texture":"#2"},"east":{"uv":[0,7,2,8],"texture":"#2"},"south":{"uv":[6,7,8,8],"texture":"#2"},"west":{"uv":[4,7,6,8],"texture":"#2"},"up":{"uv":[4,7,2,5],"texture":"#2"},"down":{"uv":[6,5,4,7],"texture":"#2"}}},{"from":[7.64,3.92333,3.64],"to":[8.36,4.38333,4.36],"rotation":{"angle":0,"axis":"y","origin":[8,2.08333,3.8]},"faces":{"north":{"uv":[9,6,10,6.5],"texture":"#2"},"east":{"uv":[8,6,9,6.5],"texture":"#2"},"south":{"uv":[11,6,12,6.5],"texture":"#2"},"west":{"uv":[10,6,11,6.5],"texture":"#2"},"up":{"uv":[10,6,9,5],"texture":"#2"},"down":{"uv":[11,5,10,6],"texture":"#2"}}},{"from":[3.52,2.16333,4.32],"to":[6.08,3.30333,6.88],"rotation":{"angle":22.5,"axis":"y","origin":[4.8,3.08333,5.4]},"faces":{"north":{"uv":[3,3,6,5],"texture":"#3"},"east":{"uv":[0,3,3,5],"texture":"#3"},"south":{"uv":[9,3,12,5],"texture":"#3"},"west":{"uv":[6,3,9,5],"texture":"#3"},"up":{"uv":[6,3,3,0],"texture":"#3"},"down":{"uv":[9,0,6,3],"texture":"#3"}}},{"from":[3.8,0.5,4.6],"to":[5.8,1.5,6.6],"rotation":{"angle":22.5,"axis":"y","origin":[4.8,3.08333,5.4]},"faces":{"north":{"uv":[1.5,0,9.7,4.2],"texture":"#1"},"east":{"uv":[1.5,0,9.7,4.2],"texture":"#1"},"south":{"uv":[1.5,0,9.7,4.2],"texture":"#1"},"west":{"uv":[1.5,0,9.7,4.2],"texture":"#1"},"up":{"uv":[1.5,0,9.7,4.2],"texture":"#1"},"down":{"uv":[1.5,0,9.7,4.2],"texture":"#1"}}},{"from":[3.7,1.5,4.5],"to":[5.9,2.2,6.7],"rotation":{"angle":22.5,"axis":"y","origin":[4.8,3.08333,5.4]},"faces":{"north":{"uv":[1.5,0,9.7,4.2],"texture":"#1"},"east":{"uv":[1.5,0,9.7,4.2],"texture":"#1"},"south":{"uv":[1.5,0,9.7,4.2],"texture":"#1"},"west":{"uv":[1.5,0,9.7,4.2],"texture":"#1"},"up":{"uv":[1.5,0,9.7,4.2],"texture":"#1"},"down":{"uv":[1.5,0,9.7,4.2],"texture":"#1"}}},{"from":[3.98,3.30333,4.78],"to":[5.62,3.92333,6.42],"rotation":{"angle":22.5,"axis":"y","origin":[4.8,3.08333,5.4]},"faces":{"north":{"uv":[2,7,4,8],"texture":"#3"},"east":{"uv":[0,7,2,8],"texture":"#3"},"south":{"uv":[6,7,8,8],"texture":"#3"},"west":{"uv":[4,7,6,8],"texture":"#3"},"up":{"uv":[4,7,2,5],"texture":"#3"},"down":{"uv":[6,5,4,7],"texture":"#3"}}},{"from":[4.44,3.92333,5.24],"to":[5.16,4.38333,5.96],"rotation":{"angle":22.5,"axis":"y","origin":[4.8,3.08333,5.4]},"faces":{"north":{"uv":[9,6,10,6.5],"texture":"#3"},"east":{"uv":[8,6,9,6.5],"texture":"#3"},"south":{"uv":[11,6,12,6.5],"texture":"#3"},"west":{"uv":[10,6,11,6.5],"texture":"#3"},"up":{"uv":[10,6,9,5],"texture":"#3"},"down":{"uv":[11,5,10,6],"texture":"#3"}}},{"from":[2.92,2.16333,7.82],"to":[5.48,3.30333,10.38],"rotation":{"angle":45,"axis":"y","origin":[4.2,2.67,9.1]},"faces":{"north":{"uv":[9,3,12,5],"texture":"#4"},"east":{"uv":[6,3,9,5],"texture":"#4"},"south":{"uv":[3,3,6,5],"texture":"#4"},"west":{"uv":[0,3,3,5],"texture":"#4"},"up":{"uv":[6,3,3,0],"rotation":180,"texture":"#4"},"down":{"uv":[9,0,6,3],"rotation":180,"texture":"#4"}}},{"from":[3.2,0.5,8.1],"to":[5.2,1.5,10.1],"rotation":{"angle":45,"axis":"y","origin":[4.2,2.67,9.1]},"faces":{"north":{"uv":[1.5,0,9.7,4.2],"texture":"#1"},"east":{"uv":[1.5,0,9.7,4.2],"texture":"#1"},"south":{"uv":[1.5,0,9.7,4.2],"texture":"#1"},"west":{"uv":[1.5,0,9.7,4.2],"texture":"#1"},"up":{"uv":[1.5,0,9.7,4.2],"texture":"#1"},"down":{"uv":[1.5,0,9.7,4.2],"texture":"#1"}}},{"from":[3.1,1.5,8],"to":[5.3,2.2,10.2],"rotation":{"angle":45,"axis":"y","origin":[4.2,2.67,9.1]},"faces":{"north":{"uv":[1.5,0,9.7,4.2],"texture":"#1"},"east":{"uv":[1.5,0,9.7,4.2],"texture":"#1"},"south":{"uv":[1.5,0,9.7,4.2],"texture":"#1"},"west":{"uv":[1.5,0,9.7,4.2],"texture":"#1"},"up":{"uv":[1.5,0,9.7,4.2],"texture":"#1"},"down":{"uv":[1.5,0,9.7,4.2],"texture":"#1"}}},{"from":[3.38,3.30333,8.28],"to":[5.02,3.92333,9.92],"rotation":{"angle":45,"axis":"y","origin":[4.2,2.67,9.1]},"faces":{"north":{"uv":[6,7,8,8],"texture":"#4"},"east":{"uv":[4,7,6,8],"texture":"#4"},"south":{"uv":[2,7,4,8],"texture":"#4"},"west":{"uv":[0,7,2,8],"texture":"#4"},"up":{"uv":[4,7,2,5],"rotation":180,"texture":"#4"},"down":{"uv":[6,5,4,7],"rotation":180,"texture":"#4"}}},{"from":[3.84,3.92333,8.74],"to":[4.56,4.38333,9.46],"rotation":{"angle":45,"axis":"y","origin":[4.2,2.67,9.1]},"faces":{"north":{"uv":[11,6,12,6.5],"texture":"#4"},"east":{"uv":[10,6,11,6.5],"texture":"#4"},"south":{"uv":[9,6,10,6.5],"texture":"#4"},"west":{"uv":[8,6,9,6.5],"texture":"#4"},"up":{"uv":[10,6,9,5],"rotation":180,"texture":"#4"},"down":{"uv":[11,5,10,6],"rotation":180,"texture":"#4"}}},{"from":[9.62,2.16333,4.12],"to":[12.18,3.30333,6.68],"rotation":{"angle":0,"axis":"y","origin":[10.9,3.08333,5.6]},"faces":{"north":{"uv":[9,3,12,5],"texture":"#4"},"east":{"uv":[6,3,9,5],"texture":"#4"},"south":{"uv":[3,3,6,5],"texture":"#4"},"west":{"uv":[0,3,3,5],"texture":"#4"},"up":{"uv":[6,3,3,0],"rotation":180,"texture":"#4"},"down":{"uv":[9,0,6,3],"rotation":180,"texture":"#4"}}},{"from":[9.9,0.5,4.4],"to":[11.9,1.5,6.4],"rotation":{"angle":0,"axis":"y","origin":[10.9,3.08333,5.6]},"faces":{"north":{"uv":[1.5,0,9.7,4.2],"texture":"#1"},"east":{"uv":[1.5,0,9.7,4.2],"texture":"#1"},"south":{"uv":[1.5,0,9.7,4.2],"texture":"#1"},"west":{"uv":[1.5,0,9.7,4.2],"texture":"#1"},"up":{"uv":[1.5,0,9.7,4.2],"texture":"#1"},"down":{"uv":[1.5,0,9.7,4.2],"texture":"#1"}}},{"from":[9.8,1.5,4.3],"to":[12,2.2,6.5],"rotation":{"angle":0,"axis":"y","origin":[10.9,3.08333,5.6]},"faces":{"north":{"uv":[1.5,0,9.7,4.2],"texture":"#1"},"east":{"uv":[1.5,0,9.7,4.2],"texture":"#1"},"south":{"uv":[1.5,0,9.7,4.2],"texture":"#1"},"west":{"uv":[1.5,0,9.7,4.2],"texture":"#1"},"up":{"uv":[1.5,0,9.7,4.2],"texture":"#1"},"down":{"uv":[1.5,0,9.7,4.2],"texture":"#1"}}},{"from":[10.08,3.30333,4.58],"to":[11.72,3.92333,6.22],"rotation":{"angle":0,"axis":"y","origin":[10.9,3.08333,5.6]},"faces":{"north":{"uv":[6,7,8,8],"texture":"#4"},"east":{"uv":[4,7,6,8],"texture":"#4"},"south":{"uv":[2,7,4,8],"texture":"#4"},"west":{"uv":[0,7,2,8],"texture":"#4"},"up":{"uv":[4,7,2,5],"rotation":180,"texture":"#4"},"down":{"uv":[6,5,4,7],"rotation":180,"texture":"#4"}}},{"from":[10.54,3.92333,5.04],"to":[11.26,4.38333,5.76],"rotation":{"angle":0,"axis":"y","origin":[10.9,3.08333,5.6]},"faces":{"north":{"uv":[11,6,12,6.5],"texture":"#4"},"east":{"uv":[10,6,11,6.5],"texture":"#4"},"south":{"uv":[9,6,10,6.5],"texture":"#4"},"west":{"uv":[8,6,9,6.5],"texture":"#4"},"up":{"uv":[10,6,9,5],"rotation":180,"texture":"#4"},"down":{"uv":[11,5,10,6],"rotation":180,"texture":"#4"}}},{"from":[10.42,2.16333,7.52],"to":[12.98,3.30333,10.08],"rotation":{"angle":22.5,"axis":"y","origin":[11.7,3.08333,8.6]},"faces":{"north":{"uv":[3,3,6,5],"texture":"#3"},"east":{"uv":[0,3,3,5],"texture":"#3"},"south":{"uv":[9,3,12,5],"texture":"#3"},"west":{"uv":[6,3,9,5],"texture":"#3"},"up":{"uv":[6,3,3,0],"texture":"#3"},"down":{"uv":[9,0,6,3],"texture":"#3"}}},{"from":[10.7,0.5,7.8],"to":[12.7,1.5,9.8],"rotation":{"angle":22.5,"axis":"y","origin":[11.7,3.08333,8.6]},"faces":{"north":{"uv":[1.5,0,9.7,4.2],"texture":"#1"},"east":{"uv":[1.5,0,9.7,4.2],"texture":"#1"},"south":{"uv":[1.5,0,9.7,4.2],"texture":"#1"},"west":{"uv":[1.5,0,9.7,4.2],"texture":"#1"},"up":{"uv":[1.5,0,9.7,4.2],"texture":"#1"},"down":{"uv":[1.5,0,9.7,4.2],"texture":"#1"}}},{"from":[10.6,1.5,7.7],"to":[12.8,2.2,9.9],"rotation":{"angle":22.5,"axis":"y","origin":[11.7,3.08333,8.6]},"faces":{"north":{"uv":[1.5,0,9.7,4.2],"texture":"#1"},"east":{"uv":[1.5,0,9.7,4.2],"texture":"#1"},"south":{"uv":[1.5,0,9.7,4.2],"texture":"#1"},"west":{"uv":[1.5,0,9.7,4.2],"texture":"#1"},"up":{"uv":[1.5,0,9.7,4.2],"texture":"#1"},"down":{"uv":[1.5,0,9.7,4.2],"texture":"#1"}}},{"from":[10.88,3.30333,7.98],"to":[12.52,3.92333,9.62],"rotation":{"angle":22.5,"axis":"y","origin":[11.7,3.08333,8.6]},"faces":{"north":{"uv":[2,7,4,8],"texture":"#3"},"east":{"uv":[0,7,2,8],"texture":"#3"},"south":{"uv":[6,7,8,8],"texture":"#3"},"west":{"uv":[4,7,6,8],"texture":"#3"},"up":{"uv":[4,7,2,5],"texture":"#3"},"down":{"uv":[6,5,4,7],"texture":"#3"}}},{"from":[11.34,3.92333,8.44],"to":[12.06,4.38333,9.16],"rotation":{"angle":22.5,"axis":"y","origin":[11.7,3.08333,8.6]},"faces":{"north":{"uv":[9,6,10,6.5],"texture":"#3"},"east":{"uv":[8,6,9,6.5],"texture":"#3"},"south":{"uv":[11,6,12,6.5],"texture":"#3"},"west":{"uv":[10,6,11,6.5],"texture":"#3"},"up":{"uv":[10,6,9,5],"texture":"#3"},"down":{"uv":[11,5,10,6],"texture":"#3"}}},{"from":[6.52,2.16333,6.82],"to":[9.08,3.30333,9.38],"rotation":{"angle":45,"axis":"y","origin":[7.8,2.67,8.1]},"faces":{"north":{"uv":[3,3,6,5],"texture":"#2"},"east":{"uv":[0,3,3,5],"texture":"#2"},"south":{"uv":[9,3,12,5],"texture":"#2"},"west":{"uv":[6,3,9,5],"texture":"#2"},"up":{"uv":[6,3,3,0],"texture":"#2"},"down":{"uv":[9,0,6,3],"texture":"#2"}}},{"from":[6.8,0.5,7.1],"to":[8.8,1.5,9.1],"rotation":{"angle":45,"axis":"y","origin":[7.8,2.67,8.1]},"faces":{"north":{"uv":[1.5,0,9.7,4.2],"texture":"#1"},"east":{"uv":[1.5,0,9.7,4.2],"texture":"#1"},"south":{"uv":[1.5,0,9.7,4.2],"texture":"#1"},"west":{"uv":[1.5,0,9.7,4.2],"texture":"#1"},"up":{"uv":[1.5,0,9.7,4.2],"texture":"#1"},"down":{"uv":[1.5,0,9.7,4.2],"texture":"#1"}}},{"from":[6.7,1.5,7],"to":[8.9,2.2,9.2],"rotation":{"angle":45,"axis":"y","origin":[7.8,2.67,8.1]},"faces":{"north":{"uv":[1.5,0,9.7,4.2],"texture":"#1"},"east":{"uv":[1.5,0,9.7,4.2],"texture":"#1"},"south":{"uv":[1.5,0,9.7,4.2],"texture":"#1"},"west":{"uv":[1.5,0,9.7,4.2],"texture":"#1"},"up":{"uv":[1.5,0,9.7,4.2],"texture":"#1"},"down":{"uv":[1.5,0,9.7,4.2],"texture":"#1"}}},{"from":[6.98,3.30333,7.28],"to":[8.62,3.92333,8.92],"rotation":{"angle":45,"axis":"y","origin":[7.8,2.67,8.1]},"faces":{"north":{"uv":[2,7,4,8],"texture":"#2"},"east":{"uv":[0,7,2,8],"texture":"#2"},"south":{"uv":[6,7,8,8],"texture":"#2"},"west":{"uv":[4,7,6,8],"texture":"#2"},"up":{"uv":[4,7,2,5],"texture":"#2"},"down":{"uv":[6,5,4,7],"texture":"#2"}}},{"from":[7.44,3.92333,7.74],"to":[8.16,4.38333,8.46],"rotation":{"angle":45,"axis":"y","origin":[7.8,2.67,8.1]},"faces":{"north":{"uv":[9,6,10,6.5],"texture":"#2"},"east":{"uv":[8,6,9,6.5],"texture":"#2"},"south":{"uv":[11,6,12,6.5],"texture":"#2"},"west":{"uv":[10,6,11,6.5],"texture":"#2"},"up":{"uv":[10,6,9,5],"texture":"#2"},"down":{"uv":[11,5,10,6],"texture":"#2"}}},{"from":[8.72,2.16333,9.92],"to":[11.28,3.30333,12.48],"rotation":{"angle":45,"axis":"y","origin":[10,3.08333,11.4]},"faces":{"north":{"uv":[9,3,12,5],"texture":"#4"},"east":{"uv":[6,3,9,5],"texture":"#4"},"south":{"uv":[3,3,6,5],"texture":"#4"},"west":{"uv":[0,3,3,5],"texture":"#4"},"up":{"uv":[6,3,3,0],"rotation":180,"texture":"#4"},"down":{"uv":[9,0,6,3],"rotation":180,"texture":"#4"}}},{"from":[9,0.5,10.2],"to":[11,1.5,12.2],"rotation":{"angle":45,"axis":"y","origin":[10,3.08333,11.4]},"faces":{"north":{"uv":[1.5,0,9.7,4.2],"texture":"#1"},"east":{"uv":[1.5,0,9.7,4.2],"texture":"#1"},"south":{"uv":[1.5,0,9.7,4.2],"texture":"#1"},"west":{"uv":[1.5,0,9.7,4.2],"texture":"#1"},"up":{"uv":[1.5,0,9.7,4.2],"texture":"#1"},"down":{"uv":[1.5,0,9.7,4.2],"texture":"#1"}}},{"from":[8.9,1.5,10.1],"to":[11.1,2.2,12.3],"rotation":{"angle":45,"axis":"y","origin":[10,3.08333,11.4]},"faces":{"north":{"uv":[1.5,0,9.7,4.2],"texture":"#1"},"east":{"uv":[1.5,0,9.7,4.2],"texture":"#1"},"south":{"uv":[1.5,0,9.7,4.2],"texture":"#1"},"west":{"uv":[1.5,0,9.7,4.2],"texture":"#1"},"up":{"uv":[1.5,0,9.7,4.2],"texture":"#1"},"down":{"uv":[1.5,0,9.7,4.2],"texture":"#1"}}},{"from":[9.18,3.30333,10.38],"to":[10.82,3.92333,12.02],"rotation":{"angle":45,"axis":"y","origin":[10,3.08333,11.4]},"faces":{"north":{"uv":[6,7,8,8],"texture":"#4"},"east":{"uv":[4,7,6,8],"texture":"#4"},"south":{"uv":[2,7,4,8],"texture":"#4"},"west":{"uv":[0,7,2,8],"texture":"#4"},"up":{"uv":[4,7,2,5],"rotation":180,"texture":"#4"},"down":{"uv":[6,5,4,7],"rotation":180,"texture":"#4"}}},{"from":[9.64,3.92333,10.84],"to":[10.36,4.38333,11.56],"rotation":{"angle":45,"axis":"y","origin":[10,3.08333,11.4]},"faces":{"north":{"uv":[11,6,12,6.5],"texture":"#4"},"east":{"uv":[10,6,11,6.5],"texture":"#4"},"south":{"uv":[9,6,10,6.5],"texture":"#4"},"west":{"uv":[8,6,9,6.5],"texture":"#4"},"up":{"uv":[10,6,9,5],"rotation":180,"texture":"#4"},"down":{"uv":[11,5,10,6],"rotation":180,"texture":"#4"}}},{"from":[5.22,2.16333,10.22],"to":[7.78,3.30333,12.78],"rotation":{"angle":-22.5,"axis":"y","origin":[6.5,3.08333,11.3]},"faces":{"north":{"uv":[3,3,6,5],"texture":"#3"},"east":{"uv":[0,3,3,5],"texture":"#3"},"south":{"uv":[9,3,12,5],"texture":"#3"},"west":{"uv":[6,3,9,5],"texture":"#3"},"up":{"uv":[6,3,3,0],"texture":"#3"},"down":{"uv":[9,0,6,3],"texture":"#3"}}},{"from":[5.5,0.5,10.5],"to":[7.5,1.5,12.5],"rotation":{"angle":-22.5,"axis":"y","origin":[6.5,3.08333,11.3]},"faces":{"north":{"uv":[1.5,0,9.7,4.2],"texture":"#1"},"east":{"uv":[1.5,0,9.7,4.2],"texture":"#1"},"south":{"uv":[1.5,0,9.7,4.2],"texture":"#1"},"west":{"uv":[1.5,0,9.7,4.2],"texture":"#1"},"up":{"uv":[1.5,0,9.7,4.2],"texture":"#1"},"down":{"uv":[1.5,0,9.7,4.2],"texture":"#1"}}},{"from":[5.4,1.5,10.4],"to":[7.6,2.2,12.6],"rotation":{"angle":-22.5,"axis":"y","origin":[6.5,3.08333,11.3]},"faces":{"north":{"uv":[1.5,0,9.7,4.2],"texture":"#1"},"east":{"uv":[1.5,0,9.7,4.2],"texture":"#1"},"south":{"uv":[1.5,0,9.7,4.2],"texture":"#1"},"west":{"uv":[1.5,0,9.7,4.2],"texture":"#1"},"up":{"uv":[1.5,0,9.7,4.2],"texture":"#1"},"down":{"uv":[1.5,0,9.7,4.2],"texture":"#1"}}},{"from":[5.68,3.30333,10.68],"to":[7.32,3.92333,12.32],"rotation":{"angle":-22.5,"axis":"y","origin":[6.5,3.08333,11.3]},"faces":{"north":{"uv":[2,7,4,8],"texture":"#3"},"east":{"uv":[0,7,2,8],"texture":"#3"},"south":{"uv":[6,7,8,8],"texture":"#3"},"west":{"uv":[4,7,6,8],"texture":"#3"},"up":{"uv":[4,7,2,5],"texture":"#3"},"down":{"uv":[6,5,4,7],"texture":"#3"}}},{"from":[6.14,3.92333,11.14],"to":[6.86,4.38333,11.86],"rotation":{"angle":-22.5,"axis":"y","origin":[6.5,3.08333,11.3]},"faces":{"north":{"uv":[9,6,10,6.5],"texture":"#3"},"east":{"uv":[8,6,9,6.5],"texture":"#3"},"south":{"uv":[11,6,12,6.5],"texture":"#3"},"west":{"uv":[10,6,11,6.5],"texture":"#3"},"up":{"uv":[10,6,9,5],"texture":"#3"},"down":{"uv":[11,5,10,6],"texture":"#3"}}}],"display":{"thirdperson_righthand":{"rotation":[75,45,0],"translation":[0,3.75,4],"scale":[0.59961,0.59961,0.59961]},"thirdperson_lefthand":{"rotation":[75,45,0],"translation":[0,3.75,4],"scale":[0.59961,0.59961,0.59961]},"firstperson_righthand":{"rotation":[0,45,0],"translation":[1.25,4,0],"scale":[0.4,0.4,0.4]},"firstperson_lefthand":{"rotation":[0,45,0],"translation":[1.25,4,0],"scale":[0.4,0.4,0.4]},"ground":{"translation":[0,1,0],"scale":[0.5,0.5,0.5]},"gui":{"rotation":[30,225,0],"translation":[0,5.5,0],"scale":[0.94,0.94,0.94]},"head":{"translation":[0,-34.75,0],"scale":[1.07813,1.07813,1.07813]},"fixed":{"rotation":[-90,0,0],"translation":[0,0,-6.5],"scale":[0.83,0.83,0.83]}},"groups":[{"name":"Plate","origin":[8,8,8],"children":[{"name":"octagon","origin":[8,8,8],"children":[0,1,2,3,4,5,6,7]},{"name":"octagon","origin":[8,8,8],"children":[8,9,10,11]}]},{"name":"Cupcake","origin":[8,6.58333,7.8],"children":[12,13,14,15,16]},{"name":"Cupcake","origin":[8,6.58333,7.8],"children":[17,18,19,20,21]},{"name":"Cupcake","origin":[8,6.58333,7.8],"children":[22,23,24,25,26]},{"name":"Cupcake","origin":[8,6.58333,7.8],"children":[27,28,29,30,31]},{"name":"Cupcake","origin":[8,6.58333,7.8],"children":[32,33,34,35,36]},{"name":"Cupcake","origin":[8,6.58333,7.8],"children":[37,38,39,40,41]},{"name":"Cupcake","origin":[8,6.58333,7.8],"children":[42,43,44,45,46]},{"name":"Cupcake","origin":[8,6.58333,7.8],"children":[47,48,49,50,51]}]}