{"credit":"Made by spike5032","textures":{"0":"block/anvil","particle":"block/anvil"},"elements":[{"from":[7.7588,19.92176,7.75869],"to":[8.262,20.42495,8.26188],"rotation":{"angle":0,"axis":"y","origin":[8.0104,16.92656,8.01028]},"faces":{"north":{"uv":[3,0,5,1],"texture":"#0"},"east":{"uv":[3,0,5,1],"texture":"#0"},"south":{"uv":[3,0,5,1],"texture":"#0"},"west":{"uv":[3,0,5,1],"texture":"#0"},"up":{"uv":[3,0,5,1],"texture":"#0"},"down":{"uv":[3,0,5,1],"texture":"#0"}}},{"from":[7.7588,18.41218,7.75869],"to":[8.262,18.91537,8.26188],"rotation":{"angle":0,"axis":"y","origin":[8.0104,16.92656,8.01028]},"faces":{"north":{"uv":[3,0,5,1],"texture":"#0"},"east":{"uv":[3,0,5,1],"texture":"#0"},"south":{"uv":[3,0,5,1],"texture":"#0"},"west":{"uv":[3,0,5,1],"texture":"#0"},"up":{"uv":[3,0,5,1],"texture":"#0"},"down":{"uv":[3,0,5,1],"texture":"#0"}}},{"from":[8.262,18.91537,7.75869],"to":[8.76519,19.92176,8.26188],"rotation":{"angle":0,"axis":"y","origin":[8.0104,16.92656,8.01028]},"faces":{"north":{"uv":[3,0,5,1],"texture":"#0"},"east":{"uv":[3,0,5,1],"texture":"#0"},"south":{"uv":[3,0,5,1],"texture":"#0"},"west":{"uv":[3,0,5,1],"texture":"#0"},"up":{"uv":[3,0,5,1],"texture":"#0"},"down":{"uv":[3,0,5,1],"texture":"#0"}}},{"from":[7.25561,18.91537,7.75869],"to":[7.7588,19.92176,8.26188],"rotation":{"angle":0,"axis":"y","origin":[8.0104,16.92656,8.01028]},"faces":{"north":{"uv":[3,0,5,1],"texture":"#0"},"east":{"uv":[3,0,5,1],"texture":"#0"},"south":{"uv":[3,0,5,1],"texture":"#0"},"west":{"uv":[3,0,5,1],"texture":"#0"},"up":{"uv":[3,0,5,1],"texture":"#0"},"down":{"uv":[3,0,5,1],"texture":"#0"}}},{"from":[7.65817,18.66378,7.75869],"to":[8.0104,19.36825,8.26188],"rotation":{"angle":45,"axis":"z","origin":[8.0104,18.66378,8.01028]},"faces":{"north":{"uv":[3,0,5,1],"rotation":180,"texture":"#0"},"east":{"uv":[3,0,5,1],"rotation":180,"texture":"#0"},"south":{"uv":[3,0,5,1],"rotation":180,"texture":"#0"},"west":{"uv":[3,0,5,1],"rotation":180,"texture":"#0"},"up":{"uv":[3,0,5,1],"rotation":180,"texture":"#0"},"down":{"uv":[3,0,5,1],"rotation":180,"texture":"#0"}}},{"from":[7.85944,19.01601,7.75869],"to":[8.21168,19.72048,8.26188],"rotation":{"angle":-45,"axis":"z","origin":[7.50721,18.66378,8.01028]},"faces":{"north":{"uv":[3,0,5,1],"texture":"#0"},"east":{"uv":[3,0,5,1],"texture":"#0"},"south":{"uv":[3,0,5,1],"texture":"#0"},"west":{"uv":[3,0,5,1],"texture":"#0"},"up":{"uv":[3,0,5,1],"texture":"#0"},"down":{"uv":[3,0,5,1],"texture":"#0"}}},{"from":[7.65817,19.46889,7.75869],"to":[8.0104,20.17336,8.26188],"rotation":{"angle":-45,"axis":"z","origin":[8.0104,20.17336,8.01028]},"faces":{"north":{"uv":[3,0,5,1],"rotation":180,"texture":"#0"},"east":{"uv":[3,0,5,1],"rotation":180,"texture":"#0"},"south":{"uv":[3,0,5,1],"rotation":180,"texture":"#0"},"west":{"uv":[3,0,5,1],"rotation":180,"texture":"#0"},"up":{"uv":[3,0,5,1],"rotation":180,"texture":"#0"},"down":{"uv":[3,0,5,1],"rotation":180,"texture":"#0"}}},{"from":[7.85944,19.11665,7.75869],"to":[8.21168,19.82112,8.26188],"rotation":{"angle":45,"axis":"z","origin":[7.50721,20.17336,8.01028]},"faces":{"north":{"uv":[3,0,5,1],"texture":"#0"},"east":{"uv":[3,0,5,1],"texture":"#0"},"south":{"uv":[3,0,5,1],"texture":"#0"},"west":{"uv":[3,0,5,1],"texture":"#0"},"up":{"uv":[3,0,5,1],"texture":"#0"},"down":{"uv":[3,0,5,1],"texture":"#0"}}},{"from":[7.7588,19.67016,7.75869],"to":[8.262,20.17336,8.26188],"rotation":{"angle":0,"axis":"y","origin":[8.0104,16.92656,8.01028]},"faces":{"north":{"uv":[3,0,5,1],"texture":"#0"},"east":{"uv":[3,0,5,1],"texture":"#0"},"south":{"uv":[3,0,5,1],"texture":"#0"},"west":{"uv":[3,0,5,1],"texture":"#0"},"up":{"uv":[3,0,5,1],"texture":"#0"},"down":{"uv":[3,0,5,1],"texture":"#0"}}},{"from":[7.7588,20.17336,7.25549],"to":[8.262,21.17974,7.75869],"rotation":{"angle":0,"axis":"y","origin":[8.0104,16.92656,8.01028]},"faces":{"north":{"uv":[3,0,5,1],"texture":"#0"},"east":{"uv":[3,0,5,1],"texture":"#0"},"south":{"uv":[3,0,5,1],"texture":"#0"},"west":{"uv":[3,0,5,1],"texture":"#0"},"up":{"uv":[3,0,5,1],"texture":"#0"},"down":{"uv":[3,0,5,1],"texture":"#0"}}},{"from":[7.7588,20.17336,8.26188],"to":[8.262,21.17974,8.76507],"rotation":{"angle":0,"axis":"y","origin":[8.0104,16.92656,8.01028]},"faces":{"north":{"uv":[3,0,5,1],"texture":"#0"},"east":{"uv":[3,0,5,1],"texture":"#0"},"south":{"uv":[3,0,5,1],"texture":"#0"},"west":{"uv":[3,0,5,1],"texture":"#0"},"up":{"uv":[3,0,5,1],"texture":"#0"},"down":{"uv":[3,0,5,1],"texture":"#0"}}},{"from":[7.7588,19.92176,8.01028],"to":[8.262,20.62623,8.36252],"rotation":{"angle":45,"axis":"x","origin":[8.0104,19.92176,8.01028]},"faces":{"north":{"uv":[3,0,5,1],"rotation":90,"texture":"#0"},"east":{"uv":[3,0,5,1],"rotation":90,"texture":"#0"},"south":{"uv":[3,0,5,1],"rotation":90,"texture":"#0"},"west":{"uv":[3,0,5,1],"rotation":90,"texture":"#0"},"up":{"uv":[3,0,5,1],"rotation":90,"texture":"#0"},"down":{"uv":[3,0,5,1],"rotation":90,"texture":"#0"}}},{"from":[7.7588,20.274,7.80901],"to":[8.262,20.97847,8.16124],"rotation":{"angle":-45,"axis":"x","origin":[8.0104,19.92176,8.51348]},"faces":{"north":{"uv":[3,0,5,1],"rotation":90,"texture":"#0"},"east":{"uv":[3,0,5,1],"rotation":90,"texture":"#0"},"south":{"uv":[3,0,5,1],"rotation":90,"texture":"#0"},"west":{"uv":[3,0,5,1],"rotation":90,"texture":"#0"},"up":{"uv":[3,0,5,1],"rotation":90,"texture":"#0"},"down":{"uv":[3,0,5,1],"rotation":90,"texture":"#0"}}},{"from":[7.7588,18.66378,7.75869],"to":[8.262,19.16697,8.26188],"rotation":{"angle":0,"axis":"y","origin":[8.0104,16.92656,8.01028]},"faces":{"north":{"uv":[3,0,5,1],"texture":"#0"},"east":{"uv":[3,0,5,1],"texture":"#0"},"south":{"uv":[3,0,5,1],"texture":"#0"},"west":{"uv":[3,0,5,1],"texture":"#0"},"up":{"uv":[3,0,5,1],"texture":"#0"},"down":{"uv":[3,0,5,1],"texture":"#0"}}},{"from":[7.7588,17.1542,7.75869],"to":[8.262,17.65739,8.26188],"rotation":{"angle":0,"axis":"y","origin":[8.0104,16.92656,8.01028]},"faces":{"north":{"uv":[3,0,5,1],"texture":"#0"},"east":{"uv":[3,0,5,1],"texture":"#0"},"south":{"uv":[3,0,5,1],"texture":"#0"},"west":{"uv":[3,0,5,1],"texture":"#0"},"up":{"uv":[3,0,5,1],"texture":"#0"},"down":{"uv":[3,0,5,1],"texture":"#0"}}},{"from":[7.7588,17.65739,7.25549],"to":[8.262,18.66378,7.75869],"rotation":{"angle":0,"axis":"y","origin":[8.0104,16.92656,8.01028]},"faces":{"north":{"uv":[3,0,5,1],"texture":"#0"},"east":{"uv":[3,0,5,1],"texture":"#0"},"south":{"uv":[3,0,5,1],"texture":"#0"},"west":{"uv":[3,0,5,1],"texture":"#0"},"up":{"uv":[3,0,5,1],"texture":"#0"},"down":{"uv":[3,0,5,1],"texture":"#0"}}},{"from":[7.7588,17.65739,8.26188],"to":[8.262,18.66378,8.76507],"rotation":{"angle":0,"axis":"y","origin":[8.0104,16.92656,8.01028]},"faces":{"north":{"uv":[3,0,5,1],"texture":"#0"},"east":{"uv":[3,0,5,1],"texture":"#0"},"south":{"uv":[3,0,5,1],"texture":"#0"},"west":{"uv":[3,0,5,1],"texture":"#0"},"up":{"uv":[3,0,5,1],"texture":"#0"},"down":{"uv":[3,0,5,1],"texture":"#0"}}},{"from":[7.7588,17.40579,8.01028],"to":[8.262,18.11026,8.36252],"rotation":{"angle":45,"axis":"x","origin":[8.0104,17.40579,8.01028]},"faces":{"north":{"uv":[3,0,5,1],"rotation":90,"texture":"#0"},"east":{"uv":[3,0,5,1],"rotation":90,"texture":"#0"},"south":{"uv":[3,0,5,1],"rotation":90,"texture":"#0"},"west":{"uv":[3,0,5,1],"rotation":90,"texture":"#0"},"up":{"uv":[3,0,5,1],"rotation":90,"texture":"#0"},"down":{"uv":[3,0,5,1],"rotation":90,"texture":"#0"}}},{"from":[7.7588,17.75803,7.80901],"to":[8.262,18.4625,8.16124],"rotation":{"angle":-45,"axis":"x","origin":[8.0104,17.40579,8.51348]},"faces":{"north":{"uv":[3,0,5,1],"rotation":90,"texture":"#0"},"east":{"uv":[3,0,5,1],"rotation":90,"texture":"#0"},"south":{"uv":[3,0,5,1],"rotation":90,"texture":"#0"},"west":{"uv":[3,0,5,1],"rotation":90,"texture":"#0"},"up":{"uv":[3,0,5,1],"rotation":90,"texture":"#0"},"down":{"uv":[3,0,5,1],"rotation":90,"texture":"#0"}}},{"from":[7.7588,18.2109,8.01028],"to":[8.262,18.91537,8.36252],"rotation":{"angle":-45,"axis":"x","origin":[8.0104,18.91537,8.01028]},"faces":{"north":{"uv":[3,0,5,1],"rotation":90,"texture":"#0"},"east":{"uv":[3,0,5,1],"rotation":90,"texture":"#0"},"south":{"uv":[3,0,5,1],"rotation":90,"texture":"#0"},"west":{"uv":[3,0,5,1],"rotation":90,"texture":"#0"},"up":{"uv":[3,0,5,1],"rotation":90,"texture":"#0"},"down":{"uv":[3,0,5,1],"rotation":90,"texture":"#0"}}},{"from":[7.7588,17.85867,7.80901],"to":[8.262,18.56314,8.16124],"rotation":{"angle":45,"axis":"x","origin":[8.0104,18.91537,8.51348]},"faces":{"north":{"uv":[3,0,5,1],"rotation":90,"texture":"#0"},"east":{"uv":[3,0,5,1],"rotation":90,"texture":"#0"},"south":{"uv":[3,0,5,1],"rotation":90,"texture":"#0"},"west":{"uv":[3,0,5,1],"rotation":90,"texture":"#0"},"up":{"uv":[3,0,5,1],"rotation":90,"texture":"#0"},"down":{"uv":[3,0,5,1],"rotation":90,"texture":"#0"}}},{"from":[7.7588,17.40579,7.75869],"to":[8.262,17.90899,8.26188],"rotation":{"angle":0,"axis":"y","origin":[8.0104,16.92656,8.01028]},"faces":{"north":{"uv":[3,0,5,1],"texture":"#0"},"east":{"uv":[3,0,5,1],"texture":"#0"},"south":{"uv":[3,0,5,1],"texture":"#0"},"west":{"uv":[3,0,5,1],"texture":"#0"},"up":{"uv":[3,0,5,1],"texture":"#0"},"down":{"uv":[3,0,5,1],"texture":"#0"}}},{"from":[7.7588,15.89621,7.75869],"to":[8.262,16.3994,8.26188],"rotation":{"angle":0,"axis":"y","origin":[8.0104,16.92656,8.01028]},"faces":{"north":{"uv":[3,0,5,1],"texture":"#0"},"east":{"uv":[3,0,5,1],"texture":"#0"},"south":{"uv":[3,0,5,1],"texture":"#0"},"west":{"uv":[3,0,5,1],"texture":"#0"},"up":{"uv":[3,0,5,1],"texture":"#0"},"down":{"uv":[3,0,5,1],"texture":"#0"}}},{"from":[8.262,16.3994,7.75869],"to":[8.76519,17.40579,8.26188],"rotation":{"angle":0,"axis":"y","origin":[8.0104,16.92656,8.01028]},"faces":{"north":{"uv":[3,0,5,1],"texture":"#0"},"east":{"uv":[3,0,5,1],"texture":"#0"},"south":{"uv":[3,0,5,1],"texture":"#0"},"west":{"uv":[3,0,5,1],"texture":"#0"},"up":{"uv":[3,0,5,1],"texture":"#0"},"down":{"uv":[3,0,5,1],"texture":"#0"}}},{"from":[7.25561,16.3994,7.75869],"to":[7.7588,17.40579,8.26188],"rotation":{"angle":0,"axis":"y","origin":[8.0104,16.92656,8.01028]},"faces":{"north":{"uv":[3,0,5,1],"texture":"#0"},"east":{"uv":[3,0,5,1],"texture":"#0"},"south":{"uv":[3,0,5,1],"texture":"#0"},"west":{"uv":[3,0,5,1],"texture":"#0"},"up":{"uv":[3,0,5,1],"texture":"#0"},"down":{"uv":[3,0,5,1],"texture":"#0"}}},{"from":[7.65817,16.14781,7.75869],"to":[8.0104,16.85228,8.26188],"rotation":{"angle":45,"axis":"z","origin":[8.0104,16.14781,8.01028]},"faces":{"north":{"uv":[3,0,5,1],"rotation":180,"texture":"#0"},"east":{"uv":[3,0,5,1],"rotation":180,"texture":"#0"},"south":{"uv":[3,0,5,1],"rotation":180,"texture":"#0"},"west":{"uv":[3,0,5,1],"rotation":180,"texture":"#0"},"up":{"uv":[3,0,5,1],"rotation":180,"texture":"#0"},"down":{"uv":[3,0,5,1],"rotation":180,"texture":"#0"}}},{"from":[7.85944,16.50004,7.75869],"to":[8.21168,17.20451,8.26188],"rotation":{"angle":-45,"axis":"z","origin":[7.50721,16.14781,8.01028]},"faces":{"north":{"uv":[3,0,5,1],"texture":"#0"},"east":{"uv":[3,0,5,1],"texture":"#0"},"south":{"uv":[3,0,5,1],"texture":"#0"},"west":{"uv":[3,0,5,1],"texture":"#0"},"up":{"uv":[3,0,5,1],"texture":"#0"},"down":{"uv":[3,0,5,1],"texture":"#0"}}},{"from":[7.65817,16.95292,7.75869],"to":[8.0104,17.65739,8.26188],"rotation":{"angle":-45,"axis":"z","origin":[8.0104,17.65739,8.01028]},"faces":{"north":{"uv":[3,0,5,1],"rotation":180,"texture":"#0"},"east":{"uv":[3,0,5,1],"rotation":180,"texture":"#0"},"south":{"uv":[3,0,5,1],"rotation":180,"texture":"#0"},"west":{"uv":[3,0,5,1],"rotation":180,"texture":"#0"},"up":{"uv":[3,0,5,1],"rotation":180,"texture":"#0"},"down":{"uv":[3,0,5,1],"rotation":180,"texture":"#0"}}},{"from":[7.85944,16.60068,7.75869],"to":[8.21168,17.30515,8.26188],"rotation":{"angle":45,"axis":"z","origin":[7.50721,17.65739,8.01028]},"faces":{"north":{"uv":[3,0,5,1],"texture":"#0"},"east":{"uv":[3,0,5,1],"texture":"#0"},"south":{"uv":[3,0,5,1],"texture":"#0"},"west":{"uv":[3,0,5,1],"texture":"#0"},"up":{"uv":[3,0,5,1],"texture":"#0"},"down":{"uv":[3,0,5,1],"texture":"#0"}}},{"from":[7.7588,16.14781,7.75869],"to":[8.262,16.651,8.26188],"rotation":{"angle":0,"axis":"y","origin":[8.0104,16.92656,8.01028]},"faces":{"north":{"uv":[3,0,5,1],"texture":"#0"},"east":{"uv":[3,0,5,1],"texture":"#0"},"south":{"uv":[3,0,5,1],"texture":"#0"},"west":{"uv":[3,0,5,1],"texture":"#0"},"up":{"uv":[3,0,5,1],"texture":"#0"},"down":{"uv":[3,0,5,1],"texture":"#0"}}},{"from":[7.7588,14.63823,7.75869],"to":[8.262,15.14142,8.26188],"rotation":{"angle":0,"axis":"y","origin":[8.0104,16.92656,8.01028]},"faces":{"north":{"uv":[3,0,5,1],"texture":"#0"},"east":{"uv":[3,0,5,1],"texture":"#0"},"south":{"uv":[3,0,5,1],"texture":"#0"},"west":{"uv":[3,0,5,1],"texture":"#0"},"up":{"uv":[3,0,5,1],"texture":"#0"},"down":{"uv":[3,0,5,1],"texture":"#0"}}},{"from":[7.7588,15.14142,7.25549],"to":[8.262,16.14781,7.75869],"rotation":{"angle":0,"axis":"y","origin":[8.0104,16.92656,8.01028]},"faces":{"north":{"uv":[3,0,5,1],"texture":"#0"},"east":{"uv":[3,0,5,1],"texture":"#0"},"south":{"uv":[3,0,5,1],"texture":"#0"},"west":{"uv":[3,0,5,1],"texture":"#0"},"up":{"uv":[3,0,5,1],"texture":"#0"},"down":{"uv":[3,0,5,1],"texture":"#0"}}},{"from":[7.7588,15.14142,8.26188],"to":[8.262,16.14781,8.76507],"rotation":{"angle":0,"axis":"y","origin":[8.0104,16.92656,8.01028]},"faces":{"north":{"uv":[3,0,5,1],"texture":"#0"},"east":{"uv":[3,0,5,1],"texture":"#0"},"south":{"uv":[3,0,5,1],"texture":"#0"},"west":{"uv":[3,0,5,1],"texture":"#0"},"up":{"uv":[3,0,5,1],"texture":"#0"},"down":{"uv":[3,0,5,1],"texture":"#0"}}},{"from":[7.7588,14.88982,8.01028],"to":[8.262,15.5943,8.36252],"rotation":{"angle":45,"axis":"x","origin":[8.0104,14.88982,8.01028]},"faces":{"north":{"uv":[3,0,5,1],"rotation":90,"texture":"#0"},"east":{"uv":[3,0,5,1],"rotation":90,"texture":"#0"},"south":{"uv":[3,0,5,1],"rotation":90,"texture":"#0"},"west":{"uv":[3,0,5,1],"rotation":90,"texture":"#0"},"up":{"uv":[3,0,5,1],"rotation":90,"texture":"#0"},"down":{"uv":[3,0,5,1],"rotation":90,"texture":"#0"}}},{"from":[7.7588,15.24206,7.80901],"to":[8.262,15.94653,8.16124],"rotation":{"angle":-45,"axis":"x","origin":[8.0104,14.88982,8.51348]},"faces":{"north":{"uv":[3,0,5,1],"rotation":90,"texture":"#0"},"east":{"uv":[3,0,5,1],"rotation":90,"texture":"#0"},"south":{"uv":[3,0,5,1],"rotation":90,"texture":"#0"},"west":{"uv":[3,0,5,1],"rotation":90,"texture":"#0"},"up":{"uv":[3,0,5,1],"rotation":90,"texture":"#0"},"down":{"uv":[3,0,5,1],"rotation":90,"texture":"#0"}}},{"from":[7.7588,15.69493,8.01028],"to":[8.262,16.3994,8.36252],"rotation":{"angle":-45,"axis":"x","origin":[8.0104,16.3994,8.01028]},"faces":{"north":{"uv":[3,0,5,1],"rotation":90,"texture":"#0"},"east":{"uv":[3,0,5,1],"rotation":90,"texture":"#0"},"south":{"uv":[3,0,5,1],"rotation":90,"texture":"#0"},"west":{"uv":[3,0,5,1],"rotation":90,"texture":"#0"},"up":{"uv":[3,0,5,1],"rotation":90,"texture":"#0"},"down":{"uv":[3,0,5,1],"rotation":90,"texture":"#0"}}},{"from":[7.7588,15.3427,7.80901],"to":[8.262,16.04717,8.16124],"rotation":{"angle":45,"axis":"x","origin":[8.0104,16.3994,8.51348]},"faces":{"north":{"uv":[3,0,5,1],"rotation":90,"texture":"#0"},"east":{"uv":[3,0,5,1],"rotation":90,"texture":"#0"},"south":{"uv":[3,0,5,1],"rotation":90,"texture":"#0"},"west":{"uv":[3,0,5,1],"rotation":90,"texture":"#0"},"up":{"uv":[3,0,5,1],"rotation":90,"texture":"#0"},"down":{"uv":[3,0,5,1],"rotation":90,"texture":"#0"}}},{"from":[7.7588,14.88982,7.75869],"to":[8.262,15.39302,8.26188],"rotation":{"angle":0,"axis":"y","origin":[8.0104,16.92656,8.01028]},"faces":{"north":{"uv":[3,0,5,1],"texture":"#0"},"east":{"uv":[3,0,5,1],"texture":"#0"},"south":{"uv":[3,0,5,1],"texture":"#0"},"west":{"uv":[3,0,5,1],"texture":"#0"},"up":{"uv":[3,0,5,1],"texture":"#0"},"down":{"uv":[3,0,5,1],"texture":"#0"}}},{"from":[7.7588,13.38024,7.75869],"to":[8.262,13.88344,8.26188],"rotation":{"angle":0,"axis":"y","origin":[8.0104,16.92656,8.01028]},"faces":{"north":{"uv":[3,0,5,1],"texture":"#0"},"east":{"uv":[3,0,5,1],"texture":"#0"},"south":{"uv":[3,0,5,1],"texture":"#0"},"west":{"uv":[3,0,5,1],"texture":"#0"},"up":{"uv":[3,0,5,1],"texture":"#0"},"down":{"uv":[3,0,5,1],"texture":"#0"}}},{"from":[8.262,13.88344,7.75869],"to":[8.76519,14.88982,8.26188],"rotation":{"angle":0,"axis":"y","origin":[8.0104,16.92656,8.01028]},"faces":{"north":{"uv":[3,0,5,1],"texture":"#0"},"east":{"uv":[3,0,5,1],"texture":"#0"},"south":{"uv":[3,0,5,1],"texture":"#0"},"west":{"uv":[3,0,5,1],"texture":"#0"},"up":{"uv":[3,0,5,1],"texture":"#0"},"down":{"uv":[3,0,5,1],"texture":"#0"}}},{"from":[7.25561,13.88344,7.75869],"to":[7.7588,14.88982,8.26188],"rotation":{"angle":0,"axis":"y","origin":[8.0104,16.92656,8.01028]},"faces":{"north":{"uv":[3,0,5,1],"texture":"#0"},"east":{"uv":[3,0,5,1],"texture":"#0"},"south":{"uv":[3,0,5,1],"texture":"#0"},"west":{"uv":[3,0,5,1],"texture":"#0"},"up":{"uv":[3,0,5,1],"texture":"#0"},"down":{"uv":[3,0,5,1],"texture":"#0"}}},{"from":[7.65817,13.63184,7.75869],"to":[8.0104,14.33631,8.26188],"rotation":{"angle":45,"axis":"z","origin":[8.0104,13.63184,8.01028]},"faces":{"north":{"uv":[3,0,5,1],"rotation":180,"texture":"#0"},"east":{"uv":[3,0,5,1],"rotation":180,"texture":"#0"},"south":{"uv":[3,0,5,1],"rotation":180,"texture":"#0"},"west":{"uv":[3,0,5,1],"rotation":180,"texture":"#0"},"up":{"uv":[3,0,5,1],"rotation":180,"texture":"#0"},"down":{"uv":[3,0,5,1],"rotation":180,"texture":"#0"}}},{"from":[7.85944,13.98408,7.75869],"to":[8.21168,14.68855,8.26188],"rotation":{"angle":-45,"axis":"z","origin":[7.50721,13.63184,8.01028]},"faces":{"north":{"uv":[3,0,5,1],"texture":"#0"},"east":{"uv":[3,0,5,1],"texture":"#0"},"south":{"uv":[3,0,5,1],"texture":"#0"},"west":{"uv":[3,0,5,1],"texture":"#0"},"up":{"uv":[3,0,5,1],"texture":"#0"},"down":{"uv":[3,0,5,1],"texture":"#0"}}},{"from":[7.65817,14.43695,7.75869],"to":[8.0104,15.14142,8.26188],"rotation":{"angle":-45,"axis":"z","origin":[8.0104,15.14142,8.01028]},"faces":{"north":{"uv":[3,0,5,1],"rotation":180,"texture":"#0"},"east":{"uv":[3,0,5,1],"rotation":180,"texture":"#0"},"south":{"uv":[3,0,5,1],"rotation":180,"texture":"#0"},"west":{"uv":[3,0,5,1],"rotation":180,"texture":"#0"},"up":{"uv":[3,0,5,1],"rotation":180,"texture":"#0"},"down":{"uv":[3,0,5,1],"rotation":180,"texture":"#0"}}},{"from":[7.85944,14.08471,7.75869],"to":[8.21168,14.78919,8.26188],"rotation":{"angle":45,"axis":"z","origin":[7.50721,15.14142,8.01028]},"faces":{"north":{"uv":[3,0,5,1],"texture":"#0"},"east":{"uv":[3,0,5,1],"texture":"#0"},"south":{"uv":[3,0,5,1],"texture":"#0"},"west":{"uv":[3,0,5,1],"texture":"#0"},"up":{"uv":[3,0,5,1],"texture":"#0"},"down":{"uv":[3,0,5,1],"texture":"#0"}}},{"from":[7.7588,12.58582,7.75869],"to":[8.262,13.08902,8.26188],"rotation":{"angle":0,"axis":"y","origin":[8.0104,14.62256,8.01028]},"faces":{"north":{"uv":[3,0,5,1],"texture":"#0"},"east":{"uv":[3,0,5,1],"texture":"#0"},"south":{"uv":[3,0,5,1],"texture":"#0"},"west":{"uv":[3,0,5,1],"texture":"#0"},"up":{"uv":[3,0,5,1],"texture":"#0"},"down":{"uv":[3,0,5,1],"texture":"#0"}}},{"from":[7.7588,11.07624,7.75869],"to":[8.262,11.57944,8.26188],"rotation":{"angle":0,"axis":"y","origin":[8.0104,14.62256,8.01028]},"faces":{"north":{"uv":[3,0,5,1],"texture":"#0"},"east":{"uv":[3,0,5,1],"texture":"#0"},"south":{"uv":[3,0,5,1],"texture":"#0"},"west":{"uv":[3,0,5,1],"texture":"#0"},"up":{"uv":[3,0,5,1],"texture":"#0"},"down":{"uv":[3,0,5,1],"texture":"#0"}}},{"from":[8.262,11.57944,7.75869],"to":[8.76519,12.58582,8.26188],"rotation":{"angle":0,"axis":"y","origin":[8.0104,14.62256,8.01028]},"faces":{"north":{"uv":[3,0,5,1],"texture":"#0"},"east":{"uv":[3,0,5,1],"texture":"#0"},"south":{"uv":[3,0,5,1],"texture":"#0"},"west":{"uv":[3,0,5,1],"texture":"#0"},"up":{"uv":[3,0,5,1],"texture":"#0"},"down":{"uv":[3,0,5,1],"texture":"#0"}}},{"from":[7.25561,11.57944,7.75869],"to":[7.7588,12.58582,8.26188],"rotation":{"angle":0,"axis":"y","origin":[8.0104,14.62256,8.01028]},"faces":{"north":{"uv":[3,0,5,1],"texture":"#0"},"east":{"uv":[3,0,5,1],"texture":"#0"},"south":{"uv":[3,0,5,1],"texture":"#0"},"west":{"uv":[3,0,5,1],"texture":"#0"},"up":{"uv":[3,0,5,1],"texture":"#0"},"down":{"uv":[3,0,5,1],"texture":"#0"}}},{"from":[7.65817,11.32784,7.75869],"to":[8.0104,12.03231,8.26188],"rotation":{"angle":45,"axis":"z","origin":[8.0104,11.32784,8.01028]},"faces":{"north":{"uv":[3,0,5,1],"rotation":180,"texture":"#0"},"east":{"uv":[3,0,5,1],"rotation":180,"texture":"#0"},"south":{"uv":[3,0,5,1],"rotation":180,"texture":"#0"},"west":{"uv":[3,0,5,1],"rotation":180,"texture":"#0"},"up":{"uv":[3,0,5,1],"rotation":180,"texture":"#0"},"down":{"uv":[3,0,5,1],"rotation":180,"texture":"#0"}}},{"from":[7.85944,11.68008,7.75869],"to":[8.21168,12.38455,8.26188],"rotation":{"angle":-45,"axis":"z","origin":[7.50721,11.32784,8.01028]},"faces":{"north":{"uv":[3,0,5,1],"texture":"#0"},"east":{"uv":[3,0,5,1],"texture":"#0"},"south":{"uv":[3,0,5,1],"texture":"#0"},"west":{"uv":[3,0,5,1],"texture":"#0"},"up":{"uv":[3,0,5,1],"texture":"#0"},"down":{"uv":[3,0,5,1],"texture":"#0"}}},{"from":[7.65817,12.13295,7.75869],"to":[8.0104,12.83742,8.26188],"rotation":{"angle":-45,"axis":"z","origin":[8.0104,12.83742,8.01028]},"faces":{"north":{"uv":[3,0,5,1],"rotation":180,"texture":"#0"},"east":{"uv":[3,0,5,1],"rotation":180,"texture":"#0"},"south":{"uv":[3,0,5,1],"rotation":180,"texture":"#0"},"west":{"uv":[3,0,5,1],"rotation":180,"texture":"#0"},"up":{"uv":[3,0,5,1],"rotation":180,"texture":"#0"},"down":{"uv":[3,0,5,1],"rotation":180,"texture":"#0"}}},{"from":[7.85944,11.78071,7.75869],"to":[8.21168,12.48519,8.26188],"rotation":{"angle":45,"axis":"z","origin":[7.50721,12.83742,8.01028]},"faces":{"north":{"uv":[3,0,5,1],"texture":"#0"},"east":{"uv":[3,0,5,1],"texture":"#0"},"south":{"uv":[3,0,5,1],"texture":"#0"},"west":{"uv":[3,0,5,1],"texture":"#0"},"up":{"uv":[3,0,5,1],"texture":"#0"},"down":{"uv":[3,0,5,1],"texture":"#0"}}},{"from":[7.7588,13.63184,7.75869],"to":[8.262,14.13503,8.26188],"rotation":{"angle":0,"axis":"y","origin":[8.0104,16.92656,8.01028]},"faces":{"north":{"uv":[3,0,5,1],"texture":"#0"},"east":{"uv":[3,0,5,1],"texture":"#0"},"south":{"uv":[3,0,5,1],"texture":"#0"},"west":{"uv":[3,0,5,1],"texture":"#0"},"up":{"uv":[3,0,5,1],"texture":"#0"},"down":{"uv":[3,0,5,1],"texture":"#0"}}},{"from":[7.7588,12.12226,7.75869],"to":[8.262,12.62545,8.26188],"rotation":{"angle":0,"axis":"y","origin":[8.0104,16.92656,8.01028]},"faces":{"north":{"uv":[3,0,5,1],"texture":"#0"},"east":{"uv":[3,0,5,1],"texture":"#0"},"south":{"uv":[3,0,5,1],"texture":"#0"},"west":{"uv":[3,0,5,1],"texture":"#0"},"up":{"uv":[3,0,5,1],"texture":"#0"},"down":{"uv":[3,0,5,1],"texture":"#0"}}},{"from":[7.7588,12.62545,7.25549],"to":[8.262,13.63184,7.75869],"rotation":{"angle":0,"axis":"y","origin":[8.0104,16.92656,8.01028]},"faces":{"north":{"uv":[3,0,5,1],"texture":"#0"},"east":{"uv":[3,0,5,1],"texture":"#0"},"south":{"uv":[3,0,5,1],"texture":"#0"},"west":{"uv":[3,0,5,1],"texture":"#0"},"up":{"uv":[3,0,5,1],"texture":"#0"},"down":{"uv":[3,0,5,1],"texture":"#0"}}},{"from":[7.7588,12.62545,8.26188],"to":[8.262,13.63184,8.76507],"rotation":{"angle":0,"axis":"y","origin":[8.0104,16.92656,8.01028]},"faces":{"north":{"uv":[3,0,5,1],"texture":"#0"},"east":{"uv":[3,0,5,1],"texture":"#0"},"south":{"uv":[3,0,5,1],"texture":"#0"},"west":{"uv":[3,0,5,1],"texture":"#0"},"up":{"uv":[3,0,5,1],"texture":"#0"},"down":{"uv":[3,0,5,1],"texture":"#0"}}},{"from":[7.7588,12.37386,8.01028],"to":[8.262,13.07833,8.36252],"rotation":{"angle":45,"axis":"x","origin":[8.0104,12.37386,8.01028]},"faces":{"north":{"uv":[3,0,5,1],"rotation":90,"texture":"#0"},"east":{"uv":[3,0,5,1],"rotation":90,"texture":"#0"},"south":{"uv":[3,0,5,1],"rotation":90,"texture":"#0"},"west":{"uv":[3,0,5,1],"rotation":90,"texture":"#0"},"up":{"uv":[3,0,5,1],"rotation":90,"texture":"#0"},"down":{"uv":[3,0,5,1],"rotation":90,"texture":"#0"}}},{"from":[7.7588,12.72609,7.80901],"to":[8.262,13.43056,8.16124],"rotation":{"angle":-45,"axis":"x","origin":[8.0104,12.37386,8.51348]},"faces":{"north":{"uv":[3,0,5,1],"rotation":90,"texture":"#0"},"east":{"uv":[3,0,5,1],"rotation":90,"texture":"#0"},"south":{"uv":[3,0,5,1],"rotation":90,"texture":"#0"},"west":{"uv":[3,0,5,1],"rotation":90,"texture":"#0"},"up":{"uv":[3,0,5,1],"rotation":90,"texture":"#0"},"down":{"uv":[3,0,5,1],"rotation":90,"texture":"#0"}}},{"from":[7.7588,13.17897,8.01028],"to":[8.262,13.88344,8.36252],"rotation":{"angle":-45,"axis":"x","origin":[8.0104,13.88344,8.01028]},"faces":{"north":{"uv":[3,0,5,1],"rotation":90,"texture":"#0"},"east":{"uv":[3,0,5,1],"rotation":90,"texture":"#0"},"south":{"uv":[3,0,5,1],"rotation":90,"texture":"#0"},"west":{"uv":[3,0,5,1],"rotation":90,"texture":"#0"},"up":{"uv":[3,0,5,1],"rotation":90,"texture":"#0"},"down":{"uv":[3,0,5,1],"rotation":90,"texture":"#0"}}},{"from":[7.7588,12.82673,7.80901],"to":[8.262,13.5312,8.16124],"rotation":{"angle":45,"axis":"x","origin":[8.0104,13.88344,8.51348]},"faces":{"north":{"uv":[3,0,5,1],"rotation":90,"texture":"#0"},"east":{"uv":[3,0,5,1],"rotation":90,"texture":"#0"},"south":{"uv":[3,0,5,1],"rotation":90,"texture":"#0"},"west":{"uv":[3,0,5,1],"rotation":90,"texture":"#0"},"up":{"uv":[3,0,5,1],"rotation":90,"texture":"#0"},"down":{"uv":[3,0,5,1],"rotation":90,"texture":"#0"}}},{"from":[7.7588,11.23184,7.75869],"to":[8.262,11.73503,8.26188],"rotation":{"angle":0,"axis":"y","origin":[8.0104,14.52656,8.01028]},"faces":{"north":{"uv":[3,0,5,1],"texture":"#0"},"east":{"uv":[3,0,5,1],"texture":"#0"},"south":{"uv":[3,0,5,1],"texture":"#0"},"west":{"uv":[3,0,5,1],"texture":"#0"},"up":{"uv":[3,0,5,1],"texture":"#0"},"down":{"uv":[3,0,5,1],"texture":"#0"}}},{"from":[7.7588,10.22545,7.25549],"to":[8.262,11.23184,7.75869],"rotation":{"angle":0,"axis":"y","origin":[8.0104,14.52656,8.01028]},"faces":{"north":{"uv":[3,0,5,1],"texture":"#0"},"east":{"uv":[3,0,5,1],"texture":"#0"},"south":{"uv":[3,0,5,1],"texture":"#0"},"west":{"uv":[3,0,5,1],"texture":"#0"},"up":{"uv":[3,0,5,1],"texture":"#0"},"down":{"uv":[3,0,5,1],"texture":"#0"}}},{"from":[7.7588,10.22545,8.26188],"to":[8.262,11.23184,8.76507],"rotation":{"angle":0,"axis":"y","origin":[8.0104,14.52656,8.01028]},"faces":{"north":{"uv":[3,0,5,1],"texture":"#0"},"east":{"uv":[3,0,5,1],"texture":"#0"},"south":{"uv":[3,0,5,1],"texture":"#0"},"west":{"uv":[3,0,5,1],"texture":"#0"},"up":{"uv":[3,0,5,1],"texture":"#0"},"down":{"uv":[3,0,5,1],"texture":"#0"}}},{"from":[7.7588,10.77897,8.01028],"to":[8.262,11.48344,8.36252],"rotation":{"angle":-45,"axis":"x","origin":[8.0104,11.48344,8.01028]},"faces":{"north":{"uv":[3,0,5,1],"rotation":90,"texture":"#0"},"east":{"uv":[3,0,5,1],"rotation":90,"texture":"#0"},"south":{"uv":[3,0,5,1],"rotation":90,"texture":"#0"},"west":{"uv":[3,0,5,1],"rotation":90,"texture":"#0"},"up":{"uv":[3,0,5,1],"rotation":90,"texture":"#0"},"down":{"uv":[3,0,5,1],"rotation":90,"texture":"#0"}}},{"from":[7.7588,10.42673,7.80901],"to":[8.262,11.1312,8.16124],"rotation":{"angle":45,"axis":"x","origin":[8.0104,11.48344,8.51348]},"faces":{"north":{"uv":[3,0,5,1],"rotation":90,"texture":"#0"},"east":{"uv":[3,0,5,1],"rotation":90,"texture":"#0"},"south":{"uv":[3,0,5,1],"rotation":90,"texture":"#0"},"west":{"uv":[3,0,5,1],"rotation":90,"texture":"#0"},"up":{"uv":[3,0,5,1],"rotation":90,"texture":"#0"},"down":{"uv":[3,0,5,1],"rotation":90,"texture":"#0"}}},{"from":[13.76046,-11.90002,3.22489],"to":[14.26046,3.84998,3.72489],"rotation":{"angle":0,"axis":"y","origin":[9.03237,-4.03162,9.46009]},"faces":{"north":{"uv":[1,1,2.5,15.75],"texture":"#0"},"east":{"uv":[1,1,2.5,15.75],"texture":"#0"},"south":{"uv":[1,1,2.5,15.75],"texture":"#0"},"west":{"uv":[1,1,2.5,15.75],"texture":"#0"},"up":{"uv":[1,1,2.5,15.75],"texture":"#0"},"down":{"uv":[1,1,2.5,15.75],"texture":"#0"}}},{"from":[14.76046,-11.90002,5.47489],"to":[15.26046,5.34998,5.97489],"rotation":{"angle":0,"axis":"y","origin":[10.03237,-4.03162,11.71009]},"faces":{"north":{"uv":[1,1,2.5,15.75],"texture":"#0"},"east":{"uv":[1,1,2.5,15.75],"texture":"#0"},"south":{"uv":[1,1,2.5,15.75],"texture":"#0"},"west":{"uv":[1,1,2.5,15.75],"texture":"#0"},"up":{"uv":[1,1,2.5,15.75],"texture":"#0"},"down":{"uv":[1,1,2.5,15.75],"texture":"#0"}}},{"from":[14.76046,-11.90002,7.72489],"to":[15.26046,5.34998,8.22489],"rotation":{"angle":0,"axis":"y","origin":[10.03237,-4.03162,13.96009]},"faces":{"north":{"uv":[1,1,2.5,15.75],"texture":"#0"},"east":{"uv":[1,1,2.5,15.75],"texture":"#0"},"south":{"uv":[1,1,2.5,15.75],"texture":"#0"},"west":{"uv":[1,1,2.5,15.75],"texture":"#0"},"up":{"uv":[1,1,2.5,15.75],"texture":"#0"},"down":{"uv":[1,1,2.5,15.75],"texture":"#0"}}},{"from":[14.76046,-11.90002,9.97489],"to":[15.26046,5.34998,10.47489],"rotation":{"angle":0,"axis":"y","origin":[10.03237,-4.03162,16.21009]},"faces":{"north":{"uv":[1,1,2.5,15.75],"texture":"#0"},"east":{"uv":[1,1,2.5,15.75],"texture":"#0"},"south":{"uv":[1,1,2.5,15.75],"texture":"#0"},"west":{"uv":[1,1,2.5,15.75],"texture":"#0"},"up":{"uv":[1,1,2.5,15.75],"texture":"#0"},"down":{"uv":[1,1,2.5,15.75],"texture":"#0"}}},{"from":[13.76046,-11.90002,12.22489],"to":[14.26046,3.84998,12.72489],"rotation":{"angle":0,"axis":"y","origin":[9.03237,-4.03162,18.46009]},"faces":{"north":{"uv":[1,1,2.5,15.75],"texture":"#0"},"east":{"uv":[1,1,2.5,15.75],"texture":"#0"},"south":{"uv":[1,1,2.5,15.75],"texture":"#0"},"west":{"uv":[1,1,2.5,15.75],"texture":"#0"},"up":{"uv":[1,1,2.5,15.75],"texture":"#0"},"down":{"uv":[1,1,2.5,15.75],"texture":"#0"}}},{"from":[12.2421,-11.90002,1.73131],"to":[12.7421,3.84998,2.23131],"rotation":{"angle":0,"axis":"y","origin":[7.99801,-3.88169,7.96898]},"faces":{"north":{"uv":[1,1,2.5,15.75],"texture":"#0"},"east":{"uv":[1,1,2.5,15.75],"texture":"#0"},"south":{"uv":[1,1,2.5,15.75],"texture":"#0"},"west":{"uv":[1,1,2.5,15.75],"texture":"#0"},"up":{"uv":[1,1,2.5,15.75],"texture":"#0"},"down":{"uv":[1,1,2.5,15.75],"texture":"#0"}}},{"from":[9.9921,-11.90002,0.73131],"to":[10.4921,5.34998,1.23131],"rotation":{"angle":0,"axis":"y","origin":[7.99801,-3.88169,7.96898]},"faces":{"north":{"uv":[1,1,2.5,15.75],"texture":"#0"},"east":{"uv":[1,1,2.5,15.75],"texture":"#0"},"south":{"uv":[1,1,2.5,15.75],"texture":"#0"},"west":{"uv":[1,1,2.5,15.75],"texture":"#0"},"up":{"uv":[1,1,2.5,15.75],"texture":"#0"},"down":{"uv":[1,1,2.5,15.75],"texture":"#0"}}},{"from":[7.7421,-11.90002,0.73131],"to":[8.2421,5.34998,1.23131],"rotation":{"angle":0,"axis":"y","origin":[7.99801,-3.88169,7.96898]},"faces":{"north":{"uv":[1,1,2.5,15.75],"texture":"#0"},"east":{"uv":[1,1,2.5,15.75],"texture":"#0"},"south":{"uv":[1,1,2.5,15.75],"texture":"#0"},"west":{"uv":[1,1,2.5,15.75],"texture":"#0"},"up":{"uv":[1,1,2.5,15.75],"texture":"#0"},"down":{"uv":[1,1,2.5,15.75],"texture":"#0"}}},{"from":[5.4921,-11.90002,0.73131],"to":[5.9921,5.34998,1.23131],"rotation":{"angle":0,"axis":"y","origin":[7.99801,-3.88169,7.96898]},"faces":{"north":{"uv":[1,1,2.5,15.75],"texture":"#0"},"east":{"uv":[1,1,2.5,15.75],"texture":"#0"},"south":{"uv":[1,1,2.5,15.75],"texture":"#0"},"west":{"uv":[1,1,2.5,15.75],"texture":"#0"},"up":{"uv":[1,1,2.5,15.75],"texture":"#0"},"down":{"uv":[1,1,2.5,15.75],"texture":"#0"}}},{"from":[3.2421,-11.90002,1.73131],"to":[3.7421,3.84998,2.23131],"rotation":{"angle":0,"axis":"y","origin":[7.99801,-3.88169,7.96898]},"faces":{"north":{"uv":[1,1,2.5,15.75],"texture":"#0"},"east":{"uv":[1,1,2.5,15.75],"texture":"#0"},"south":{"uv":[1,1,2.5,15.75],"texture":"#0"},"west":{"uv":[1,1,2.5,15.75],"texture":"#0"},"up":{"uv":[1,1,2.5,15.75],"texture":"#0"},"down":{"uv":[1,1,2.5,15.75],"texture":"#0"}}},{"from":[1.76034,-11.90002,3.22489],"to":[2.26034,3.84998,3.72489],"rotation":{"angle":0,"axis":"y","origin":[6.98843,-4.03162,9.46009]},"faces":{"north":{"uv":[1,1,2.5,15.75],"texture":"#0"},"east":{"uv":[1,1,2.5,15.75],"texture":"#0"},"south":{"uv":[1,1,2.5,15.75],"texture":"#0"},"west":{"uv":[1,1,2.5,15.75],"texture":"#0"},"up":{"uv":[1,1,2.5,15.75],"texture":"#0"},"down":{"uv":[1,1,2.5,15.75],"texture":"#0"}}},{"from":[0.76034,-11.90002,5.47489],"to":[1.26034,5.34998,5.97489],"rotation":{"angle":0,"axis":"y","origin":[5.98843,-4.03162,11.71009]},"faces":{"north":{"uv":[1,1,2.5,15.75],"texture":"#0"},"east":{"uv":[1,1,2.5,15.75],"texture":"#0"},"south":{"uv":[1,1,2.5,15.75],"texture":"#0"},"west":{"uv":[1,1,2.5,15.75],"texture":"#0"},"up":{"uv":[1,1,2.5,15.75],"texture":"#0"},"down":{"uv":[1,1,2.5,15.75],"texture":"#0"}}},{"from":[0.76034,-11.90002,7.72489],"to":[1.26034,5.34998,8.22489],"rotation":{"angle":0,"axis":"y","origin":[5.98843,-4.03162,13.96009]},"faces":{"north":{"uv":[1,1,2.5,15.75],"texture":"#0"},"east":{"uv":[1,1,2.5,15.75],"texture":"#0"},"south":{"uv":[1,1,2.5,15.75],"texture":"#0"},"west":{"uv":[1,1,2.5,15.75],"texture":"#0"},"up":{"uv":[1,1,2.5,15.75],"texture":"#0"},"down":{"uv":[1,1,2.5,15.75],"texture":"#0"}}},{"from":[0.76034,-11.90002,9.97489],"to":[1.26034,5.34998,10.47489],"rotation":{"angle":0,"axis":"y","origin":[5.98843,-4.03162,16.21009]},"faces":{"north":{"uv":[1,1,2.5,15.75],"texture":"#0"},"east":{"uv":[1,1,2.5,15.75],"texture":"#0"},"south":{"uv":[1,1,2.5,15.75],"texture":"#0"},"west":{"uv":[1,1,2.5,15.75],"texture":"#0"},"up":{"uv":[1,1,2.5,15.75],"texture":"#0"},"down":{"uv":[1,1,2.5,15.75],"texture":"#0"}}},{"from":[1.76034,-11.90002,12.22489],"to":[2.26034,3.84998,12.72489],"rotation":{"angle":0,"axis":"y","origin":[6.98843,-4.03162,18.46009]},"faces":{"north":{"uv":[1,1,2.5,15.75],"texture":"#0"},"east":{"uv":[1,1,2.5,15.75],"texture":"#0"},"south":{"uv":[1,1,2.5,15.75],"texture":"#0"},"west":{"uv":[1,1,2.5,15.75],"texture":"#0"},"up":{"uv":[1,1,2.5,15.75],"texture":"#0"},"down":{"uv":[1,1,2.5,15.75],"texture":"#0"}}},{"from":[3.2421,-11.90002,13.73143],"to":[3.7421,3.84998,14.23143],"rotation":{"angle":0,"axis":"y","origin":[7.99801,-3.88169,7.96898]},"faces":{"north":{"uv":[1,1,2.5,15.75],"texture":"#0"},"east":{"uv":[1,1,2.5,15.75],"texture":"#0"},"south":{"uv":[1,1,2.5,15.75],"texture":"#0"},"west":{"uv":[1,1,2.5,15.75],"texture":"#0"},"up":{"uv":[1,1,2.5,15.75],"texture":"#0"},"down":{"uv":[1,1,2.5,15.75],"texture":"#0"}}},{"from":[5.4921,-11.90002,14.73143],"to":[5.9921,5.34998,15.23143],"rotation":{"angle":0,"axis":"y","origin":[7.99801,-3.88169,7.96898]},"faces":{"north":{"uv":[1,1,2.5,15.75],"texture":"#0"},"east":{"uv":[1,1,2.5,15.75],"texture":"#0"},"south":{"uv":[1,1,2.5,15.75],"texture":"#0"},"west":{"uv":[1,1,2.5,15.75],"texture":"#0"},"up":{"uv":[1,1,2.5,15.75],"texture":"#0"},"down":{"uv":[1,1,2.5,15.75],"texture":"#0"}}},{"from":[7.7421,-11.90002,14.73143],"to":[8.2421,5.34998,15.23143],"rotation":{"angle":0,"axis":"y","origin":[7.99801,-3.88169,7.96898]},"faces":{"north":{"uv":[1,1,2.5,15.75],"texture":"#0"},"east":{"uv":[1,1,2.5,15.75],"texture":"#0"},"south":{"uv":[1,1,2.5,15.75],"texture":"#0"},"west":{"uv":[1,1,2.5,15.75],"texture":"#0"},"up":{"uv":[1,1,2.5,15.75],"texture":"#0"},"down":{"uv":[1,1,2.5,15.75],"texture":"#0"}}},{"from":[9.9921,-11.90002,14.73143],"to":[10.4921,5.34998,15.23143],"rotation":{"angle":0,"axis":"y","origin":[7.99801,-3.88169,7.96898]},"faces":{"north":{"uv":[1,1,2.5,15.75],"texture":"#0"},"east":{"uv":[1,1,2.5,15.75],"texture":"#0"},"south":{"uv":[1,1,2.5,15.75],"texture":"#0"},"west":{"uv":[1,1,2.5,15.75],"texture":"#0"},"up":{"uv":[1,1,2.5,15.75],"texture":"#0"},"down":{"uv":[1,1,2.5,15.75],"texture":"#0"}}},{"from":[12.2421,-11.90002,13.73143],"to":[12.7421,3.84998,14.23143],"rotation":{"angle":0,"axis":"y","origin":[7.99801,-3.88169,7.96898]},"faces":{"north":{"uv":[1,1,2.5,15.75],"texture":"#0"},"east":{"uv":[1,1,2.5,15.75],"texture":"#0"},"south":{"uv":[1,1,2.5,15.75],"texture":"#0"},"west":{"uv":[1,1,2.5,15.75],"texture":"#0"},"up":{"uv":[1,1,2.5,15.75],"texture":"#0"},"down":{"uv":[1,1,2.5,15.75],"texture":"#0"}}},{"from":[13.61607,5.02197,9.97527],"to":[14.11607,9.02197,10.47527],"rotation":{"angle":22.5,"axis":"z","origin":[13.86404,8.06193,7.97819]},"faces":{"north":{"uv":[1,1,1.5,4],"texture":"#0"},"east":{"uv":[1,1,1.5,4],"texture":"#0"},"south":{"uv":[1,1,1.5,4],"texture":"#0"},"west":{"uv":[1,1,1.5,4],"texture":"#0"},"up":{"uv":[1,1,1.5,4],"texture":"#0"},"down":{"uv":[1,1,1.5,4],"texture":"#0"}}},{"from":[5.49158,2.73615,13.05278],"to":[5.99158,6.73615,13.55278],"rotation":{"angle":-22.5,"axis":"x","origin":[7.97807,8.2632,7.82098]},"faces":{"north":{"uv":[1,1,1.5,4],"texture":"#0"},"east":{"uv":[1,1,1.5,4],"texture":"#0"},"south":{"uv":[1,1,1.5,4],"texture":"#0"},"west":{"uv":[1,1,1.5,4],"texture":"#0"},"up":{"uv":[1,1,1.5,4],"rotation":90,"texture":"#0"},"down":{"uv":[1,1,1.5,4],"rotation":270,"texture":"#0"}}},{"from":[1.90428,5.02242,9.97482],"to":[2.40428,9.02242,10.47482],"rotation":{"angle":-22.5,"axis":"z","origin":[2.15631,8.06239,7.97774]},"faces":{"north":{"uv":[1.5,1,1,4],"texture":"#0"},"east":{"uv":[1.5,1,1,4],"texture":"#0"},"south":{"uv":[1.5,1,1,4],"texture":"#0"},"west":{"uv":[1.5,1,1,4],"texture":"#0"},"up":{"uv":[1.5,1,1,4],"texture":"#0"},"down":{"uv":[1.5,1,1,4],"texture":"#0"}}},{"from":[5.49203,2.75956,2.40553],"to":[5.99203,6.75956,2.90553],"rotation":{"angle":22.5,"axis":"x","origin":[7.97852,8.26275,8.07972]},"faces":{"north":{"uv":[1.5,1,1,4],"texture":"#0"},"east":{"uv":[1.5,1,1,4],"texture":"#0"},"south":{"uv":[1.5,1,1,4],"texture":"#0"},"west":{"uv":[1.5,1,1,4],"texture":"#0"},"up":{"uv":[1.5,1,1,4],"rotation":90,"texture":"#0"},"down":{"uv":[1.5,1,1,4],"rotation":270,"texture":"#0"}}},{"from":[11.07169,9.53548,9.97634],"to":[13.82169,10.03548,10.47634],"rotation":{"angle":-22.5,"axis":"z","origin":[11.28335,9.77062,7.97506]},"faces":{"north":{"uv":[1,1,1.5,4],"rotation":90,"texture":"#0"},"east":{"uv":[1,1,1.5,4],"rotation":270,"texture":"#0"},"south":{"uv":[1,1,1.5,4],"rotation":270,"texture":"#0"},"west":{"uv":[1,1,1.5,4],"rotation":270,"texture":"#0"},"up":{"uv":[1,1,1.5,4],"rotation":270,"texture":"#0"},"down":{"uv":[1,1,1.5,4],"rotation":270,"texture":"#0"}}},{"from":[5.49051,10.73524,10.2046],"to":[5.99051,11.23524,12.9546],"rotation":{"angle":22.5,"axis":"x","origin":[7.97807,8.2632,7.82098]},"faces":{"north":{"uv":[1,1,1.5,4],"rotation":270,"texture":"#0"},"east":{"uv":[1,1,1.5,4],"rotation":90,"texture":"#0"},"south":{"uv":[1,1,1.5,4],"rotation":270,"texture":"#0"},"west":{"uv":[1,1,1.5,4],"rotation":270,"texture":"#0"},"up":{"uv":[1,1,1.5,4],"texture":"#0"},"down":{"uv":[1,1,1.5,4],"rotation":180,"texture":"#0"}}},{"from":[2.19867,9.53594,9.97589],"to":[4.94867,10.03594,10.47589],"rotation":{"angle":22.5,"axis":"z","origin":[4.73701,9.77108,7.97461]},"faces":{"north":{"uv":[1,4,1.5,1],"rotation":90,"texture":"#0"},"east":{"uv":[1,4,1.5,1],"rotation":270,"texture":"#0"},"south":{"uv":[1,4,1.5,1],"rotation":270,"texture":"#0"},"west":{"uv":[1,4,1.5,1],"rotation":270,"texture":"#0"},"up":{"uv":[1,4,1.5,1],"rotation":270,"texture":"#0"},"down":{"uv":[1,4,1.5,1],"rotation":270,"texture":"#0"}}},{"from":[5.49096,10.71093,3.00371],"to":[5.99096,11.21093,5.75371],"rotation":{"angle":-22.5,"axis":"x","origin":[7.97852,8.26275,8.07972]},"faces":{"north":{"uv":[1,4,1.5,1],"rotation":270,"texture":"#0"},"east":{"uv":[1,4,1.5,1],"rotation":90,"texture":"#0"},"south":{"uv":[1,4,1.5,1],"rotation":270,"texture":"#0"},"west":{"uv":[1,4,1.5,1],"rotation":270,"texture":"#0"},"up":{"uv":[1,4,1.5,1],"texture":"#0"},"down":{"uv":[1,4,1.5,1],"rotation":180,"texture":"#0"}}},{"from":[13.61607,5.02197,7.72527],"to":[14.11607,9.02197,8.22527],"rotation":{"angle":22.5,"axis":"z","origin":[13.86404,8.06193,7.97819]},"faces":{"north":{"uv":[1,1,1.5,4],"texture":"#0"},"east":{"uv":[1,1,1.5,4],"texture":"#0"},"south":{"uv":[1,1,1.5,4],"texture":"#0"},"west":{"uv":[1,1,1.5,4],"texture":"#0"},"up":{"uv":[1,1,1.5,4],"texture":"#0"},"down":{"uv":[1,1,1.5,4],"texture":"#0"}}},{"from":[7.74158,2.73615,13.05278],"to":[8.24158,6.73615,13.55278],"rotation":{"angle":-22.5,"axis":"x","origin":[7.97807,8.2632,7.82098]},"faces":{"north":{"uv":[1,1,1.5,4],"texture":"#0"},"east":{"uv":[1,1,1.5,4],"texture":"#0"},"south":{"uv":[1,1,1.5,4],"texture":"#0"},"west":{"uv":[1,1,1.5,4],"texture":"#0"},"up":{"uv":[1,1,1.5,4],"rotation":90,"texture":"#0"},"down":{"uv":[1,1,1.5,4],"rotation":270,"texture":"#0"}}},{"from":[1.90428,5.02242,7.72482],"to":[2.40428,9.02242,8.22482],"rotation":{"angle":-22.5,"axis":"z","origin":[2.15631,8.06239,7.97774]},"faces":{"north":{"uv":[1.5,1,1,4],"texture":"#0"},"east":{"uv":[1.5,1,1,4],"texture":"#0"},"south":{"uv":[1.5,1,1,4],"texture":"#0"},"west":{"uv":[1.5,1,1,4],"texture":"#0"},"up":{"uv":[1.5,1,1,4],"texture":"#0"},"down":{"uv":[1.5,1,1,4],"texture":"#0"}}},{"from":[7.74203,2.75956,2.40553],"to":[8.24203,6.75956,2.90553],"rotation":{"angle":22.5,"axis":"x","origin":[7.97852,8.26275,8.07972]},"faces":{"north":{"uv":[1.5,1,1,4],"texture":"#0"},"east":{"uv":[1.5,1,1,4],"texture":"#0"},"south":{"uv":[1.5,1,1,4],"texture":"#0"},"west":{"uv":[1.5,1,1,4],"texture":"#0"},"up":{"uv":[1.5,1,1,4],"rotation":90,"texture":"#0"},"down":{"uv":[1.5,1,1,4],"rotation":270,"texture":"#0"}}},{"from":[11.07169,9.53548,7.72634],"to":[13.82169,10.03548,8.22634],"rotation":{"angle":-22.5,"axis":"z","origin":[11.28335,9.77062,7.97506]},"faces":{"north":{"uv":[1,1,1.5,4],"rotation":90,"texture":"#0"},"east":{"uv":[1,1,1.5,4],"rotation":270,"texture":"#0"},"south":{"uv":[1,1,1.5,4],"rotation":270,"texture":"#0"},"west":{"uv":[1,1,1.5,4],"rotation":270,"texture":"#0"},"up":{"uv":[1,1,1.5,4],"rotation":270,"texture":"#0"},"down":{"uv":[1,1,1.5,4],"rotation":270,"texture":"#0"}}},{"from":[7.74051,10.73524,10.2046],"to":[8.24051,11.23524,12.9546],"rotation":{"angle":22.5,"axis":"x","origin":[7.97807,8.2632,7.82098]},"faces":{"north":{"uv":[1,1,1.5,4],"rotation":270,"texture":"#0"},"east":{"uv":[1,1,1.5,4],"rotation":90,"texture":"#0"},"south":{"uv":[1,1,1.5,4],"rotation":270,"texture":"#0"},"west":{"uv":[1,1,1.5,4],"rotation":270,"texture":"#0"},"up":{"uv":[1,1,1.5,4],"texture":"#0"},"down":{"uv":[1,1,1.5,4],"rotation":180,"texture":"#0"}}},{"from":[2.19867,9.53594,7.72589],"to":[4.94867,10.03594,8.22589],"rotation":{"angle":22.5,"axis":"z","origin":[4.73701,9.77108,7.97461]},"faces":{"north":{"uv":[1,4,1.5,1],"rotation":90,"texture":"#0"},"east":{"uv":[1,4,1.5,1],"rotation":270,"texture":"#0"},"south":{"uv":[1,4,1.5,1],"rotation":270,"texture":"#0"},"west":{"uv":[1,4,1.5,1],"rotation":270,"texture":"#0"},"up":{"uv":[1,4,1.5,1],"rotation":270,"texture":"#0"},"down":{"uv":[1,4,1.5,1],"rotation":270,"texture":"#0"}}},{"from":[7.74096,10.71093,3.00371],"to":[8.24096,11.21093,5.75371],"rotation":{"angle":-22.5,"axis":"x","origin":[7.97852,8.26275,8.07972]},"faces":{"north":{"uv":[1,4,1.5,1],"rotation":270,"texture":"#0"},"east":{"uv":[1,4,1.5,1],"rotation":90,"texture":"#0"},"south":{"uv":[1,4,1.5,1],"rotation":270,"texture":"#0"},"west":{"uv":[1,4,1.5,1],"rotation":270,"texture":"#0"},"up":{"uv":[1,4,1.5,1],"texture":"#0"},"down":{"uv":[1,4,1.5,1],"rotation":180,"texture":"#0"}}},{"from":[13.61607,5.02197,5.47527],"to":[14.11607,9.02197,5.97527],"rotation":{"angle":22.5,"axis":"z","origin":[13.86404,8.06193,7.97819]},"faces":{"north":{"uv":[1,1,1.5,4],"texture":"#0"},"east":{"uv":[1,1,1.5,4],"texture":"#0"},"south":{"uv":[1,1,1.5,4],"texture":"#0"},"west":{"uv":[1,1,1.5,4],"texture":"#0"},"up":{"uv":[1,1,1.5,4],"texture":"#0"},"down":{"uv":[1,1,1.5,4],"texture":"#0"}}},{"from":[9.99158,2.73615,13.05278],"to":[10.49158,6.73615,13.55278],"rotation":{"angle":-22.5,"axis":"x","origin":[7.97807,8.2632,7.82098]},"faces":{"north":{"uv":[1,1,1.5,4],"texture":"#0"},"east":{"uv":[1,1,1.5,4],"texture":"#0"},"south":{"uv":[1,1,1.5,4],"texture":"#0"},"west":{"uv":[1,1,1.5,4],"texture":"#0"},"up":{"uv":[1,1,1.5,4],"rotation":90,"texture":"#0"},"down":{"uv":[1,1,1.5,4],"rotation":270,"texture":"#0"}}},{"from":[1.90428,5.02242,5.47482],"to":[2.40428,9.02242,5.97482],"rotation":{"angle":-22.5,"axis":"z","origin":[2.15631,8.06239,7.97774]},"faces":{"north":{"uv":[1.5,1,1,4],"texture":"#0"},"east":{"uv":[1.5,1,1,4],"texture":"#0"},"south":{"uv":[1.5,1,1,4],"texture":"#0"},"west":{"uv":[1.5,1,1,4],"texture":"#0"},"up":{"uv":[1.5,1,1,4],"texture":"#0"},"down":{"uv":[1.5,1,1,4],"texture":"#0"}}},{"from":[9.99203,2.75956,2.40553],"to":[10.49203,6.75956,2.90553],"rotation":{"angle":22.5,"axis":"x","origin":[7.97852,8.26275,8.07972]},"faces":{"north":{"uv":[1.5,1,1,4],"texture":"#0"},"east":{"uv":[1.5,1,1,4],"texture":"#0"},"south":{"uv":[1.5,1,1,4],"texture":"#0"},"west":{"uv":[1.5,1,1,4],"texture":"#0"},"up":{"uv":[1.5,1,1,4],"rotation":90,"texture":"#0"},"down":{"uv":[1.5,1,1,4],"rotation":270,"texture":"#0"}}},{"from":[11.07169,9.53548,5.47634],"to":[13.82169,10.03548,5.97634],"rotation":{"angle":-22.5,"axis":"z","origin":[11.28335,9.77062,7.97506]},"faces":{"north":{"uv":[1,1,1.5,4],"rotation":90,"texture":"#0"},"east":{"uv":[1,1,1.5,4],"rotation":270,"texture":"#0"},"south":{"uv":[1,1,1.5,4],"rotation":270,"texture":"#0"},"west":{"uv":[1,1,1.5,4],"rotation":270,"texture":"#0"},"up":{"uv":[1,1,1.5,4],"rotation":270,"texture":"#0"},"down":{"uv":[1,1,1.5,4],"rotation":270,"texture":"#0"}}},{"from":[9.99051,10.73524,10.2046],"to":[10.49051,11.23524,12.9546],"rotation":{"angle":22.5,"axis":"x","origin":[7.97807,8.2632,7.82098]},"faces":{"north":{"uv":[1,1,1.5,4],"rotation":270,"texture":"#0"},"east":{"uv":[1,1,1.5,4],"rotation":90,"texture":"#0"},"south":{"uv":[1,1,1.5,4],"rotation":270,"texture":"#0"},"west":{"uv":[1,1,1.5,4],"rotation":270,"texture":"#0"},"up":{"uv":[1,1,1.5,4],"texture":"#0"},"down":{"uv":[1,1,1.5,4],"rotation":180,"texture":"#0"}}},{"from":[2.19867,9.53594,5.47589],"to":[4.94867,10.03594,5.97589],"rotation":{"angle":22.5,"axis":"z","origin":[4.73701,9.77108,7.97461]},"faces":{"north":{"uv":[1,4,1.5,1],"rotation":90,"texture":"#0"},"east":{"uv":[1,4,1.5,1],"rotation":270,"texture":"#0"},"south":{"uv":[1,4,1.5,1],"rotation":270,"texture":"#0"},"west":{"uv":[1,4,1.5,1],"rotation":270,"texture":"#0"},"up":{"uv":[1,4,1.5,1],"rotation":270,"texture":"#0"},"down":{"uv":[1,4,1.5,1],"rotation":270,"texture":"#0"}}},{"from":[9.99096,10.71093,3.00371],"to":[10.49096,11.21093,5.75371],"rotation":{"angle":-22.5,"axis":"x","origin":[7.97852,8.26275,8.07972]},"faces":{"north":{"uv":[1,4,1.5,1],"rotation":270,"texture":"#0"},"east":{"uv":[1,4,1.5,1],"rotation":90,"texture":"#0"},"south":{"uv":[1,4,1.5,1],"rotation":270,"texture":"#0"},"west":{"uv":[1,4,1.5,1],"rotation":270,"texture":"#0"},"up":{"uv":[1,4,1.5,1],"texture":"#0"},"down":{"uv":[1,4,1.5,1],"rotation":180,"texture":"#0"}}},{"from":[5.51046,9.14998,4.47489],"to":[10.51046,10.14998,5.47489],"rotation":{"angle":0,"axis":"y","origin":[8.03237,10.01838,11.96009]},"faces":{"north":{"uv":[1,1,6,2],"rotation":180,"texture":"#0"},"east":{"uv":[1,1,2,2],"rotation":180,"texture":"#0"},"south":{"uv":[1,1,6,2],"rotation":180,"texture":"#0"},"west":{"uv":[1,1,2,2],"rotation":180,"texture":"#0"},"up":{"uv":[1,1,6,2],"rotation":180,"texture":"#0"},"down":{"uv":[1,1,6,2],"rotation":180,"texture":"#0"}}},{"from":[5.51046,9.39998,5.47489],"to":[10.51046,9.89998,10.47489],"rotation":{"angle":0,"axis":"y","origin":[8.03237,10.01838,11.96009]},"faces":{"north":{"uv":[1,1,6,1.5],"texture":"#0"},"east":{"uv":[1,1,6,1.5],"texture":"#0"},"south":{"uv":[1,1,6,1.5],"texture":"#0"},"west":{"uv":[1,1,6,1.5],"texture":"#0"},"up":{"uv":[1,1,6,6],"rotation":180,"texture":"#0"},"down":{"uv":[1,1,6,6],"texture":"#0"}}},{"from":[6.51046,9.89998,6.47489],"to":[9.51046,10.64998,9.47489],"rotation":{"angle":0,"axis":"y","origin":[8.03237,10.01838,11.96009]},"faces":{"north":{"uv":[1,1,4,1.75],"texture":"#0"},"east":{"uv":[1,1,4,1.75],"texture":"#0"},"south":{"uv":[1,1,4,1.75],"texture":"#0"},"west":{"uv":[1,1,4,1.75],"texture":"#0"},"up":{"uv":[1,1,4,4],"rotation":180,"texture":"#0"},"down":{"uv":[1,1,4,4],"texture":"#0"}}},{"from":[10.51046,9.14998,5.47489],"to":[11.51052,10.14998,10.47496],"rotation":{"angle":0,"axis":"y","origin":[7.96535,7.75204,7.98754]},"faces":{"north":{"uv":[1,1,2,2.00006],"rotation":270,"texture":"#0"},"east":{"uv":[1,1,2,6.00006],"rotation":270,"texture":"#0"},"south":{"uv":[1,1,2,2.00006],"rotation":270,"texture":"#0"},"west":{"uv":[1,1,2,6.00006],"rotation":270,"texture":"#0"},"up":{"uv":[1,1,6.00006,2.00006],"rotation":270,"texture":"#0"},"down":{"uv":[1,1,6.00006,2.00006],"rotation":270,"texture":"#0"}}},{"from":[5.51046,9.14998,10.47496],"to":[10.51046,10.14998,11.47496],"rotation":{"angle":0,"axis":"y","origin":[8.03237,10.01838,3.98975]},"faces":{"north":{"uv":[1,1,6,2],"rotation":180,"texture":"#0"},"east":{"uv":[1,1,2,2],"rotation":180,"texture":"#0"},"south":{"uv":[1,1,6,2],"rotation":180,"texture":"#0"},"west":{"uv":[1,1,2,2],"rotation":180,"texture":"#0"},"up":{"uv":[1,1,6,2],"rotation":180,"texture":"#0"},"down":{"uv":[1,1,6,2],"rotation":180,"texture":"#0"}}},{"from":[4.51039,9.14998,5.47489],"to":[5.51046,10.14998,10.47496],"rotation":{"angle":0,"axis":"y","origin":[7.96535,7.75204,7.98754]},"faces":{"north":{"uv":[1,1,2,2.00006],"rotation":270,"texture":"#0"},"east":{"uv":[1,1,2,6.00006],"rotation":270,"texture":"#0"},"south":{"uv":[1,1,2,2.00006],"rotation":270,"texture":"#0"},"west":{"uv":[1,1,2,6.00006],"rotation":270,"texture":"#0"},"up":{"uv":[1,1,6.00006,2.00006],"rotation":270,"texture":"#0"},"down":{"uv":[1,1,6.00006,2.00006],"rotation":270,"texture":"#0"}}},{"name":"hexadecagon","from":[6.45155,3.1102,0.14426],"to":[9.56925,4.0898,1.35346],"rotation":{"angle":-45,"axis":"y","origin":[8.0104,3.6,7.98112]},"faces":{"north":{"uv":[1,1,4.1177,1.97961],"texture":"#0"},"east":{"uv":[1,1,2.2092,1.97961],"texture":"#0"},"south":{"uv":[1,1,4.1177,1.97961],"texture":"#0"},"west":{"uv":[1,1,2.2092,1.97961],"texture":"#0"},"up":{"uv":[1,1,4.1177,2.2092],"texture":"#0"},"down":{"uv":[1,1,4.1177,2.2092],"texture":"#0"}}},{"name":"hexadecagon","from":[6.45155,3.1102,0.14426],"to":[9.56925,4.0898,1.35346],"rotation":{"angle":-22.5,"axis":"y","origin":[8.0104,3.6,7.98112]},"faces":{"north":{"uv":[1,1,4.1177,1.97961],"texture":"#0"},"east":{"uv":[1,1,2.2092,1.97961],"texture":"#0"},"south":{"uv":[1,1,4.1177,1.97961],"texture":"#0"},"west":{"uv":[1,1,2.2092,1.97961],"texture":"#0"},"up":{"uv":[1,1,4.1177,2.2092],"texture":"#0"},"down":{"uv":[1,1,4.1177,2.2092],"texture":"#0"}}},{"name":"hexadecagon","from":[6.45155,3.1102,0.14426],"to":[9.56925,4.0898,1.35346],"rotation":{"angle":0,"axis":"y","origin":[8.0104,3.6,7.98112]},"faces":{"north":{"uv":[1,1,4.1177,1.97961],"texture":"#0"},"east":{"uv":[1,1,2.2092,1.97961],"texture":"#0"},"south":{"uv":[1,1,4.1177,1.97961],"texture":"#0"},"west":{"uv":[1,1,2.2092,1.97961],"texture":"#0"},"up":{"uv":[1,1,4.1177,2.2092],"texture":"#0"},"down":{"uv":[1,1,4.1177,2.2092],"texture":"#0"}}},{"name":"hexadecagon","from":[6.45155,3.1102,0.14426],"to":[9.56925,4.0898,1.35346],"rotation":{"angle":22.5,"axis":"y","origin":[8.0104,3.6,7.98112]},"faces":{"north":{"uv":[1,1,4.1177,1.97961],"texture":"#0"},"east":{"uv":[1,1,2.2092,1.97961],"texture":"#0"},"south":{"uv":[1,1,4.1177,1.97961],"texture":"#0"},"west":{"uv":[1,1,2.2092,1.97961],"texture":"#0"},"up":{"uv":[1,1,4.1177,2.2092],"texture":"#0"},"down":{"uv":[1,1,4.1177,2.2092],"texture":"#0"}}},{"name":"hexadecagon","from":[6.45155,3.1102,0.14426],"to":[9.56925,4.0898,1.35346],"rotation":{"angle":45,"axis":"y","origin":[8.0104,3.6,7.98112]},"faces":{"north":{"uv":[1,1,4.1177,1.97961],"texture":"#0"},"east":{"uv":[1,1,2.2092,1.97961],"texture":"#0"},"south":{"uv":[1,1,4.1177,1.97961],"texture":"#0"},"west":{"uv":[1,1,2.2092,1.97961],"texture":"#0"},"up":{"uv":[1,1,4.1177,2.2092],"texture":"#0"},"down":{"uv":[1,1,4.1177,2.2092],"texture":"#0"}}},{"name":"hexadecagon","from":[6.45155,3.1102,14.60877],"to":[9.56925,4.0898,15.81798],"rotation":{"angle":-45,"axis":"y","origin":[8.0104,3.6,7.98112]},"faces":{"north":{"uv":[1,1,4.1177,1.97961],"texture":"#0"},"east":{"uv":[1,1,2.20922,1.97961],"texture":"#0"},"south":{"uv":[1,1,4.1177,1.97961],"texture":"#0"},"west":{"uv":[1,1,2.20922,1.97961],"texture":"#0"},"up":{"uv":[1,1,4.1177,2.20922],"texture":"#0"},"down":{"uv":[1,1,4.1177,2.20922],"texture":"#0"}}},{"name":"hexadecagon","from":[6.45155,3.1102,14.60877],"to":[9.56925,4.0898,15.81798],"rotation":{"angle":-22.5,"axis":"y","origin":[8.0104,3.6,7.98112]},"faces":{"north":{"uv":[1,1,4.1177,1.97961],"texture":"#0"},"east":{"uv":[1,1,2.20922,1.97961],"texture":"#0"},"south":{"uv":[1,1,4.1177,1.97961],"texture":"#0"},"west":{"uv":[1,1,2.20922,1.97961],"texture":"#0"},"up":{"uv":[1,1,4.1177,2.20922],"texture":"#0"},"down":{"uv":[1,1,4.1177,2.20922],"texture":"#0"}}},{"name":"hexadecagon","from":[6.45155,3.1102,14.60877],"to":[9.56925,4.0898,15.81798],"rotation":{"angle":0,"axis":"y","origin":[8.0104,3.6,7.98112]},"faces":{"north":{"uv":[1,1,4.1177,1.97961],"texture":"#0"},"east":{"uv":[1,1,2.20922,1.97961],"texture":"#0"},"south":{"uv":[1,1,4.1177,1.97961],"texture":"#0"},"west":{"uv":[1,1,2.20922,1.97961],"texture":"#0"},"up":{"uv":[1,1,4.1177,2.20922],"texture":"#0"},"down":{"uv":[1,1,4.1177,2.20922],"texture":"#0"}}},{"name":"hexadecagon","from":[6.45155,3.1102,14.60877],"to":[9.56925,4.0898,15.81798],"rotation":{"angle":22.5,"axis":"y","origin":[8.0104,3.6,7.98112]},"faces":{"north":{"uv":[1,1,4.1177,1.97961],"texture":"#0"},"east":{"uv":[1,1,2.20922,1.97961],"texture":"#0"},"south":{"uv":[1,1,4.1177,1.97961],"texture":"#0"},"west":{"uv":[1,1,2.20922,1.97961],"texture":"#0"},"up":{"uv":[1,1,4.1177,2.20922],"texture":"#0"},"down":{"uv":[1,1,4.1177,2.20922],"texture":"#0"}}},{"name":"hexadecagon","from":[6.45155,3.1102,14.60877],"to":[9.56925,4.0898,15.81798],"rotation":{"angle":45,"axis":"y","origin":[8.0104,3.6,7.98112]},"faces":{"north":{"uv":[1,1,4.1177,1.97961],"texture":"#0"},"east":{"uv":[1,1,2.20922,1.97961],"texture":"#0"},"south":{"uv":[1,1,4.1177,1.97961],"texture":"#0"},"west":{"uv":[1,1,2.20922,1.97961],"texture":"#0"},"up":{"uv":[1,1,4.1177,2.20922],"texture":"#0"},"down":{"uv":[1,1,4.1177,2.20922],"texture":"#0"}}},{"name":"hexadecagon","from":[0.17354,3.1102,6.42227],"to":[1.38274,4.0898,9.53997],"rotation":{"angle":-22.5,"axis":"y","origin":[8.0104,3.6,7.98112]},"faces":{"north":{"uv":[1,1,2.2092,1.97961],"texture":"#0"},"east":{"uv":[1,1,4.1177,1.97961],"texture":"#0"},"south":{"uv":[1,1,2.2092,1.97961],"texture":"#0"},"west":{"uv":[1,1,4.1177,1.97961],"texture":"#0"},"up":{"uv":[1,1,2.2092,4.1177],"texture":"#0"},"down":{"uv":[1,1,2.2092,4.1177],"texture":"#0"}}},{"name":"hexadecagon","from":[0.17354,3.1102,6.42227],"to":[1.38274,4.0898,9.53997],"rotation":{"angle":0,"axis":"y","origin":[8.0104,3.6,7.98112]},"faces":{"north":{"uv":[1,1,2.2092,1.97961],"texture":"#0"},"east":{"uv":[1,1,4.1177,1.97961],"texture":"#0"},"south":{"uv":[1,1,2.2092,1.97961],"texture":"#0"},"west":{"uv":[1,1,4.1177,1.97961],"texture":"#0"},"up":{"uv":[1,1,2.2092,4.1177],"texture":"#0"},"down":{"uv":[1,1,2.2092,4.1177],"texture":"#0"}}},{"name":"hexadecagon","from":[0.17354,3.1102,6.42227],"to":[1.38274,4.0898,9.53997],"rotation":{"angle":22.5,"axis":"y","origin":[8.0104,3.6,7.98112]},"faces":{"north":{"uv":[1,1,2.2092,1.97961],"texture":"#0"},"east":{"uv":[1,1,4.1177,1.97961],"texture":"#0"},"south":{"uv":[1,1,2.2092,1.97961],"texture":"#0"},"west":{"uv":[1,1,4.1177,1.97961],"texture":"#0"},"up":{"uv":[1,1,2.2092,4.1177],"texture":"#0"},"down":{"uv":[1,1,2.2092,4.1177],"texture":"#0"}}},{"name":"hexadecagon","from":[14.63805,3.1102,6.42227],"to":[15.84727,4.0898,9.53997],"rotation":{"angle":-22.5,"axis":"y","origin":[8.0104,3.6,7.98112]},"faces":{"north":{"uv":[1,1,2.20922,1.97961],"texture":"#0"},"east":{"uv":[1,1,4.1177,1.97961],"texture":"#0"},"south":{"uv":[1,1,2.20922,1.97961],"texture":"#0"},"west":{"uv":[1,1,4.1177,1.97961],"texture":"#0"},"up":{"uv":[1,1,2.20922,4.1177],"texture":"#0"},"down":{"uv":[1,1,2.20922,4.1177],"texture":"#0"}}},{"name":"hexadecagon","from":[14.63805,3.1102,6.42227],"to":[15.84727,4.0898,9.53997],"rotation":{"angle":0,"axis":"y","origin":[8.0104,3.6,7.98112]},"faces":{"north":{"uv":[1,1,2.20922,1.97961],"texture":"#0"},"east":{"uv":[1,1,4.1177,1.97961],"texture":"#0"},"south":{"uv":[1,1,2.20922,1.97961],"texture":"#0"},"west":{"uv":[1,1,4.1177,1.97961],"texture":"#0"},"up":{"uv":[1,1,2.20922,4.1177],"texture":"#0"},"down":{"uv":[1,1,2.20922,4.1177],"texture":"#0"}}},{"name":"hexadecagon","from":[14.63805,3.1102,6.42227],"to":[15.84727,4.0898,9.53997],"rotation":{"angle":22.5,"axis":"y","origin":[8.0104,3.6,7.98112]},"faces":{"north":{"uv":[1,1,2.20922,1.97961],"texture":"#0"},"east":{"uv":[1,1,4.1177,1.97961],"texture":"#0"},"south":{"uv":[1,1,2.20922,1.97961],"texture":"#0"},"west":{"uv":[1,1,4.1177,1.97961],"texture":"#0"},"up":{"uv":[1,1,2.20922,4.1177],"texture":"#0"},"down":{"uv":[1,1,2.20922,4.1177],"texture":"#0"}}},{"name":"hexadecagon","from":[6.45155,-4.8898,0.14426],"to":[9.56925,-3.9102,1.35346],"rotation":{"angle":-45,"axis":"y","origin":[8.0104,-4.4,7.98112]},"faces":{"north":{"uv":[1,1,4.1177,1.97961],"texture":"#0"},"east":{"uv":[1,1,2.2092,1.97961],"texture":"#0"},"south":{"uv":[1,1,4.1177,1.97961],"texture":"#0"},"west":{"uv":[1,1,2.2092,1.97961],"texture":"#0"},"up":{"uv":[1,1,4.1177,2.2092],"texture":"#0"},"down":{"uv":[1,1,4.1177,2.2092],"texture":"#0"}}},{"name":"hexadecagon","from":[6.45155,-4.8898,0.14426],"to":[9.56925,-3.9102,1.35346],"rotation":{"angle":-22.5,"axis":"y","origin":[8.0104,-4.4,7.98112]},"faces":{"north":{"uv":[1,1,4.1177,1.97961],"texture":"#0"},"east":{"uv":[1,1,2.2092,1.97961],"texture":"#0"},"south":{"uv":[1,1,4.1177,1.97961],"texture":"#0"},"west":{"uv":[1,1,2.2092,1.97961],"texture":"#0"},"up":{"uv":[1,1,4.1177,2.2092],"texture":"#0"},"down":{"uv":[1,1,4.1177,2.2092],"texture":"#0"}}},{"name":"hexadecagon","from":[6.45155,-4.8898,0.14426],"to":[9.56925,-3.9102,1.35346],"rotation":{"angle":0,"axis":"y","origin":[8.0104,-4.4,7.98112]},"faces":{"north":{"uv":[1,1,4.1177,1.97961],"texture":"#0"},"east":{"uv":[1,1,2.2092,1.97961],"texture":"#0"},"south":{"uv":[1,1,4.1177,1.97961],"texture":"#0"},"west":{"uv":[1,1,2.2092,1.97961],"texture":"#0"},"up":{"uv":[1,1,4.1177,2.2092],"texture":"#0"},"down":{"uv":[1,1,4.1177,2.2092],"texture":"#0"}}},{"name":"hexadecagon","from":[6.45155,-4.8898,0.14426],"to":[9.56925,-3.9102,1.35346],"rotation":{"angle":22.5,"axis":"y","origin":[8.0104,-4.4,7.98112]},"faces":{"north":{"uv":[1,1,4.1177,1.97961],"texture":"#0"},"east":{"uv":[1,1,2.2092,1.97961],"texture":"#0"},"south":{"uv":[1,1,4.1177,1.97961],"texture":"#0"},"west":{"uv":[1,1,2.2092,1.97961],"texture":"#0"},"up":{"uv":[1,1,4.1177,2.2092],"texture":"#0"},"down":{"uv":[1,1,4.1177,2.2092],"texture":"#0"}}},{"name":"hexadecagon","from":[6.45155,-4.8898,0.14426],"to":[9.56925,-3.9102,1.35346],"rotation":{"angle":45,"axis":"y","origin":[8.0104,-4.4,7.98112]},"faces":{"north":{"uv":[1,1,4.1177,1.97961],"texture":"#0"},"east":{"uv":[1,1,2.2092,1.97961],"texture":"#0"},"south":{"uv":[1,1,4.1177,1.97961],"texture":"#0"},"west":{"uv":[1,1,2.2092,1.97961],"texture":"#0"},"up":{"uv":[1,1,4.1177,2.2092],"texture":"#0"},"down":{"uv":[1,1,4.1177,2.2092],"texture":"#0"}}},{"name":"hexadecagon","from":[6.45155,-4.8898,14.60877],"to":[9.56925,-3.9102,15.81798],"rotation":{"angle":-45,"axis":"y","origin":[8.0104,-4.4,7.98112]},"faces":{"north":{"uv":[1,1,4.1177,1.97961],"texture":"#0"},"east":{"uv":[1,1,2.20922,1.97961],"texture":"#0"},"south":{"uv":[1,1,4.1177,1.97961],"texture":"#0"},"west":{"uv":[1,1,2.20922,1.97961],"texture":"#0"},"up":{"uv":[1,1,4.1177,2.20922],"texture":"#0"},"down":{"uv":[1,1,4.1177,2.20922],"texture":"#0"}}},{"name":"hexadecagon","from":[6.45155,-4.8898,14.60877],"to":[9.56925,-3.9102,15.81798],"rotation":{"angle":-22.5,"axis":"y","origin":[8.0104,-4.4,7.98112]},"faces":{"north":{"uv":[1,1,4.1177,1.97961],"texture":"#0"},"east":{"uv":[1,1,2.20922,1.97961],"texture":"#0"},"south":{"uv":[1,1,4.1177,1.97961],"texture":"#0"},"west":{"uv":[1,1,2.20922,1.97961],"texture":"#0"},"up":{"uv":[1,1,4.1177,2.20922],"texture":"#0"},"down":{"uv":[1,1,4.1177,2.20922],"texture":"#0"}}},{"name":"hexadecagon","from":[6.45155,-4.8898,14.60877],"to":[9.56925,-3.9102,15.81798],"rotation":{"angle":0,"axis":"y","origin":[8.0104,-4.4,7.98112]},"faces":{"north":{"uv":[1,1,4.1177,1.97961],"texture":"#0"},"east":{"uv":[1,1,2.20922,1.97961],"texture":"#0"},"south":{"uv":[1,1,4.1177,1.97961],"texture":"#0"},"west":{"uv":[1,1,2.20922,1.97961],"texture":"#0"},"up":{"uv":[1,1,4.1177,2.20922],"texture":"#0"},"down":{"uv":[1,1,4.1177,2.20922],"texture":"#0"}}},{"name":"hexadecagon","from":[6.45155,-4.8898,14.60877],"to":[9.56925,-3.9102,15.81798],"rotation":{"angle":22.5,"axis":"y","origin":[8.0104,-4.4,7.98112]},"faces":{"north":{"uv":[1,1,4.1177,1.97961],"texture":"#0"},"east":{"uv":[1,1,2.20922,1.97961],"texture":"#0"},"south":{"uv":[1,1,4.1177,1.97961],"texture":"#0"},"west":{"uv":[1,1,2.20922,1.97961],"texture":"#0"},"up":{"uv":[1,1,4.1177,2.20922],"texture":"#0"},"down":{"uv":[1,1,4.1177,2.20922],"texture":"#0"}}},{"name":"hexadecagon","from":[6.45155,-4.8898,14.60877],"to":[9.56925,-3.9102,15.81798],"rotation":{"angle":45,"axis":"y","origin":[8.0104,-4.4,7.98112]},"faces":{"north":{"uv":[1,1,4.1177,1.97961],"texture":"#0"},"east":{"uv":[1,1,2.20922,1.97961],"texture":"#0"},"south":{"uv":[1,1,4.1177,1.97961],"texture":"#0"},"west":{"uv":[1,1,2.20922,1.97961],"texture":"#0"},"up":{"uv":[1,1,4.1177,2.20922],"texture":"#0"},"down":{"uv":[1,1,4.1177,2.20922],"texture":"#0"}}},{"name":"hexadecagon","from":[0.17354,-4.8898,6.42227],"to":[1.38274,-3.9102,9.53997],"rotation":{"angle":-22.5,"axis":"y","origin":[8.0104,-4.4,7.98112]},"faces":{"north":{"uv":[1,1,2.2092,1.97961],"texture":"#0"},"east":{"uv":[1,1,4.1177,1.97961],"texture":"#0"},"south":{"uv":[1,1,2.2092,1.97961],"texture":"#0"},"west":{"uv":[1,1,4.1177,1.97961],"texture":"#0"},"up":{"uv":[1,1,2.2092,4.1177],"texture":"#0"},"down":{"uv":[1,1,2.2092,4.1177],"texture":"#0"}}},{"name":"hexadecagon","from":[0.17354,-4.8898,6.42227],"to":[1.38274,-3.9102,9.53997],"rotation":{"angle":0,"axis":"y","origin":[8.0104,-4.4,7.98112]},"faces":{"north":{"uv":[1,1,2.2092,1.97961],"texture":"#0"},"east":{"uv":[1,1,4.1177,1.97961],"texture":"#0"},"south":{"uv":[1,1,2.2092,1.97961],"texture":"#0"},"west":{"uv":[1,1,4.1177,1.97961],"texture":"#0"},"up":{"uv":[1,1,2.2092,4.1177],"texture":"#0"},"down":{"uv":[1,1,2.2092,4.1177],"texture":"#0"}}},{"name":"hexadecagon","from":[0.17354,-4.8898,6.42227],"to":[1.38274,-3.9102,9.53997],"rotation":{"angle":22.5,"axis":"y","origin":[8.0104,-4.4,7.98112]},"faces":{"north":{"uv":[1,1,2.2092,1.97961],"texture":"#0"},"east":{"uv":[1,1,4.1177,1.97961],"texture":"#0"},"south":{"uv":[1,1,2.2092,1.97961],"texture":"#0"},"west":{"uv":[1,1,4.1177,1.97961],"texture":"#0"},"up":{"uv":[1,1,2.2092,4.1177],"texture":"#0"},"down":{"uv":[1,1,2.2092,4.1177],"texture":"#0"}}},{"name":"hexadecagon","from":[14.63805,-4.8898,6.42227],"to":[15.84727,-3.9102,9.53997],"rotation":{"angle":-22.5,"axis":"y","origin":[8.0104,-4.4,7.98112]},"faces":{"north":{"uv":[1,1,2.20922,1.97961],"texture":"#0"},"east":{"uv":[1,1,4.1177,1.97961],"texture":"#0"},"south":{"uv":[1,1,2.20922,1.97961],"texture":"#0"},"west":{"uv":[1,1,4.1177,1.97961],"texture":"#0"},"up":{"uv":[1,1,2.20922,4.1177],"texture":"#0"},"down":{"uv":[1,1,2.20922,4.1177],"texture":"#0"}}},{"name":"hexadecagon","from":[14.63805,-4.8898,6.42227],"to":[15.84727,-3.9102,9.53997],"rotation":{"angle":0,"axis":"y","origin":[8.0104,-4.4,7.98112]},"faces":{"north":{"uv":[1,1,2.20922,1.97961],"texture":"#0"},"east":{"uv":[1,1,4.1177,1.97961],"texture":"#0"},"south":{"uv":[1,1,2.20922,1.97961],"texture":"#0"},"west":{"uv":[1,1,4.1177,1.97961],"texture":"#0"},"up":{"uv":[1,1,2.20922,4.1177],"texture":"#0"},"down":{"uv":[1,1,2.20922,4.1177],"texture":"#0"}}},{"name":"hexadecagon","from":[14.63805,-4.8898,6.42227],"to":[15.84727,-3.9102,9.53997],"rotation":{"angle":22.5,"axis":"y","origin":[8.0104,-4.4,7.98112]},"faces":{"north":{"uv":[1,1,2.20922,1.97961],"texture":"#0"},"east":{"uv":[1,1,4.1177,1.97961],"texture":"#0"},"south":{"uv":[1,1,2.20922,1.97961],"texture":"#0"},"west":{"uv":[1,1,4.1177,1.97961],"texture":"#0"},"up":{"uv":[1,1,2.20922,4.1177],"texture":"#0"},"down":{"uv":[1,1,2.20922,4.1177],"texture":"#0"}}},{"name":"hexadecagon","from":[6.45155,-14.289,0.14426],"to":[9.56925,-11.80939,15.81798],"rotation":{"angle":-45,"axis":"y","origin":[8.0104,-12.2,7.98112]},"faces":{"north":{"uv":[1,1,4.1177,3.47961],"texture":"#0"},"east":{"uv":[1,3,16.67373,5.47961],"texture":"#0"},"south":{"uv":[1,1,4.1177,3.47961],"texture":"#0"},"west":{"uv":[1,1,16.67373,3.47961],"texture":"#0"},"up":{"uv":[0,0,1.117,0.674],"texture":"#0"},"down":{"uv":[0,0,1.117,0.674],"texture":"#0"}}},{"name":"hexadecagon","from":[6.45155,-14.2897,0.14426],"to":[9.56925,-11.8113,15.81798],"rotation":{"angle":0,"axis":"y","origin":[8.0104,-12.2,7.98112]},"faces":{"north":{"uv":[1,1,4.1177,3.47961],"texture":"#0"},"east":{"uv":[1,3,16.67373,5.47961],"texture":"#0"},"south":{"uv":[1,1,4.1177,3.47961],"texture":"#0"},"west":{"uv":[1,1,16.67373,3.47961],"texture":"#0"},"up":{"uv":[0,0,1.117,0.674],"texture":"#0"},"down":{"uv":[0,0,1.117,0.674],"texture":"#0"}}},{"name":"hexadecagon","from":[6.45155,-14.2898,0.14426],"to":[9.56925,-11.8103,15.81798],"rotation":{"angle":-22.5,"axis":"y","origin":[8.0104,-12.2,7.98112]},"faces":{"north":{"uv":[1,1,4.1177,3.47961],"texture":"#0"},"east":{"uv":[1,3,16.67373,5.47961],"texture":"#0"},"south":{"uv":[1,1,4.1177,3.47961],"texture":"#0"},"west":{"uv":[1,1,16.67373,3.47961],"texture":"#0"},"up":{"uv":[0,0,1.117,0.674],"texture":"#0"},"down":{"uv":[0,0,1.117,0.674],"texture":"#0"}}},{"name":"hexadecagon","from":[6.45155,-14.2896,0.14426],"to":[9.56925,-11.80999,15.81798],"rotation":{"angle":22.5,"axis":"y","origin":[8.0104,-12.2,7.98112]},"faces":{"north":{"uv":[1,1,4.1177,3.47961],"texture":"#0"},"east":{"uv":[1,3,16.67373,5.47961],"texture":"#0"},"south":{"uv":[1,1,4.1177,3.47961],"texture":"#0"},"west":{"uv":[1,1,16.67373,3.47961],"texture":"#0"},"up":{"uv":[0,0,1.117,0.674],"texture":"#0"},"down":{"uv":[0,0,1.117,0.674],"texture":"#0"}}},{"name":"hexadecagon","from":[6.45155,-14.2895,0.14426],"to":[9.56925,-11.80989,15.81798],"rotation":{"angle":45,"axis":"y","origin":[8.0104,-12.2,7.98112]},"faces":{"north":{"uv":[1,1,4.1177,3.47961],"texture":"#0"},"east":{"uv":[1,3,16.67373,5.47961],"texture":"#0"},"south":{"uv":[1,1,4.1177,3.47961],"texture":"#0"},"west":{"uv":[1,1,16.67373,3.47961],"texture":"#0"},"up":{"uv":[0,0,1.117,0.674],"texture":"#0"},"down":{"uv":[0,0,1.117,0.674],"texture":"#0"}}},{"name":"hexadecagon","from":[0.17354,-14.2892,6.42227],"to":[15.84727,-11.80959,9.53997],"rotation":{"angle":22.5,"axis":"y","origin":[8.0104,-12.2,7.98112]},"faces":{"north":{"uv":[1,1,16.67373,3.47961],"texture":"#0"},"east":{"uv":[1,3,4.1177,5.47961],"texture":"#0"},"south":{"uv":[1,1,16.67373,3.47961],"texture":"#0"},"west":{"uv":[1,1,4.1177,3.47961],"texture":"#0"},"up":{"uv":[0,0,1.117,0.674],"texture":"#0"},"down":{"uv":[0,0,1.117,0.674],"texture":"#0"}}},{"name":"hexadecagon","from":[0.17354,-14.2894,6.42227],"to":[15.84727,-11.80979,9.53997],"rotation":{"angle":-22.5,"axis":"y","origin":[8.0104,-12.2,7.98112]},"faces":{"north":{"uv":[1,1,16.67373,3.47961],"texture":"#0"},"east":{"uv":[1,3,4.1177,5.47961],"texture":"#0"},"south":{"uv":[1,1,16.67373,3.47961],"texture":"#0"},"west":{"uv":[1,1,4.1177,3.47961],"texture":"#0"},"up":{"uv":[0,0,1.117,0.674],"texture":"#0"},"down":{"uv":[0,0,1.117,0.674],"texture":"#0"}}},{"name":"hexadecagon","from":[0.17354,-14.2893,6.42227],"to":[15.84727,-11.80969,9.53997],"rotation":{"angle":0,"axis":"y","origin":[8.0104,-12.2,7.98112]},"faces":{"north":{"uv":[1,1,16.67373,3.47961],"texture":"#0"},"east":{"uv":[4,3,7.117,5.479],"texture":"#0"},"south":{"uv":[1,1,16.67373,3.47961],"texture":"#0"},"west":{"uv":[3,5,6.117,7.479],"texture":"#0"},"up":{"uv":[0,0,1.117,0.674],"texture":"#0"},"down":{"uv":[0,0,1.117,0.674],"texture":"#0"}}}],"display":{"thirdperson_righthand":{"rotation":[75,29.25,0],"translation":[0.75,1.25,1.5],"scale":[0.25,0.25,0.25]},"thirdperson_lefthand":{"rotation":[75,29.25,0],"translation":[0.75,1.25,1.5],"scale":[0.25,0.25,0.25]},"firstperson_righthand":{"rotation":[7,132.5,3],"translation":[0.5,6.25,2.75],"scale":[0.18359,0.18359,0.18359]},"firstperson_lefthand":{"rotation":[7,132.5,3],"translation":[0.5,6.25,2.75],"scale":[0.18359,0.18359,0.18359]},"ground":{"translation":[0,10,0],"scale":[0.47,0.47,0.47]},"gui":{"rotation":[30,225,0],"translation":[-0.25,2.5,0],"scale":[0.4,0.4,0.4]},"head":{"translation":[0,-5.25,0],"scale":[0.8,0.8,0.8]},"fixed":{"translation":[0,3,0],"scale":[0.53,0.53,0.53]}},"groups":[{"name":"Frame","origin":[8,8,8],"children":[{"name":"chain","origin":[8,8,8],"children":[{"name":"group","origin":[8,8,8],"children":[{"name":"Link6","origin":[8,8,8],"children":[0,1,2,3,4,5,6,7]},{"name":"Link7","origin":[8,8,8],"children":[8,9,10,11,12]},{"name":"Link5","origin":[8,8,8],"children":[13,14,15,16,17,18,19,20]},{"name":"Link4","origin":[8,8,8],"children":[21,22,23,24,25,26,27,28]},{"name":"Link3","origin":[8,8,8],"children":[29,30,31,32,33,34,35,36]},{"name":"Link2","origin":[8,8,8],"children":[37,38,39,40,41,42,43,44]},{"name":"Link2","origin":[8,8,8],"children":[45,46,47,48,49,50,51,52]},{"name":"Link2","origin":[8,8,8],"children":[]},{"name":"Link","origin":[8,8,8],"children":[53,54,55,56,57,58,59,60]},{"name":"Link","origin":[8,8,8],"children":[61,62,63,64,65]}]}]},{"name":"Bars","origin":[7.94686,14.21037,2.77471],"children":[66,67,68,69,70,71,72,73,74,75,76,77,78,79,80,81,82,83,84,85,86,87,88,89,90,91,92,93,94,95,96,97,98,99,100,101,102,103,104,105,106,107,108,109]},{"name":"top ring","origin":[8.02197,-4.53162,-2.51483],"children":[110,111,112,113,114,115]},{"name":"hexadecagon","origin":[8,8,8],"children":[116,117,118,119,120,121,122,123,124,125,126,127,128,129,130,131]},{"name":"hexadecagon","origin":[8,8,8],"children":[132,133,134,135,136,137,138,139,140,141,142,143,144,145,146,147]},{"name":"hexadecagon","origin":[8,8,8],"children":[148,149,150,151,152,153,154,155]}]}]}