{"credit":"Made by spike5032","textures":{"0":"block/blue_concrete","1":"block/brown_concrete_powder","2":"block/light_gray_concrete","particle":"block/blue_concrete"},"elements":[{"from":[7.70625,0,5.99651],"to":[10.95625,0.7,9.99651],"rotation":{"angle":0,"axis":"y","origin":[8,0.59107,8]},"faces":{"north":{"uv":[0,0,3.25,0.7],"texture":"#1"},"east":{"uv":[0,0,4,0.7],"texture":"#1"},"south":{"uv":[0,0,3.25,0.7],"texture":"#1"},"west":{"uv":[0,0,4,0.7],"texture":"#1"},"up":{"uv":[11,1,14.25,5],"texture":"#1"},"down":{"uv":[0,0,3.25,4],"texture":"#1"}}},{"from":[3.70625,0,5.99651],"to":[7.70625,1,9.99651],"rotation":{"angle":0,"axis":"y","origin":[8,0.59107,8]},"faces":{"north":{"uv":[6.8,0,7.799,3.199],"texture":"#0"},"east":{"uv":[0,0,7,5],"texture":"#2"},"south":{"uv":[6.8,0,7.799,3.199],"texture":"#0"},"west":{"uv":[6.8,0,7.799,3.199],"texture":"#0"},"up":{"uv":[0,0,3.8,3.199],"texture":"#0"},"down":{"uv":[0,3.2,3.8,6.399],"texture":"#0"}}},{"from":[3.28748,0.475,6.09593],"to":[4.28748,0.525,9.89593],"rotation":{"angle":0,"axis":"y","origin":[8,0.59107,8]},"faces":{"north":{"uv":[0,0,0.5,0.05],"texture":"#2"},"east":{"uv":[6.667,0,7.666,3.199],"texture":"#2"},"south":{"uv":[0,0,0.5,0.05],"texture":"#2"},"west":{"uv":[0,0,13,1],"texture":"#2"},"up":{"uv":[0,0,13,2],"rotation":90,"texture":"#2"},"down":{"uv":[0,0,13,2],"rotation":90,"texture":"#2"}}},{"from":[7.70625,-0.025,5.89651],"to":[7.90625,1.1,10.09651],"rotation":{"angle":0,"axis":"y","origin":[8,0.59107,8]},"faces":{"north":{"uv":[0,0,1,5],"texture":"#2"},"east":{"uv":[0,0,7,5],"texture":"#2"},"south":{"uv":[0,0,1,5],"texture":"#2"},"west":{"uv":[6.667,0,7.666,3.199],"texture":"#2"},"up":{"uv":[0,0,7,1],"rotation":90,"texture":"#2"},"down":{"uv":[0,0,7,1],"rotation":90,"texture":"#2"}}},{"from":[7.70625,0.7,5.99651],"to":[10.95625,0.8,6.49651],"rotation":{"angle":0,"axis":"y","origin":[8,0.59107,8]},"faces":{"north":{"uv":[0,0,3.25,0.1],"texture":"#1"},"east":{"uv":[0,0,0.4,0.1],"texture":"#1"},"south":{"uv":[4,0,5,1],"texture":"#1"},"west":{"uv":[0,0,0.4,0.1],"texture":"#1"},"up":{"uv":[0,0,3.25,0.5],"texture":"#1"},"down":{"uv":[0,0,3.25,0.4],"texture":"#1"}}},{"from":[10.45625,0.7,6.49651],"to":[10.95625,0.8,9.54651],"rotation":{"angle":0,"axis":"y","origin":[8,0.59107,8]},"faces":{"north":{"uv":[0,0,0.4,0.1],"texture":"#1"},"east":{"uv":[0,0,3.25,0.1],"texture":"#1"},"south":{"uv":[0,0,0.4,0.1],"texture":"#1"},"west":{"uv":[4,0,5,1],"texture":"#1"},"up":{"uv":[0,0,3.25,0.4],"rotation":90,"texture":"#1"},"down":{"uv":[0,0,3.25,0.4],"rotation":270,"texture":"#1"}}},{"from":[7.70625,0.7,9.49651],"to":[10.95625,0.8,9.99651],"rotation":{"angle":0,"axis":"y","origin":[8,0.59107,8]},"faces":{"north":{"uv":[4,0,5,1],"texture":"#1"},"east":{"uv":[0,0,0.4,0.1],"texture":"#1"},"south":{"uv":[0,0,3.25,0.1],"texture":"#1"},"west":{"uv":[0,0,0.4,0.1],"texture":"#1"},"up":{"uv":[0,0,3.25,0.5],"texture":"#1"},"down":{"uv":[0,0,3.25,0.4],"texture":"#1"}}}],"display":{"thirdperson_righthand":{"rotation":[-26,-97,0],"translation":[-2,7.25,0]},"thirdperson_lefthand":{"rotation":[-26,-273.75,0],"translation":[-2,7.25,0]},"firstperson_righthand":{"rotation":[0,60,84.25],"translation":[-5.25,6.25,8.5],"scale":[0.50195,0.50195,0.50195]},"firstperson_lefthand":{"rotation":[28,-102.5,-63],"translation":[-4.25,6,9.5],"scale":[0.50195,0.50195,0.50195]},"ground":{"translation":[0,4.25,0]},"gui":{"rotation":[30,225,0],"translation":[-0.5,8.75,0],"scale":[1.41016,1.41016,1.41016]},"head":{"translation":[1,-31.25,0],"scale":[1.5,1.5,1.5]},"fixed":{"rotation":[-90,0,0],"translation":[1.75,0,-15],"scale":[2,2,2]}},"groups":[{"name":"Open Bar","origin":[12,8,18],"children":[0,1,2,3,4,5,6]}]}