{"credit":"Made by spike5032","textures":{"0":"block/furnace_top","1":"block/gray_concrete_powder","particle":"block/furnace_top"},"elements":[{"from":[-14,0,0],"to":[14,1,1],"faces":{"north":{"uv":[4,1,14,2],"texture":"#0"},"east":{"uv":[4,1,14,2],"texture":"#0"},"south":{"uv":[4,1,14,2],"texture":"#0"},"west":{"uv":[4,1,14,2],"texture":"#0"},"up":{"uv":[4,1,14,2],"texture":"#0"},"down":{"uv":[4,1,14,2],"texture":"#0"}}},{"from":[-14,0,15],"to":[14,1,16],"faces":{"north":{"uv":[4,1,14,2],"texture":"#0"},"east":{"uv":[4,1,14,2],"texture":"#0"},"south":{"uv":[4,1,14,2],"texture":"#0"},"west":{"uv":[4,1,14,2],"texture":"#0"},"up":{"uv":[4,1,14,2],"texture":"#0"},"down":{"uv":[4,1,14,2],"texture":"#0"}}},{"from":[-16,0,2],"to":[-15,1,14],"faces":{"north":{"uv":[5,1,13,2],"texture":"#0"},"east":{"uv":[5,1,13,2],"texture":"#0"},"south":{"uv":[5,1,13,2],"texture":"#0"},"west":{"uv":[5,1,13,2],"texture":"#0"},"up":{"uv":[5,1,13,2],"rotation":90,"texture":"#0"},"down":{"uv":[5,1,13,2],"rotation":90,"texture":"#0"}}},{"from":[15,0,2],"to":[16,1,14],"faces":{"north":{"uv":[5,1,13,2],"texture":"#0"},"east":{"uv":[5,1,13,2],"texture":"#0"},"south":{"uv":[5,1,13,2],"texture":"#0"},"west":{"uv":[5,1,13,2],"texture":"#0"},"up":{"uv":[5,1,13,2],"rotation":90,"texture":"#0"},"down":{"uv":[5,1,13,2],"rotation":90,"texture":"#0"}}},{"from":[13.5,0,0.20711],"to":[16.32843,1,1.20711],"rotation":{"angle":-45,"axis":"y","origin":[14,0.5,0.70711]},"faces":{"north":{"uv":[4,1,6.828,2],"texture":"#0"},"east":{"uv":[4,1,6.828,2],"texture":"#0"},"south":{"uv":[4,1,6.828,2],"texture":"#0"},"west":{"uv":[4,1,6.828,2],"texture":"#0"},"up":{"uv":[4,1,6.828,2],"texture":"#0"},"down":{"uv":[4,1,6.828,2],"texture":"#0"}}},{"from":[14.79289,0,13.5],"to":[15.79289,1,16.32843],"rotation":{"angle":-45,"axis":"y","origin":[15.29289,0.5,14]},"faces":{"north":{"uv":[4,1,6.828,2],"texture":"#0"},"east":{"uv":[4,1,6.828,2],"texture":"#0"},"south":{"uv":[4,1,6.828,2],"texture":"#0"},"west":{"uv":[4,1,6.828,2],"texture":"#0"},"up":{"uv":[4,1,6.828,2],"rotation":90,"texture":"#0"},"down":{"uv":[4,1,6.828,2],"rotation":90,"texture":"#0"}}},{"from":[-15.79289,0,13.5],"to":[-14.79289,1,16.32843],"rotation":{"angle":45,"axis":"y","origin":[-15.29289,0.5,14]},"faces":{"north":{"uv":[4,1,6.828,2],"texture":"#0"},"east":{"uv":[4,1,6.828,2],"texture":"#0"},"south":{"uv":[4,1,6.828,2],"texture":"#0"},"west":{"uv":[4,1,6.828,2],"texture":"#0"},"up":{"uv":[4,1,6.828,2],"rotation":90,"texture":"#0"},"down":{"uv":[4,1,6.828,2],"rotation":90,"texture":"#0"}}},{"from":[-15.79289,0,-0.32843],"to":[-14.79289,1,2.5],"rotation":{"angle":-45,"axis":"y","origin":[-15.29289,0.5,2]},"faces":{"north":{"uv":[4,1,6.828,2],"texture":"#0"},"east":{"uv":[4,1,6.828,2],"texture":"#0"},"south":{"uv":[4,1,6.828,2],"texture":"#0"},"west":{"uv":[4,1,6.828,2],"texture":"#0"},"up":{"uv":[4,1,6.828,2],"rotation":90,"texture":"#0"},"down":{"uv":[4,1,6.828,2],"rotation":90,"texture":"#0"}}},{"from":[-14,8.15,0],"to":[14,8.85,1],"rotation":{"angle":0,"axis":"y","origin":[8,16,8]},"faces":{"north":{"uv":[4,1,14,2],"texture":"#0"},"east":{"uv":[4,1,14,2],"texture":"#0"},"south":{"uv":[4,1,14,2],"texture":"#0"},"west":{"uv":[4,1,14,2],"texture":"#0"},"up":{"uv":[4,1,14,2],"texture":"#0"},"down":{"uv":[4,1,14,2],"texture":"#0"}}},{"from":[-14,8.15,15],"to":[14,8.85,16],"rotation":{"angle":0,"axis":"y","origin":[8,16,8]},"faces":{"north":{"uv":[4,1,14,2],"texture":"#0"},"east":{"uv":[4,1,14,2],"texture":"#0"},"south":{"uv":[4,1,14,2],"texture":"#0"},"west":{"uv":[4,1,14,2],"texture":"#0"},"up":{"uv":[4,1,14,2],"texture":"#0"},"down":{"uv":[4,1,14,2],"texture":"#0"}}},{"from":[-16,8.15,2],"to":[-15,8.85,14],"rotation":{"angle":0,"axis":"y","origin":[8,16,8]},"faces":{"north":{"uv":[5,1,13,2],"texture":"#0"},"east":{"uv":[5,1,13,2],"texture":"#0"},"south":{"uv":[5,1,13,2],"texture":"#0"},"west":{"uv":[5,1,13,2],"texture":"#0"},"up":{"uv":[5,1,13,2],"rotation":90,"texture":"#0"},"down":{"uv":[5,1,13,2],"rotation":90,"texture":"#0"}}},{"from":[15,8.15,2],"to":[16,8.85,14],"rotation":{"angle":0,"axis":"y","origin":[8,16,8]},"faces":{"north":{"uv":[5,1,13,2],"texture":"#0"},"east":{"uv":[5,1,13,2],"texture":"#0"},"south":{"uv":[5,1,13,2],"texture":"#0"},"west":{"uv":[5,1,13,2],"texture":"#0"},"up":{"uv":[5,1,13,2],"rotation":90,"texture":"#0"},"down":{"uv":[5,1,13,2],"rotation":90,"texture":"#0"}}},{"from":[13.5,8.15,0.20711],"to":[16.32843,8.85,1.20711],"rotation":{"angle":-45,"axis":"y","origin":[14,8.5,0.70711]},"faces":{"north":{"uv":[4,1,6.828,2],"texture":"#0"},"east":{"uv":[4,1,6.828,2],"texture":"#0"},"south":{"uv":[4,1,6.828,2],"texture":"#0"},"west":{"uv":[4,1,6.828,2],"texture":"#0"},"up":{"uv":[4,1,6.828,2],"texture":"#0"},"down":{"uv":[4,1,6.828,2],"texture":"#0"}}},{"from":[14.79289,8.15,13.5],"to":[15.79289,8.85,16.32843],"rotation":{"angle":-45,"axis":"y","origin":[15.29289,8.5,14]},"faces":{"north":{"uv":[4,1,6.828,2],"texture":"#0"},"east":{"uv":[4,1,6.828,2],"texture":"#0"},"south":{"uv":[4,1,6.828,2],"texture":"#0"},"west":{"uv":[4,1,6.828,2],"texture":"#0"},"up":{"uv":[4,1,6.828,2],"rotation":90,"texture":"#0"},"down":{"uv":[4,1,6.828,2],"rotation":90,"texture":"#0"}}},{"from":[-15.79289,8.15,13.5],"to":[-14.79289,8.85,16.32843],"rotation":{"angle":45,"axis":"y","origin":[-15.29289,8.5,14]},"faces":{"north":{"uv":[4,1,6.828,2],"texture":"#0"},"east":{"uv":[4,1,6.828,2],"texture":"#0"},"south":{"uv":[4,1,6.828,2],"texture":"#0"},"west":{"uv":[4,1,6.828,2],"texture":"#0"},"up":{"uv":[4,1,6.828,2],"rotation":90,"texture":"#0"},"down":{"uv":[4,1,6.828,2],"rotation":90,"texture":"#0"}}},{"from":[-15.79289,8.15,-0.32843],"to":[-14.79289,8.85,2.5],"rotation":{"angle":-45,"axis":"y","origin":[-15.29289,8.5,2]},"faces":{"north":{"uv":[4,1,6.828,2],"texture":"#0"},"east":{"uv":[4,1,6.828,2],"texture":"#0"},"south":{"uv":[4,1,6.828,2],"texture":"#0"},"west":{"uv":[4,1,6.828,2],"texture":"#0"},"up":{"uv":[4,1,6.828,2],"rotation":90,"texture":"#0"},"down":{"uv":[4,1,6.828,2],"rotation":90,"texture":"#0"}}},{"from":[-14,15,0],"to":[14,16,1],"rotation":{"angle":0,"axis":"y","origin":[8,23,8]},"faces":{"north":{"uv":[4,1,14,2],"texture":"#0"},"east":{"uv":[4,1,14,2],"texture":"#0"},"south":{"uv":[4,1,14,2],"texture":"#0"},"west":{"uv":[4,1,14,2],"texture":"#0"},"up":{"uv":[4,1,14,2],"texture":"#0"},"down":{"uv":[4,1,14,2],"texture":"#0"}}},{"from":[-14,15,15],"to":[14,16,16],"rotation":{"angle":0,"axis":"y","origin":[8,23,8]},"faces":{"north":{"uv":[4,1,14,2],"texture":"#0"},"east":{"uv":[4,1,14,2],"texture":"#0"},"south":{"uv":[4,1,14,2],"texture":"#0"},"west":{"uv":[4,1,14,2],"texture":"#0"},"up":{"uv":[4,1,14,2],"texture":"#0"},"down":{"uv":[4,1,14,2],"texture":"#0"}}},{"from":[-16,15,2],"to":[-15,16,14],"rotation":{"angle":0,"axis":"y","origin":[8,23,8]},"faces":{"north":{"uv":[5,1,13,2],"texture":"#0"},"east":{"uv":[5,1,13,2],"texture":"#0"},"south":{"uv":[5,1,13,2],"texture":"#0"},"west":{"uv":[5,1,13,2],"texture":"#0"},"up":{"uv":[5,1,13,2],"rotation":90,"texture":"#0"},"down":{"uv":[5,1,13,2],"rotation":90,"texture":"#0"}}},{"from":[15,15,2],"to":[16,16,14],"rotation":{"angle":0,"axis":"y","origin":[8,23,8]},"faces":{"north":{"uv":[5,1,13,2],"texture":"#0"},"east":{"uv":[5,1,13,2],"texture":"#0"},"south":{"uv":[5,1,13,2],"texture":"#0"},"west":{"uv":[5,1,13,2],"texture":"#0"},"up":{"uv":[5,1,13,2],"rotation":90,"texture":"#0"},"down":{"uv":[5,1,13,2],"rotation":90,"texture":"#0"}}},{"from":[13.5,15,0.20711],"to":[16.32843,16,1.20711],"rotation":{"angle":-45,"axis":"y","origin":[14,15.5,0.70711]},"faces":{"north":{"uv":[4,1,6.828,2],"texture":"#0"},"east":{"uv":[4,1,6.828,2],"texture":"#0"},"south":{"uv":[4,1,6.828,2],"texture":"#0"},"west":{"uv":[4,1,6.828,2],"texture":"#0"},"up":{"uv":[4,1,6.828,2],"texture":"#0"},"down":{"uv":[4,1,6.828,2],"texture":"#0"}}},{"from":[14.79289,15,13.5],"to":[15.79289,16,16.32843],"rotation":{"angle":-45,"axis":"y","origin":[15.29289,15.5,14]},"faces":{"north":{"uv":[4,1,6.828,2],"texture":"#0"},"east":{"uv":[4,1,6.828,2],"texture":"#0"},"south":{"uv":[4,1,6.828,2],"texture":"#0"},"west":{"uv":[4,1,6.828,2],"texture":"#0"},"up":{"uv":[4,1,6.828,2],"rotation":90,"texture":"#0"},"down":{"uv":[4,1,6.828,2],"rotation":90,"texture":"#0"}}},{"from":[-15.79289,15,13.5],"to":[-14.79289,16,16.32843],"rotation":{"angle":45,"axis":"y","origin":[-15.29289,15.5,14]},"faces":{"north":{"uv":[4,1,6.828,2],"texture":"#0"},"east":{"uv":[4,1,6.828,2],"texture":"#0"},"south":{"uv":[4,1,6.828,2],"texture":"#0"},"west":{"uv":[4,1,6.828,2],"texture":"#0"},"up":{"uv":[4,1,6.828,2],"rotation":90,"texture":"#0"},"down":{"uv":[4,1,6.828,2],"rotation":90,"texture":"#0"}}},{"from":[-15.79289,15,-0.32843],"to":[-14.79289,16,2.5],"rotation":{"angle":-45,"axis":"y","origin":[-15.29289,15.5,2]},"faces":{"north":{"uv":[4,1,6.828,2],"texture":"#0"},"east":{"uv":[4,1,6.828,2],"texture":"#0"},"south":{"uv":[4,1,6.828,2],"texture":"#0"},"west":{"uv":[4,1,6.828,2],"texture":"#0"},"up":{"uv":[4,1,6.828,2],"rotation":90,"texture":"#0"},"down":{"uv":[4,1,6.828,2],"rotation":90,"texture":"#0"}}},{"from":[12.25,1,0.25],"to":[12.75,16,0.75],"faces":{"north":{"uv":[0,3,1,14],"texture":"#0"},"east":{"uv":[0,3,1,14],"texture":"#0"},"south":{"uv":[0,3,1,14],"texture":"#0"},"west":{"uv":[0,3,1,14],"texture":"#0"},"up":{"uv":[0,3,1,14],"texture":"#0"},"down":{"uv":[0,3,1,14],"texture":"#0"}}},{"from":[-12.75,1,0.25],"to":[-12.25,16,0.75],"rotation":{"angle":0,"axis":"y","origin":[-8,8,8]},"faces":{"north":{"uv":[0,3,1,14],"texture":"#0"},"east":{"uv":[0,3,1,14],"texture":"#0"},"south":{"uv":[0,3,1,14],"texture":"#0"},"west":{"uv":[0,3,1,14],"texture":"#0"},"up":{"uv":[0,3,1,14],"texture":"#0"},"down":{"uv":[0,3,1,14],"texture":"#0"}}},{"from":[-0.25,1,0.25],"to":[0.25,16,0.75],"rotation":{"angle":0,"axis":"y","origin":[-8,8,8]},"faces":{"north":{"uv":[0,3,1,14],"texture":"#0"},"east":{"uv":[0,3,1,14],"texture":"#0"},"south":{"uv":[0,3,1,14],"texture":"#0"},"west":{"uv":[0,3,1,14],"texture":"#0"},"up":{"uv":[0,3,1,14],"texture":"#0"},"down":{"uv":[0,3,1,14],"texture":"#0"}}},{"from":[-0.25,1,15.25],"to":[0.25,16,15.75],"rotation":{"angle":0,"axis":"y","origin":[-8,8,8]},"faces":{"north":{"uv":[0,3,1,14],"texture":"#0"},"east":{"uv":[0,3,1,14],"texture":"#0"},"south":{"uv":[0,3,1,14],"texture":"#0"},"west":{"uv":[0,3,1,14],"texture":"#0"},"up":{"uv":[0,3,1,14],"texture":"#0"},"down":{"uv":[0,3,1,14],"texture":"#0"}}},{"from":[-4.5,1,0.25],"to":[-4,16,0.75],"rotation":{"angle":0,"axis":"y","origin":[-8.25,8,8]},"faces":{"north":{"uv":[0,3,1,14],"texture":"#0"},"east":{"uv":[0,3,1,14],"texture":"#0"},"south":{"uv":[0,3,1,14],"texture":"#0"},"west":{"uv":[0,3,1,14],"texture":"#0"},"up":{"uv":[0,3,1,14],"texture":"#0"},"down":{"uv":[0,3,1,14],"texture":"#0"}}},{"from":[-4.5,1,15.25],"to":[-4,16,15.75],"rotation":{"angle":0,"axis":"y","origin":[-8.25,8,8]},"faces":{"north":{"uv":[0,3,1,14],"texture":"#0"},"east":{"uv":[0,3,1,14],"texture":"#0"},"south":{"uv":[0,3,1,14],"texture":"#0"},"west":{"uv":[0,3,1,14],"texture":"#0"},"up":{"uv":[0,3,1,14],"texture":"#0"},"down":{"uv":[0,3,1,14],"texture":"#0"}}},{"from":[4,1,0.25],"to":[4.5,16,0.75],"rotation":{"angle":0,"axis":"y","origin":[8.25,8,8]},"faces":{"north":{"uv":[0,3,1,14],"texture":"#0"},"east":{"uv":[0,3,1,14],"texture":"#0"},"south":{"uv":[0,3,1,14],"texture":"#0"},"west":{"uv":[0,3,1,14],"texture":"#0"},"up":{"uv":[0,3,1,14],"texture":"#0"},"down":{"uv":[0,3,1,14],"texture":"#0"}}},{"from":[4,1,15.25],"to":[4.5,16,15.75],"rotation":{"angle":0,"axis":"y","origin":[8.25,8,8]},"faces":{"north":{"uv":[0,3,1,14],"texture":"#0"},"east":{"uv":[0,3,1,14],"texture":"#0"},"south":{"uv":[0,3,1,14],"texture":"#0"},"west":{"uv":[0,3,1,14],"texture":"#0"},"up":{"uv":[0,3,1,14],"texture":"#0"},"down":{"uv":[0,3,1,14],"texture":"#0"}}},{"from":[-8.75,1,0.25],"to":[-8.25,16,0.75],"rotation":{"angle":0,"axis":"y","origin":[-8.25,8,8]},"faces":{"north":{"uv":[0,3,1,14],"texture":"#0"},"east":{"uv":[0,3,1,14],"texture":"#0"},"south":{"uv":[0,3,1,14],"texture":"#0"},"west":{"uv":[0,3,1,14],"texture":"#0"},"up":{"uv":[0,3,1,14],"texture":"#0"},"down":{"uv":[0,3,1,14],"texture":"#0"}}},{"from":[-8.75,1,15.25],"to":[-8.25,16,15.75],"rotation":{"angle":0,"axis":"y","origin":[-8.25,8,8]},"faces":{"north":{"uv":[0,3,1,14],"texture":"#0"},"east":{"uv":[0,3,1,14],"texture":"#0"},"south":{"uv":[0,3,1,14],"texture":"#0"},"west":{"uv":[0,3,1,14],"texture":"#0"},"up":{"uv":[0,3,1,14],"texture":"#0"},"down":{"uv":[0,3,1,14],"texture":"#0"}}},{"from":[8.25,1,0.25],"to":[8.75,16,0.75],"rotation":{"angle":0,"axis":"y","origin":[8.25,8,8]},"faces":{"north":{"uv":[0,3,1,14],"texture":"#0"},"east":{"uv":[0,3,1,14],"texture":"#0"},"south":{"uv":[0,3,1,14],"texture":"#0"},"west":{"uv":[0,3,1,14],"texture":"#0"},"up":{"uv":[0,3,1,14],"texture":"#0"},"down":{"uv":[0,3,1,14],"texture":"#0"}}},{"from":[8.25,1,15.25],"to":[8.75,16,15.75],"rotation":{"angle":0,"axis":"y","origin":[8.25,8,8]},"faces":{"north":{"uv":[0,3,1,14],"texture":"#0"},"east":{"uv":[0,3,1,14],"texture":"#0"},"south":{"uv":[0,3,1,14],"texture":"#0"},"west":{"uv":[0,3,1,14],"texture":"#0"},"up":{"uv":[0,3,1,14],"texture":"#0"},"down":{"uv":[0,3,1,14],"texture":"#0"}}},{"from":[15.25,1,3.25],"to":[15.75,16,3.75],"faces":{"north":{"uv":[0,3,1,14],"texture":"#0"},"east":{"uv":[0,3,1,14],"texture":"#0"},"south":{"uv":[0,3,1,14],"texture":"#0"},"west":{"uv":[0,3,1,14],"texture":"#0"},"up":{"uv":[0,3,1,14],"texture":"#0"},"down":{"uv":[0,3,1,14],"texture":"#0"}}},{"from":[15.25,1,6.25],"to":[15.75,16,6.75],"faces":{"north":{"uv":[0,3,1,14],"texture":"#0"},"east":{"uv":[0,3,1,14],"texture":"#0"},"south":{"uv":[0,3,1,14],"texture":"#0"},"west":{"uv":[0,3,1,14],"texture":"#0"},"up":{"uv":[0,3,1,14],"texture":"#0"},"down":{"uv":[0,3,1,14],"texture":"#0"}}},{"from":[-15.75,1,6.25],"to":[-15.25,16,6.75],"rotation":{"angle":0,"axis":"y","origin":[-8,8,8]},"faces":{"north":{"uv":[0,3,1,14],"texture":"#0"},"east":{"uv":[0,3,1,14],"texture":"#0"},"south":{"uv":[0,3,1,14],"texture":"#0"},"west":{"uv":[0,3,1,14],"texture":"#0"},"up":{"uv":[0,3,1,14],"texture":"#0"},"down":{"uv":[0,3,1,14],"texture":"#0"}}},{"from":[15.25,1,9.25],"to":[15.75,16,9.75],"faces":{"north":{"uv":[0,3,1,14],"texture":"#0"},"east":{"uv":[0,3,1,14],"texture":"#0"},"south":{"uv":[0,3,1,14],"texture":"#0"},"west":{"uv":[0,3,1,14],"texture":"#0"},"up":{"uv":[0,3,1,14],"texture":"#0"},"down":{"uv":[0,3,1,14],"texture":"#0"}}},{"from":[-15.75,1,9.25],"to":[-15.25,16,9.75],"rotation":{"angle":0,"axis":"y","origin":[-8,8,8]},"faces":{"north":{"uv":[0,3,1,14],"texture":"#0"},"east":{"uv":[0,3,1,14],"texture":"#0"},"south":{"uv":[0,3,1,14],"texture":"#0"},"west":{"uv":[0,3,1,14],"texture":"#0"},"up":{"uv":[0,3,1,14],"texture":"#0"},"down":{"uv":[0,3,1,14],"texture":"#0"}}},{"from":[-15.75,1,3.25],"to":[-15.25,16,3.75],"rotation":{"angle":0,"axis":"y","origin":[-8,8,8]},"faces":{"north":{"uv":[0,3,1,14],"texture":"#0"},"east":{"uv":[0,3,1,14],"texture":"#0"},"south":{"uv":[0,3,1,14],"texture":"#0"},"west":{"uv":[0,3,1,14],"texture":"#0"},"up":{"uv":[0,3,1,14],"texture":"#0"},"down":{"uv":[0,3,1,14],"texture":"#0"}}},{"from":[12.25,1,15.25],"to":[12.75,16,15.75],"faces":{"north":{"uv":[0,3,1,14],"texture":"#0"},"east":{"uv":[0,3,1,14],"texture":"#0"},"south":{"uv":[0,3,1,14],"texture":"#0"},"west":{"uv":[0,3,1,14],"texture":"#0"},"up":{"uv":[0,3,1,14],"texture":"#0"},"down":{"uv":[0,3,1,14],"texture":"#0"}}},{"from":[-12.75,1,15.25],"to":[-12.25,16,15.75],"rotation":{"angle":0,"axis":"y","origin":[-8,8,8]},"faces":{"north":{"uv":[0,3,1,14],"texture":"#0"},"east":{"uv":[0,3,1,14],"texture":"#0"},"south":{"uv":[0,3,1,14],"texture":"#0"},"west":{"uv":[0,3,1,14],"texture":"#0"},"up":{"uv":[0,3,1,14],"texture":"#0"},"down":{"uv":[0,3,1,14],"texture":"#0"}}},{"from":[15.25,1,12.25],"to":[15.75,16,12.75],"faces":{"north":{"uv":[0,3,1,14],"texture":"#0"},"east":{"uv":[0,3,1,14],"texture":"#0"},"south":{"uv":[0,3,1,14],"texture":"#0"},"west":{"uv":[0,3,1,14],"texture":"#0"},"up":{"uv":[0,3,1,14],"texture":"#0"},"down":{"uv":[0,3,1,14],"texture":"#0"}}},{"from":[-15.75,1,12.25],"to":[-15.25,16,12.75],"rotation":{"angle":0,"axis":"y","origin":[-8,8,8]},"faces":{"north":{"uv":[0,3,1,14],"texture":"#0"},"east":{"uv":[0,3,1,14],"texture":"#0"},"south":{"uv":[0,3,1,14],"texture":"#0"},"west":{"uv":[0,3,1,14],"texture":"#0"},"up":{"uv":[0,3,1,14],"texture":"#0"},"down":{"uv":[0,3,1,14],"texture":"#0"}}},{"from":[-14,0.1,1],"to":[0,0.1,15.15],"faces":{"north":{"uv":[0,0,14,0],"texture":"#1"},"east":{"uv":[0,0,14.15,0],"texture":"#1"},"south":{"uv":[0,0,14,0],"texture":"#1"},"west":{"uv":[0,0,14.15,0],"texture":"#1"},"up":{"uv":[0,0,14,14.15],"texture":"#1"},"down":{"uv":[0,0,14,14.15],"texture":"#1"}}},{"from":[0,0.1,1],"to":[14,0.1,15.15],"rotation":{"angle":0,"axis":"y","origin":[-8,8,8]},"faces":{"north":{"uv":[1,0,15,0],"texture":"#1"},"east":{"uv":[1.85,0,16,0],"texture":"#1"},"south":{"uv":[1,0,15,0],"texture":"#1"},"west":{"uv":[1.85,0,16,0],"texture":"#1"},"up":{"uv":[1,0,15,14.15],"texture":"#1"},"down":{"uv":[1,0,15,14.15],"texture":"#1"}}},{"from":[-15,0.1,1.25],"to":[-14,0.1,14.75],"faces":{"north":{"uv":[0,0,1,0],"texture":"#1"},"east":{"uv":[0,0,13.5,0],"texture":"#1"},"south":{"uv":[0,0,1,0],"texture":"#1"},"west":{"uv":[0,0,13.5,0],"texture":"#1"},"up":{"uv":[0,0,1,13.5],"texture":"#1"},"down":{"uv":[0,0,1,13.5],"texture":"#1"}}},{"from":[14,0.1,1.25],"to":[15,0.1,14.75],"faces":{"north":{"uv":[0,0,1,0],"texture":"#1"},"east":{"uv":[0,0,13.5,0],"texture":"#1"},"south":{"uv":[0,0,1,0],"texture":"#1"},"west":{"uv":[0,0,13.5,0],"texture":"#1"},"up":{"uv":[0,0,1,13.5],"texture":"#1"},"down":{"uv":[0,0,1,13.5],"texture":"#1"}}},{"from":[12.25,16,0.25],"to":[12.75,18,0.75],"rotation":{"angle":0,"axis":"y","origin":[8,24,8]},"faces":{"north":{"uv":[0,3,1,8],"texture":"#0"},"east":{"uv":[0,3,1,8],"texture":"#0"},"south":{"uv":[0,3,1,8],"texture":"#0"},"west":{"uv":[0,3,1,8],"texture":"#0"},"up":{"uv":[0,3,1,8],"texture":"#0"},"down":{"uv":[0,3,1,8],"texture":"#0"}}},{"from":[12.25,16,15.25],"to":[12.75,18,15.75],"rotation":{"angle":0,"axis":"y","origin":[8,24,8]},"faces":{"north":{"uv":[0,3,1,8],"texture":"#0"},"east":{"uv":[0,3,1,8],"texture":"#0"},"south":{"uv":[0,3,1,8],"texture":"#0"},"west":{"uv":[0,3,1,8],"texture":"#0"},"up":{"uv":[0,3,1,8],"texture":"#0"},"down":{"uv":[0,3,1,8],"texture":"#0"}}},{"from":[8.25,16,0.25],"to":[8.75,18,0.75],"rotation":{"angle":0,"axis":"y","origin":[8.25,24,8]},"faces":{"north":{"uv":[0,3,1,8],"texture":"#0"},"east":{"uv":[0,3,1,8],"texture":"#0"},"south":{"uv":[0,3,1,8],"texture":"#0"},"west":{"uv":[0,3,1,8],"texture":"#0"},"up":{"uv":[0,3,1,8],"texture":"#0"},"down":{"uv":[0,3,1,8],"texture":"#0"}}},{"from":[15.25,16,12.25],"to":[15.75,18,12.75],"rotation":{"angle":0,"axis":"y","origin":[8,24,12.25]},"faces":{"north":{"uv":[0,3,1,8],"texture":"#0"},"east":{"uv":[0,3,1,8],"texture":"#0"},"south":{"uv":[0,3,1,8],"texture":"#0"},"west":{"uv":[0,3,1,8],"texture":"#0"},"up":{"uv":[0,3,1,8],"texture":"#0"},"down":{"uv":[0,3,1,8],"texture":"#0"}}},{"from":[-15.75,16,12.25],"to":[-15.25,18,12.75],"rotation":{"angle":0,"axis":"y","origin":[-8,24,12.25]},"faces":{"north":{"uv":[0,3,1,8],"texture":"#0"},"east":{"uv":[0,3,1,8],"texture":"#0"},"south":{"uv":[0,3,1,8],"texture":"#0"},"west":{"uv":[0,3,1,8],"texture":"#0"},"up":{"uv":[0,3,1,8],"texture":"#0"},"down":{"uv":[0,3,1,8],"texture":"#0"}}},{"from":[15.25,16,9.25],"to":[15.75,18,9.75],"rotation":{"angle":0,"axis":"y","origin":[8,24,9.25]},"faces":{"north":{"uv":[0,3,1,8],"texture":"#0"},"east":{"uv":[0,3,1,8],"texture":"#0"},"south":{"uv":[0,3,1,8],"texture":"#0"},"west":{"uv":[0,3,1,8],"texture":"#0"},"up":{"uv":[0,3,1,8],"texture":"#0"},"down":{"uv":[0,3,1,8],"texture":"#0"}}},{"from":[-15.75,16,9.25],"to":[-15.25,18,9.75],"rotation":{"angle":0,"axis":"y","origin":[-8,24,9.25]},"faces":{"north":{"uv":[0,3,1,8],"texture":"#0"},"east":{"uv":[0,3,1,8],"texture":"#0"},"south":{"uv":[0,3,1,8],"texture":"#0"},"west":{"uv":[0,3,1,8],"texture":"#0"},"up":{"uv":[0,3,1,8],"texture":"#0"},"down":{"uv":[0,3,1,8],"texture":"#0"}}},{"from":[15.25,16,6.25],"to":[15.75,18,6.75],"rotation":{"angle":0,"axis":"y","origin":[8,24,6.25]},"faces":{"north":{"uv":[0,3,1,8],"texture":"#0"},"east":{"uv":[0,3,1,8],"texture":"#0"},"south":{"uv":[0,3,1,8],"texture":"#0"},"west":{"uv":[0,3,1,8],"texture":"#0"},"up":{"uv":[0,3,1,8],"texture":"#0"},"down":{"uv":[0,3,1,8],"texture":"#0"}}},{"from":[-15.75,16,6.25],"to":[-15.25,18,6.75],"rotation":{"angle":0,"axis":"y","origin":[-8,24,6.25]},"faces":{"north":{"uv":[0,3,1,8],"texture":"#0"},"east":{"uv":[0,3,1,8],"texture":"#0"},"south":{"uv":[0,3,1,8],"texture":"#0"},"west":{"uv":[0,3,1,8],"texture":"#0"},"up":{"uv":[0,3,1,8],"texture":"#0"},"down":{"uv":[0,3,1,8],"texture":"#0"}}},{"from":[15.25,16,3.25],"to":[15.75,18,3.75],"rotation":{"angle":0,"axis":"y","origin":[8,24,3.25]},"faces":{"north":{"uv":[0,3,1,8],"texture":"#0"},"east":{"uv":[0,3,1,8],"texture":"#0"},"south":{"uv":[0,3,1,8],"texture":"#0"},"west":{"uv":[0,3,1,8],"texture":"#0"},"up":{"uv":[0,3,1,8],"texture":"#0"},"down":{"uv":[0,3,1,8],"texture":"#0"}}},{"from":[-15.75,16,3.25],"to":[-15.25,18,3.75],"rotation":{"angle":0,"axis":"y","origin":[-8,24,3.25]},"faces":{"north":{"uv":[0,3,1,8],"texture":"#0"},"east":{"uv":[0,3,1,8],"texture":"#0"},"south":{"uv":[0,3,1,8],"texture":"#0"},"west":{"uv":[0,3,1,8],"texture":"#0"},"up":{"uv":[0,3,1,8],"texture":"#0"},"down":{"uv":[0,3,1,8],"texture":"#0"}}},{"from":[8.25,16,15.25],"to":[8.75,18,15.75],"rotation":{"angle":0,"axis":"y","origin":[8.25,24,8]},"faces":{"north":{"uv":[0,3,1,8],"texture":"#0"},"east":{"uv":[0,3,1,8],"texture":"#0"},"south":{"uv":[0,3,1,8],"texture":"#0"},"west":{"uv":[0,3,1,8],"texture":"#0"},"up":{"uv":[0,3,1,8],"texture":"#0"},"down":{"uv":[0,3,1,8],"texture":"#0"}}},{"from":[4,16,0.25],"to":[4.5,18,0.75],"rotation":{"angle":0,"axis":"y","origin":[8.25,24,8]},"faces":{"north":{"uv":[0,3,1,8],"texture":"#0"},"east":{"uv":[0,3,1,8],"texture":"#0"},"south":{"uv":[0,3,1,8],"texture":"#0"},"west":{"uv":[0,3,1,8],"texture":"#0"},"up":{"uv":[0,3,1,8],"texture":"#0"},"down":{"uv":[0,3,1,8],"texture":"#0"}}},{"from":[4,16,15.25],"to":[4.5,18,15.75],"rotation":{"angle":0,"axis":"y","origin":[8.25,24,8]},"faces":{"north":{"uv":[0,3,1,8],"texture":"#0"},"east":{"uv":[0,3,1,8],"texture":"#0"},"south":{"uv":[0,3,1,8],"texture":"#0"},"west":{"uv":[0,3,1,8],"texture":"#0"},"up":{"uv":[0,3,1,8],"texture":"#0"},"down":{"uv":[0,3,1,8],"texture":"#0"}}},{"from":[-0.25,16,0.25],"to":[0.25,18,0.75],"rotation":{"angle":0,"axis":"y","origin":[-8,24,8]},"faces":{"north":{"uv":[0,3,1,8],"texture":"#0"},"east":{"uv":[0,3,1,8],"texture":"#0"},"south":{"uv":[0,3,1,8],"texture":"#0"},"west":{"uv":[0,3,1,8],"texture":"#0"},"up":{"uv":[0,3,1,8],"texture":"#0"},"down":{"uv":[0,3,1,8],"texture":"#0"}}},{"from":[-0.25,16,15.25],"to":[0.25,18,15.75],"rotation":{"angle":0,"axis":"y","origin":[-8,24,8]},"faces":{"north":{"uv":[0,3,1,8],"texture":"#0"},"east":{"uv":[0,3,1,8],"texture":"#0"},"south":{"uv":[0,3,1,8],"texture":"#0"},"west":{"uv":[0,3,1,8],"texture":"#0"},"up":{"uv":[0,3,1,8],"texture":"#0"},"down":{"uv":[0,3,1,8],"texture":"#0"}}},{"from":[-4.5,16,0.25],"to":[-4,18,0.75],"rotation":{"angle":0,"axis":"y","origin":[-8.25,24,8]},"faces":{"north":{"uv":[0,3,1,8],"texture":"#0"},"east":{"uv":[0,3,1,8],"texture":"#0"},"south":{"uv":[0,3,1,8],"texture":"#0"},"west":{"uv":[0,3,1,8],"texture":"#0"},"up":{"uv":[0,3,1,8],"texture":"#0"},"down":{"uv":[0,3,1,8],"texture":"#0"}}},{"from":[-4.5,16,15.25],"to":[-4,18,15.75],"rotation":{"angle":0,"axis":"y","origin":[-8.25,24,8]},"faces":{"north":{"uv":[0,3,1,8],"texture":"#0"},"east":{"uv":[0,3,1,8],"texture":"#0"},"south":{"uv":[0,3,1,8],"texture":"#0"},"west":{"uv":[0,3,1,8],"texture":"#0"},"up":{"uv":[0,3,1,8],"texture":"#0"},"down":{"uv":[0,3,1,8],"texture":"#0"}}},{"from":[-8.75,16,0.25],"to":[-8.25,18,0.75],"rotation":{"angle":0,"axis":"y","origin":[-8.25,24,8]},"faces":{"north":{"uv":[0,3,1,8],"texture":"#0"},"east":{"uv":[0,3,1,8],"texture":"#0"},"south":{"uv":[0,3,1,8],"texture":"#0"},"west":{"uv":[0,3,1,8],"texture":"#0"},"up":{"uv":[0,3,1,8],"texture":"#0"},"down":{"uv":[0,3,1,8],"texture":"#0"}}},{"from":[-8.75,16,15.25],"to":[-8.25,18,15.75],"rotation":{"angle":0,"axis":"y","origin":[-8.25,24,8]},"faces":{"north":{"uv":[0,3,1,8],"texture":"#0"},"east":{"uv":[0,3,1,8],"texture":"#0"},"south":{"uv":[0,3,1,8],"texture":"#0"},"west":{"uv":[0,3,1,8],"texture":"#0"},"up":{"uv":[0,3,1,8],"texture":"#0"},"down":{"uv":[0,3,1,8],"texture":"#0"}}},{"from":[-12.75,16,0.25],"to":[-12.25,18,0.75],"rotation":{"angle":0,"axis":"y","origin":[-8,24,8]},"faces":{"north":{"uv":[0,3,1,8],"texture":"#0"},"east":{"uv":[0,3,1,8],"texture":"#0"},"south":{"uv":[0,3,1,8],"texture":"#0"},"west":{"uv":[0,3,1,8],"texture":"#0"},"up":{"uv":[0,3,1,8],"texture":"#0"},"down":{"uv":[0,3,1,8],"texture":"#0"}}},{"from":[-12.75,16,15.25],"to":[-12.25,18,15.75],"rotation":{"angle":0,"axis":"y","origin":[-8,24,8]},"faces":{"north":{"uv":[0,3,1,8],"texture":"#0"},"east":{"uv":[0,3,1,8],"texture":"#0"},"south":{"uv":[0,3,1,8],"texture":"#0"},"west":{"uv":[0,3,1,8],"texture":"#0"},"up":{"uv":[0,3,1,8],"texture":"#0"},"down":{"uv":[0,3,1,8],"texture":"#0"}}},{"from":[-12.75,17.53033,0.88388],"to":[-12.25,20.53033,1.38388],"rotation":{"angle":45,"axis":"x","origin":[0,18.53033,1.13388]},"faces":{"north":{"uv":[0,3,1,8],"texture":"#0"},"east":{"uv":[0,3,1,8],"texture":"#0"},"south":{"uv":[0,3,1,8],"texture":"#0"},"west":{"uv":[0,3,1,8],"texture":"#0"},"up":{"uv":[0,3,1,8],"texture":"#0"},"down":{"uv":[0,3,1,8],"texture":"#0"}}},{"from":[-12.75,17.53033,14.61612],"to":[-12.25,20.53033,15.11612],"rotation":{"angle":-45,"axis":"x","origin":[0,18.53033,14.86612]},"faces":{"north":{"uv":[0,3,1,8],"texture":"#0"},"east":{"uv":[0,3,1,8],"texture":"#0"},"south":{"uv":[0,3,1,8],"texture":"#0"},"west":{"uv":[0,3,1,8],"texture":"#0"},"up":{"uv":[0,3,1,8],"texture":"#0"},"down":{"uv":[0,3,1,8],"texture":"#0"}}},{"from":[-8.75,17.53033,0.88388],"to":[-8.25,20.53033,1.38388],"rotation":{"angle":45,"axis":"x","origin":[0,18.53033,1.13388]},"faces":{"north":{"uv":[0,3,1,8],"texture":"#0"},"east":{"uv":[0,3,1,8],"texture":"#0"},"south":{"uv":[0,3,1,8],"texture":"#0"},"west":{"uv":[0,3,1,8],"texture":"#0"},"up":{"uv":[0,3,1,8],"texture":"#0"},"down":{"uv":[0,3,1,8],"texture":"#0"}}},{"from":[-8.75,17.53033,14.61612],"to":[-8.25,20.53033,15.11612],"rotation":{"angle":-45,"axis":"x","origin":[0,18.53033,14.86612]},"faces":{"north":{"uv":[0,3,1,8],"texture":"#0"},"east":{"uv":[0,3,1,8],"texture":"#0"},"south":{"uv":[0,3,1,8],"texture":"#0"},"west":{"uv":[0,3,1,8],"texture":"#0"},"up":{"uv":[0,3,1,8],"texture":"#0"},"down":{"uv":[0,3,1,8],"texture":"#0"}}},{"from":[-4.5,17.53033,0.88388],"to":[-4,20.53033,1.38388],"rotation":{"angle":45,"axis":"x","origin":[0,18.53033,1.13388]},"faces":{"north":{"uv":[0,3,1,8],"texture":"#0"},"east":{"uv":[0,3,1,8],"texture":"#0"},"south":{"uv":[0,3,1,8],"texture":"#0"},"west":{"uv":[0,3,1,8],"texture":"#0"},"up":{"uv":[0,3,1,8],"texture":"#0"},"down":{"uv":[0,3,1,8],"texture":"#0"}}},{"from":[-4.5,17.53033,14.61612],"to":[-4,20.53033,15.11612],"rotation":{"angle":-45,"axis":"x","origin":[0,18.53033,14.86612]},"faces":{"north":{"uv":[0,3,1,8],"texture":"#0"},"east":{"uv":[0,3,1,8],"texture":"#0"},"south":{"uv":[0,3,1,8],"texture":"#0"},"west":{"uv":[0,3,1,8],"texture":"#0"},"up":{"uv":[0,3,1,8],"texture":"#0"},"down":{"uv":[0,3,1,8],"texture":"#0"}}},{"from":[-0.25,17.53033,0.88388],"to":[0.25,20.53033,1.38388],"rotation":{"angle":45,"axis":"x","origin":[0,18.53033,1.13388]},"faces":{"north":{"uv":[0,3,1,8],"texture":"#0"},"east":{"uv":[0,3,1,8],"texture":"#0"},"south":{"uv":[0,3,1,8],"texture":"#0"},"west":{"uv":[0,3,1,8],"texture":"#0"},"up":{"uv":[0,3,1,8],"texture":"#0"},"down":{"uv":[0,3,1,8],"texture":"#0"}}},{"from":[-0.25,17.53033,14.61612],"to":[0.25,20.53033,15.11612],"rotation":{"angle":-45,"axis":"x","origin":[0,18.53033,14.86612]},"faces":{"north":{"uv":[0,3,1,8],"texture":"#0"},"east":{"uv":[0,3,1,8],"texture":"#0"},"south":{"uv":[0,3,1,8],"texture":"#0"},"west":{"uv":[0,3,1,8],"texture":"#0"},"up":{"uv":[0,3,1,8],"texture":"#0"},"down":{"uv":[0,3,1,8],"texture":"#0"}}},{"from":[4,17.53033,0.88388],"to":[4.5,20.53033,1.38388],"rotation":{"angle":45,"axis":"x","origin":[0,18.53033,1.13388]},"faces":{"north":{"uv":[0,3,1,8],"texture":"#0"},"east":{"uv":[0,3,1,8],"texture":"#0"},"south":{"uv":[0,3,1,8],"texture":"#0"},"west":{"uv":[0,3,1,8],"texture":"#0"},"up":{"uv":[0,3,1,8],"texture":"#0"},"down":{"uv":[0,3,1,8],"texture":"#0"}}},{"from":[4,17.53033,14.61612],"to":[4.5,20.53033,15.11612],"rotation":{"angle":-45,"axis":"x","origin":[0,18.53033,14.86612]},"faces":{"north":{"uv":[0,3,1,8],"texture":"#0"},"east":{"uv":[0,3,1,8],"texture":"#0"},"south":{"uv":[0,3,1,8],"texture":"#0"},"west":{"uv":[0,3,1,8],"texture":"#0"},"up":{"uv":[0,3,1,8],"texture":"#0"},"down":{"uv":[0,3,1,8],"texture":"#0"}}},{"from":[8.25,17.53033,0.88388],"to":[8.75,20.53033,1.38388],"rotation":{"angle":45,"axis":"x","origin":[0,18.53033,1.13388]},"faces":{"north":{"uv":[0,3,1,8],"texture":"#0"},"east":{"uv":[0,3,1,8],"texture":"#0"},"south":{"uv":[0,3,1,8],"texture":"#0"},"west":{"uv":[0,3,1,8],"texture":"#0"},"up":{"uv":[0,3,1,8],"texture":"#0"},"down":{"uv":[0,3,1,8],"texture":"#0"}}},{"from":[14.61612,17.53033,12.25],"to":[15.11612,20.53033,12.75],"rotation":{"angle":45,"axis":"z","origin":[14.86612,18.53033,4]},"faces":{"north":{"uv":[0,3,1,8],"texture":"#0"},"east":{"uv":[0,3,1,8],"texture":"#0"},"south":{"uv":[0,3,1,8],"texture":"#0"},"west":{"uv":[0,3,1,8],"texture":"#0"},"up":{"uv":[0,3,1,8],"texture":"#0"},"down":{"uv":[0,3,1,8],"texture":"#0"}}},{"from":[-15.11612,17.53033,12.25],"to":[-14.61612,20.53033,12.75],"rotation":{"angle":-45,"axis":"z","origin":[-14.86612,18.53033,4]},"faces":{"north":{"uv":[0,3,1,8],"texture":"#0"},"east":{"uv":[0,3,1,8],"texture":"#0"},"south":{"uv":[0,3,1,8],"texture":"#0"},"west":{"uv":[0,3,1,8],"texture":"#0"},"up":{"uv":[0,3,1,8],"texture":"#0"},"down":{"uv":[0,3,1,8],"texture":"#0"}}},{"from":[14.61612,17.53033,9.25],"to":[15.11612,20.53033,9.75],"rotation":{"angle":45,"axis":"z","origin":[14.86612,18.53033,1]},"faces":{"north":{"uv":[0,3,1,8],"texture":"#0"},"east":{"uv":[0,3,1,8],"texture":"#0"},"south":{"uv":[0,3,1,8],"texture":"#0"},"west":{"uv":[0,3,1,8],"texture":"#0"},"up":{"uv":[0,3,1,8],"texture":"#0"},"down":{"uv":[0,3,1,8],"texture":"#0"}}},{"from":[-15.11612,17.53033,9.25],"to":[-14.61612,20.53033,9.75],"rotation":{"angle":-45,"axis":"z","origin":[-14.86612,18.53033,1]},"faces":{"north":{"uv":[0,3,1,8],"texture":"#0"},"east":{"uv":[0,3,1,8],"texture":"#0"},"south":{"uv":[0,3,1,8],"texture":"#0"},"west":{"uv":[0,3,1,8],"texture":"#0"},"up":{"uv":[0,3,1,8],"texture":"#0"},"down":{"uv":[0,3,1,8],"texture":"#0"}}},{"from":[14.61612,17.53033,6.25],"to":[15.11612,20.53033,6.75],"rotation":{"angle":45,"axis":"z","origin":[14.86612,18.53033,-2]},"faces":{"north":{"uv":[0,3,1,8],"texture":"#0"},"east":{"uv":[0,3,1,8],"texture":"#0"},"south":{"uv":[0,3,1,8],"texture":"#0"},"west":{"uv":[0,3,1,8],"texture":"#0"},"up":{"uv":[0,3,1,8],"texture":"#0"},"down":{"uv":[0,3,1,8],"texture":"#0"}}},{"from":[-15.11612,17.53033,6.25],"to":[-14.61612,20.53033,6.75],"rotation":{"angle":-45,"axis":"z","origin":[-14.86612,18.53033,-2]},"faces":{"north":{"uv":[0,3,1,8],"texture":"#0"},"east":{"uv":[0,3,1,8],"texture":"#0"},"south":{"uv":[0,3,1,8],"texture":"#0"},"west":{"uv":[0,3,1,8],"texture":"#0"},"up":{"uv":[0,3,1,8],"texture":"#0"},"down":{"uv":[0,3,1,8],"texture":"#0"}}},{"from":[14.61612,17.53033,3.25],"to":[15.11612,20.53033,3.75],"rotation":{"angle":45,"axis":"z","origin":[14.86612,18.53033,-5]},"faces":{"north":{"uv":[0,3,1,8],"texture":"#0"},"east":{"uv":[0,3,1,8],"texture":"#0"},"south":{"uv":[0,3,1,8],"texture":"#0"},"west":{"uv":[0,3,1,8],"texture":"#0"},"up":{"uv":[0,3,1,8],"texture":"#0"},"down":{"uv":[0,3,1,8],"texture":"#0"}}},{"from":[-15.11612,17.53033,3.25],"to":[-14.61612,20.53033,3.75],"rotation":{"angle":-45,"axis":"z","origin":[-14.86612,18.53033,-5]},"faces":{"north":{"uv":[0,3,1,8],"texture":"#0"},"east":{"uv":[0,3,1,8],"texture":"#0"},"south":{"uv":[0,3,1,8],"texture":"#0"},"west":{"uv":[0,3,1,8],"texture":"#0"},"up":{"uv":[0,3,1,8],"texture":"#0"},"down":{"uv":[0,3,1,8],"texture":"#0"}}},{"from":[8.25,17.53033,14.61612],"to":[8.75,20.53033,15.11612],"rotation":{"angle":-45,"axis":"x","origin":[0,18.53033,14.86612]},"faces":{"north":{"uv":[0,3,1,8],"texture":"#0"},"east":{"uv":[0,3,1,8],"texture":"#0"},"south":{"uv":[0,3,1,8],"texture":"#0"},"west":{"uv":[0,3,1,8],"texture":"#0"},"up":{"uv":[0,3,1,8],"texture":"#0"},"down":{"uv":[0,3,1,8],"texture":"#0"}}},{"from":[12.25,17.53033,0.88388],"to":[12.75,20.53033,1.38388],"rotation":{"angle":45,"axis":"x","origin":[0,18.53033,1.13388]},"faces":{"north":{"uv":[0,3,1,8],"texture":"#0"},"east":{"uv":[0,3,1,8],"texture":"#0"},"south":{"uv":[0,3,1,8],"texture":"#0"},"west":{"uv":[0,3,1,8],"texture":"#0"},"up":{"uv":[0,3,1,8],"texture":"#0"},"down":{"uv":[0,3,1,8],"texture":"#0"}}},{"from":[12.25,17.53033,14.61612],"to":[12.75,20.53033,15.11612],"rotation":{"angle":-45,"axis":"x","origin":[0,18.53033,14.86612]},"faces":{"north":{"uv":[0,3,1,8],"texture":"#0"},"east":{"uv":[0,3,1,8],"texture":"#0"},"south":{"uv":[0,3,1,8],"texture":"#0"},"west":{"uv":[0,3,1,8],"texture":"#0"},"up":{"uv":[0,3,1,8],"texture":"#0"},"down":{"uv":[0,3,1,8],"texture":"#0"}}},{"from":[-13.73633,19.21367,3.25],"to":[-13.23633,20.46367,12.75],"rotation":{"angle":0,"axis":"z","origin":[-13.73633,19.46367,3.5]},"faces":{"north":{"uv":[5,1,13,2],"texture":"#0"},"east":{"uv":[5,1,13,2],"texture":"#0"},"south":{"uv":[5,1,13,2],"texture":"#0"},"west":{"uv":[5,1,13,2],"texture":"#0"},"up":{"uv":[5,1,13,2],"rotation":90,"texture":"#0"},"down":{"uv":[5,1,13,2],"texture":"#0"}}},{"from":[-12.92678,19.21367,2.19045],"to":[-12.42678,20.46367,3.58533],"rotation":{"angle":-45,"axis":"y","origin":[-12.92678,19.46367,2.44045]},"faces":{"north":{"uv":[1,5,2,7],"rotation":90,"texture":"#0"},"east":{"uv":[1,5,2,7],"rotation":90,"texture":"#0"},"south":{"uv":[1,5,2,7],"rotation":90,"texture":"#0"},"west":{"uv":[1,5,2,7],"rotation":90,"texture":"#0"},"up":{"uv":[1,5,2,7],"rotation":90,"texture":"#0"},"down":{"uv":[1,5,2,7],"rotation":90,"texture":"#0"}}},{"from":[12.42678,19.21367,2.19045],"to":[12.92678,20.46367,3.58533],"rotation":{"angle":45,"axis":"y","origin":[12.92678,19.46367,2.44045]},"faces":{"north":{"uv":[1,5,2,7],"rotation":90,"texture":"#0"},"east":{"uv":[1,5,2,7],"rotation":90,"texture":"#0"},"south":{"uv":[1,5,2,7],"rotation":90,"texture":"#0"},"west":{"uv":[1,5,2,7],"rotation":90,"texture":"#0"},"up":{"uv":[1,5,2,7],"rotation":90,"texture":"#0"},"down":{"uv":[1,5,2,7],"rotation":90,"texture":"#0"}}},{"from":[-12.92678,19.21367,12.41467],"to":[-12.42678,20.46367,13.80955],"rotation":{"angle":45,"axis":"y","origin":[-12.92678,19.46367,13.55955]},"faces":{"north":{"uv":[1,5,2,7],"rotation":90,"texture":"#0"},"east":{"uv":[1,5,2,7],"rotation":90,"texture":"#0"},"south":{"uv":[1,5,2,7],"rotation":90,"texture":"#0"},"west":{"uv":[1,5,2,7],"rotation":90,"texture":"#0"},"up":{"uv":[1,5,2,7],"rotation":90,"texture":"#0"},"down":{"uv":[1,5,2,7],"rotation":90,"texture":"#0"}}},{"from":[12.42678,19.21367,12.41467],"to":[12.92678,20.46367,13.80955],"rotation":{"angle":-45,"axis":"y","origin":[12.92678,19.46367,13.55955]},"faces":{"north":{"uv":[1,5,2,7],"rotation":90,"texture":"#0"},"east":{"uv":[1,5,2,7],"rotation":90,"texture":"#0"},"south":{"uv":[1,5,2,7],"rotation":90,"texture":"#0"},"west":{"uv":[1,5,2,7],"rotation":90,"texture":"#0"},"up":{"uv":[1,5,2,7],"rotation":90,"texture":"#0"},"down":{"uv":[1,5,2,7],"rotation":90,"texture":"#0"}}},{"from":[13.26367,19.21367,3.25],"to":[13.76367,20.46367,12.75],"rotation":{"angle":0,"axis":"z","origin":[-13.73633,19.46367,3.5]},"faces":{"north":{"uv":[5,1,13,2],"texture":"#0"},"east":{"uv":[5,1,13,2],"texture":"#0"},"south":{"uv":[5,1,13,2],"texture":"#0"},"west":{"uv":[5,1,13,2],"texture":"#0"},"up":{"uv":[5,1,13,2],"texture":"#0"},"down":{"uv":[5,1,13,2],"texture":"#0"}}},{"from":[-12.75,19.21367,2.26367],"to":[12.75,20.46367,2.76367],"rotation":{"angle":0,"axis":"y","origin":[8,19.46367,2.51367]},"faces":{"north":{"uv":[4,1,14,2],"texture":"#0"},"east":{"uv":[4,1,14,2],"texture":"#0"},"south":{"uv":[4,1,14,2],"texture":"#0"},"west":{"uv":[4,1,14,2],"texture":"#0"},"up":{"uv":[4,1,14,2],"texture":"#0"},"down":{"uv":[4,1,14,2],"texture":"#0"}}},{"from":[-12.75,19.21367,13.26367],"to":[12.75,20.46367,13.76367],"rotation":{"angle":0,"axis":"y","origin":[8,19.46367,2.51367]},"faces":{"north":{"uv":[4,1,14,2],"texture":"#0"},"east":{"uv":[4,1,14,2],"texture":"#0"},"south":{"uv":[4,1,14,2],"texture":"#0"},"west":{"uv":[4,1,14,2],"texture":"#0"},"up":{"uv":[4,1,14,2],"texture":"#0"},"down":{"uv":[4,1,14,2],"texture":"#0"}}},{"from":[-12.75,19.2,2.75],"to":[0,20.05,13.25],"rotation":{"angle":0,"axis":"y","origin":[8,7.75,8]},"faces":{"north":{"uv":[0,0,16,0.85],"texture":"#1"},"east":{"uv":[0,0,10.5,0.85],"texture":"#1"},"south":{"uv":[0,0,16,0.85],"texture":"#1"},"west":{"uv":[0,0,10.5,0.85],"texture":"#1"},"up":{"uv":[0,0,16,10.5],"texture":"#1"},"down":{"uv":[0,0,16,10.5],"texture":"#1"}}},{"from":[0,19.2,2.75],"to":[12.75,20.05,13.25],"rotation":{"angle":0,"axis":"y","origin":[-8,7.75,8]},"faces":{"north":{"uv":[16,0,0,0.85],"texture":"#1"},"east":{"uv":[10.5,0,0,0.85],"texture":"#1"},"south":{"uv":[16,0,0,0.85],"texture":"#1"},"west":{"uv":[10.5,0,0,0.85],"texture":"#1"},"up":{"uv":[16,0,0,10.5],"texture":"#1"},"down":{"uv":[16,0,0,10.5],"texture":"#1"}}},{"from":[12.75,19.2,3.25],"to":[13.25,20.05,12.75],"rotation":{"angle":0,"axis":"y","origin":[8,7.75,8]},"faces":{"north":{"uv":[0,0,0.5,0.85],"texture":"#1"},"east":{"uv":[0,0,10.5,0.85],"rotation":90,"texture":"#1"},"south":{"uv":[0,0,16,0.85],"texture":"#1"},"west":{"uv":[0,0,9.5,0.85],"texture":"#1"},"up":{"uv":[0,0,0.5,9.5],"texture":"#1"},"down":{"uv":[0,0,16,10.5],"texture":"#1"}}},{"from":[-13.25,19.2,3.25],"to":[-12.75,20.05,12.75],"rotation":{"angle":0,"axis":"y","origin":[-8,7.75,8]},"faces":{"north":{"uv":[0,0,0.5,0.85],"texture":"#1"},"east":{"uv":[0,0,10.5,0.85],"texture":"#1"},"south":{"uv":[0,0,16,0.85],"texture":"#1"},"west":{"uv":[0,0,0.85,9.5],"rotation":90,"texture":"#1"},"up":{"uv":[0,0,0.5,9.5],"texture":"#1"},"down":{"uv":[0,0,16,10.5],"texture":"#1"}}},{"from":[12.64645,19.2,2.79289],"to":[13.14645,20.05,3.5],"rotation":{"angle":45,"axis":"y","origin":[12.89645,20,3.25]},"faces":{"north":{"uv":[0,0,0.5,0.85],"texture":"#1"},"east":{"uv":[0,0,10.5,0.85],"texture":"#1"},"south":{"uv":[0,0,16,0.85],"texture":"#1"},"west":{"uv":[0,0,0.70711,0.85],"texture":"#1"},"up":{"uv":[0,0,0.5,0.70711],"texture":"#1"},"down":{"uv":[0,0,16,10.5],"texture":"#1"}}},{"from":[-13.14645,19.2,2.79289],"to":[-12.64645,20.05,3.5],"rotation":{"angle":-45,"axis":"y","origin":[-12.89645,20,3.25]},"faces":{"north":{"uv":[0,0,0.5,0.85],"texture":"#1"},"east":{"uv":[0,0,10.5,0.85],"texture":"#1"},"south":{"uv":[0,0,16,0.85],"texture":"#1"},"west":{"uv":[0,0,0.70711,0.85],"texture":"#1"},"up":{"uv":[0,0,0.5,0.70711],"texture":"#1"},"down":{"uv":[0,0,16,10.5],"texture":"#1"}}},{"from":[12.64645,19.2,12.5],"to":[13.14645,20.05,13.20711],"rotation":{"angle":-45,"axis":"y","origin":[12.89645,20,12.75]},"faces":{"north":{"uv":[0,0,0.5,0.85],"texture":"#1"},"east":{"uv":[0,0,10.5,0.85],"texture":"#1"},"south":{"uv":[0,0,16,0.85],"texture":"#1"},"west":{"uv":[0,0,0.70711,0.85],"texture":"#1"},"up":{"uv":[0,0,0.5,0.70711],"texture":"#1"},"down":{"uv":[0,0,16,10.5],"texture":"#1"}}},{"from":[-13.14645,19.2,12.5],"to":[-12.64645,20.05,13.20711],"rotation":{"angle":45,"axis":"y","origin":[-12.89645,20,12.75]},"faces":{"north":{"uv":[0,0,0.5,0.85],"texture":"#1"},"east":{"uv":[0,0,10.5,0.85],"texture":"#1"},"south":{"uv":[0,0,16,0.85],"texture":"#1"},"west":{"uv":[0,0,0.70711,0.85],"texture":"#1"},"up":{"uv":[0,0,0.5,0.70711],"texture":"#1"},"down":{"uv":[0,0,16,10.5],"texture":"#1"}}},{"from":[0.27113,24.42563,8],"to":[2.03113,25.08563,9],"rotation":{"angle":-45,"axis":"z","origin":[1.15113,24.64563,8.5]},"faces":{"north":{"uv":[3,0,5,0.75],"rotation":180,"texture":"#0"},"east":{"uv":[3,0,5,0.75],"rotation":180,"texture":"#0"},"south":{"uv":[3,0,5,0.75],"rotation":180,"texture":"#0"},"west":{"uv":[3,0,5,0.75],"rotation":180,"texture":"#0"},"up":{"uv":[3,0,5,0.75],"rotation":180,"texture":"#0"},"down":{"uv":[3,0,5,0.75],"rotation":180,"texture":"#0"}}},{"from":[-0.92,24.91902,8],"to":[0.84,25.57902,9],"rotation":{"angle":0,"axis":"y","origin":[-7.52,39.65902,8.5]},"faces":{"north":{"uv":[3,0,5,0.75],"rotation":180,"texture":"#0"},"east":{"uv":[3,0,5,0.75],"rotation":180,"texture":"#0"},"south":{"uv":[3,0,5,0.75],"rotation":180,"texture":"#0"},"west":{"uv":[3,0,5,0.75],"rotation":180,"texture":"#0"},"up":{"uv":[3,0,5,0.75],"rotation":180,"texture":"#0"},"down":{"uv":[3,0,5,0.75],"rotation":180,"texture":"#0"}}},{"from":[-1.67113,23.76563,8],"to":[-1.01113,25.52563,9],"rotation":{"angle":-45,"axis":"z","origin":[-1.23113,24.64563,8.5]},"faces":{"north":{"uv":[3,0,5,0.75],"rotation":270,"texture":"#0"},"east":{"uv":[3,0,5,0.75],"rotation":270,"texture":"#0"},"south":{"uv":[3,0,5,0.75],"rotation":270,"texture":"#0"},"west":{"uv":[3,0,5,0.75],"rotation":270,"texture":"#0"},"up":{"uv":[3,0,5,0.75],"rotation":270,"texture":"#0"},"down":{"uv":[3,0,5,0.75],"rotation":270,"texture":"#0"}}},{"from":[-2.16451,22.57451,8],"to":[-1.50451,24.33451,9],"rotation":{"angle":0,"axis":"y","origin":[-16.24451,15.97451,8.5]},"faces":{"north":{"uv":[3,0,5,0.75],"rotation":270,"texture":"#0"},"east":{"uv":[3,0,5,0.75],"rotation":270,"texture":"#0"},"south":{"uv":[3,0,5,0.75],"rotation":270,"texture":"#0"},"west":{"uv":[3,0,5,0.75],"rotation":270,"texture":"#0"},"up":{"uv":[3,0,5,0.75],"rotation":270,"texture":"#0"},"down":{"uv":[3,0,5,0.75],"rotation":270,"texture":"#0"}}},{"from":[-2.11113,21.82338,8],"to":[-0.35113,22.48338,9],"rotation":{"angle":-45,"axis":"z","origin":[-1.23113,22.26338,8.5]},"faces":{"north":{"uv":[3,0,5,0.75],"texture":"#0"},"east":{"uv":[3,0,5,0.75],"texture":"#0"},"south":{"uv":[3,0,5,0.75],"texture":"#0"},"west":{"uv":[3,0,5,0.75],"texture":"#0"},"up":{"uv":[3,0,5,0.75],"texture":"#0"},"down":{"uv":[3,0,5,0.75],"texture":"#0"}}},{"from":[-0.92,21.33,8],"to":[0.84,21.99,9],"rotation":{"angle":0,"axis":"y","origin":[7.44,7.25,8.5]},"faces":{"north":{"uv":[3,0,5,0.75],"texture":"#0"},"east":{"uv":[3,0,5,0.75],"texture":"#0"},"south":{"uv":[3,0,5,0.75],"texture":"#0"},"west":{"uv":[3,0,5,0.75],"texture":"#0"},"up":{"uv":[3,0,5,0.75],"texture":"#0"},"down":{"uv":[3,0,5,0.75],"texture":"#0"}}},{"from":[0.93113,21.38338,8],"to":[1.59113,23.14338,9],"rotation":{"angle":-45,"axis":"z","origin":[1.15113,22.26338,8.5]},"faces":{"north":{"uv":[3,0,5,0.75],"rotation":90,"texture":"#0"},"east":{"uv":[3,0,5,0.75],"rotation":90,"texture":"#0"},"south":{"uv":[3,0,5,0.75],"rotation":90,"texture":"#0"},"west":{"uv":[3,0,5,0.75],"rotation":90,"texture":"#0"},"up":{"uv":[3,0,5,0.75],"rotation":90,"texture":"#0"},"down":{"uv":[3,0,5,0.75],"rotation":90,"texture":"#0"}}},{"from":[1.42451,22.57451,8],"to":[2.08451,24.33451,9],"rotation":{"angle":0,"axis":"y","origin":[16.16451,30.93451,8.5]},"faces":{"north":{"uv":[3,0,5,0.75],"rotation":90,"texture":"#0"},"east":{"uv":[3,0,5,0.75],"rotation":90,"texture":"#0"},"south":{"uv":[3,0,5,0.75],"rotation":90,"texture":"#0"},"west":{"uv":[3,0,5,0.75],"rotation":90,"texture":"#0"},"up":{"uv":[3,0,5,0.75],"rotation":90,"texture":"#0"},"down":{"uv":[3,0,5,0.75],"rotation":90,"texture":"#0"}}},{"from":[-1.5,20.75,7.5],"to":[1.5,21.5,9.5],"rotation":{"angle":0,"axis":"y","origin":[8,7.75,8]},"faces":{"north":{"uv":[3,0,5,0.75],"texture":"#0"},"east":{"uv":[3,0,5,0.75],"texture":"#0"},"south":{"uv":[3,0,5,0.75],"texture":"#0"},"west":{"uv":[3,0,5,0.75],"texture":"#0"},"up":{"uv":[3,0,5,0.75],"texture":"#0"},"down":{"uv":[3,0,5,0.75],"texture":"#0"}}},{"from":[-2,19.75,7],"to":[2,20.75,10],"rotation":{"angle":0,"axis":"y","origin":[8,7.75,8]},"faces":{"north":{"uv":[3,0,5,0.75],"texture":"#0"},"east":{"uv":[3,0,5,0.75],"texture":"#0"},"south":{"uv":[3,0,5,0.75],"texture":"#0"},"west":{"uv":[3,0,5,0.75],"texture":"#0"},"up":{"uv":[3,0,5,0.75],"texture":"#0"},"down":{"uv":[3,0,5,0.75],"texture":"#0"}}}],"display":{"thirdperson_righthand":{"rotation":[75,14.75,0],"translation":[3,3.5,0],"scale":[0.375,0.375,0.375]},"thirdperson_lefthand":{"rotation":[75,14.75,0],"translation":[3,3.5,0],"scale":[0.375,0.375,0.375]},"firstperson_righthand":{"rotation":[13.25,113.75,-4.75],"translation":[0.75,3,1.25],"scale":[0.23594,0.23594,0.23594]},"firstperson_lefthand":{"rotation":[13.25,113.75,-4.75],"translation":[1.5,3,3.5],"scale":[0.23594,0.23594,0.23594]},"ground":{"translation":[3.25,3.5,0],"scale":[0.36,0.36,0.36]},"gui":{"rotation":[30,225,0],"translation":[-2.75,-1.5,0],"scale":[0.42,0.42,0.42]},"head":{"translation":[10.25,-32.5,0],"scale":[1.33,1.33,1.33]},"fixed":{"translation":[3.5,0,-0.25],"scale":[0.44,0.44,0.44]}},"groups":[{"name":"Base","origin":[8,8,8],"children":[0,1,2,3,{"name":"Corner","origin":[8,8,8],"children":[4,5,6,7]}]},{"name":"Base","origin":[8,8,8],"children":[8,9,10,11,{"name":"Corner","origin":[8,8,8],"children":[12,13,14,15]}]},{"name":"Base","origin":[8,8,8],"children":[16,17,18,19,{"name":"Corner","origin":[8,8,8],"children":[20,21,22,23]}]},{"name":"Vertical Bars","origin":[-8,8,8],"children":[24,25,26,27,28,29,30,31,32,33,34,35,36,37,38,39,40,41,42,43,44,45]},{"name":"Floor","origin":[8,8,8],"children":[46,47,48,49]},{"name":"Curve","origin":[0,19.76367,3.26367],"children":[50,51,52,53,54,55,56,57,58,59,60,61,62,63,64,65,66,67,68,69,70,71,72,73,74,75,76,77,78,79,80,81,82,83,84,85,86,87,88,89,90,91,92,93,94,95,96,97,98,99,100,101]},{"name":"Top","origin":[8,8,8],"children":[102,103,104,105,106,107,108,109]},{"name":"Hoop","origin":[8,8.25,8],"children":[110,111,112,113,114,115,116,117,118,119]}]}