{"credit":"Made by spike5032","textures":{"0":"entity/lead_knot","1":"entity/bat","2":"block/anvil","particle":"entity/lead_knot"},"elements":[{"from":[9.235,10.31,14.47],"to":[10.555,11.96,15.13],"rotation":{"angle":0,"axis":"y","origin":[5.275,16.58,19.75]},"faces":{"north":{"uv":[2.5,5.5,0,8.25],"texture":"#1"},"east":{"uv":[2.5,5.5,0,8.25],"texture":"#1"},"south":{"uv":[2.5,5.5,0,8.25],"texture":"#1"},"west":{"uv":[2.5,5.5,0,8.25],"texture":"#1"},"up":{"uv":[2.5,5.5,0,5.75],"texture":"#1"},"down":{"uv":[2.5,7.75,0,8.25],"texture":"#1"}}},{"from":[9.235,11.91,14.77],"to":[10.555,12.56,14.77],"rotation":{"angle":0,"axis":"y","origin":[5.275,16.58,19.75]},"faces":{"north":{"uv":[2.25,8.75,0.75,10.25],"texture":"#1"},"east":{"uv":[2.5,5.5,0,8.25],"texture":"#1"},"south":{"uv":[2.25,8.75,0.75,10.25],"texture":"#1"},"west":{"uv":[2.5,5.5,0,8.25],"texture":"#1"},"up":{"uv":[2.75,9,0.25,9.25],"texture":"#1"},"down":{"uv":[2.5,7.75,0,8.25],"texture":"#1"}}},{"from":[10.565,10.645,14.8],"to":[11.875,11.96,14.8],"rotation":{"angle":0,"axis":"y","origin":[14.525,16.58,19.75]},"faces":{"north":{"uv":[13.25,0.25,10.75,4.25],"rotation":180,"texture":"#1"},"south":{"uv":[10.75,0.25,13.25,4.25],"rotation":180,"texture":"#1"}}},{"from":[11.865,10.645,14.8],"to":[13.175,11.96,14.8],"rotation":{"angle":0,"axis":"y","origin":[15.825,16.58,19.75]},"faces":{"north":{"uv":[8.25,4,6,8],"rotation":180,"texture":"#1"}}},{"from":[7.925,10.645,14.8],"to":[9.235,11.96,14.8],"rotation":{"angle":0,"axis":"y","origin":[5.275,16.58,19.75]},"faces":{"north":{"uv":[10.75,0.25,13.25,4.25],"rotation":180,"texture":"#1"},"south":{"uv":[13.25,0.25,10.75,4.25],"rotation":180,"texture":"#1"}}},{"from":[6.625,10.345,14.8],"to":[7.935,11.66,14.8],"rotation":{"angle":0,"axis":"y","origin":[3.975,16.28,19.75]},"faces":{"north":{"uv":[8.25,4,6,8],"texture":"#1"}}},{"from":[9.466,9.68,14.57],"to":[10.324,10.34,15.03],"rotation":{"angle":0,"axis":"y","origin":[5.275,5.72,19.75]},"faces":{"north":{"uv":[1.5,3,3,1.75],"texture":"#1"},"east":{"uv":[0,2.75,1.5,1.5],"texture":"#1"},"south":{"uv":[0,2.75,1.5,1.5],"texture":"#1"},"west":{"uv":[0,2.75,1.5,1.5],"texture":"#1"},"up":{"uv":[1,1,0,0],"texture":"#missing"},"down":{"uv":[1.5,1.25,3,0],"texture":"#1"}}},{"from":[9.966,9.38,14.83],"to":[10.324,10.34,14.83],"rotation":{"angle":0,"axis":"y","origin":[5.275,5.72,19.75]},"faces":{"north":{"uv":[1.5,3,3,1.75],"texture":"#1"},"east":{"uv":[0,2.75,1.5,1.5],"texture":"#1"},"south":{"uv":[0,2.75,1.5,1.5],"texture":"#1"},"west":{"uv":[0,2.75,1.5,1.5],"texture":"#1"},"up":{"uv":[1,1,0,0],"texture":"#missing"},"down":{"uv":[1.5,1.25,3,0],"texture":"#1"}}},{"from":[9.466,9.38,14.83],"to":[9.824,10.34,14.83],"rotation":{"angle":0,"axis":"y","origin":[4.875,5.72,19.75]},"faces":{"north":{"uv":[1.5,3,3,1.75],"texture":"#1"},"east":{"uv":[0,2.75,1.5,1.5],"texture":"#1"},"south":{"uv":[0,2.75,1.5,1.5],"texture":"#1"},"west":{"uv":[0,2.75,1.5,1.5],"texture":"#1"},"up":{"uv":[1,1,0,0],"texture":"#missing"},"down":{"uv":[1.5,1.25,3,0],"texture":"#1"}}},{"from":[9.825,12.55,14.725],"to":[9.975,13.3,14.875],"rotation":{"angle":0,"axis":"y","origin":[1.9,9.3,8]},"faces":{"north":{"uv":[1,3,3,7],"texture":"#0"},"east":{"uv":[1,3,3,7],"texture":"#0"},"south":{"uv":[1,3,3,7],"texture":"#0"},"west":{"uv":[1,3,3,7],"texture":"#0"},"up":{"uv":[1,3,3,7],"texture":"#0"},"down":{"uv":[1,3,3,7],"texture":"#0"}}},{"from":[12.25,14,14.55],"to":[12.75,14.2,15.05],"rotation":{"angle":0,"axis":"y","origin":[4.5,10,8]},"faces":{"north":{"uv":[13,3,4,12],"texture":"#2"},"east":{"uv":[13,3,4,12],"texture":"#2"},"south":{"uv":[13,3,4,12],"texture":"#2"},"west":{"uv":[13,3,4,12],"texture":"#2"},"up":{"uv":[13,3,4,12],"texture":"#2"},"down":{"uv":[13,3,4,12],"texture":"#2"}}},{"from":[-12.75,14,14.55],"to":[-12.25,14.2,15.05],"rotation":{"angle":0,"axis":"y","origin":[-4.5,10,8]},"faces":{"north":{"uv":[4,3,13,12],"texture":"#2"},"east":{"uv":[4,3,13,12],"texture":"#2"},"south":{"uv":[4,3,13,12],"texture":"#2"},"west":{"uv":[4,3,13,12],"texture":"#2"},"up":{"uv":[4,3,13,12],"texture":"#2"},"down":{"uv":[4,3,13,12],"texture":"#2"}}},{"from":[11.75,13.9,14.55],"to":[12.25,14.1,15.05],"rotation":{"angle":0,"axis":"y","origin":[4,9.9,8]},"faces":{"north":{"uv":[13,3,4,12],"texture":"#2"},"east":{"uv":[13,3,4,12],"texture":"#2"},"south":{"uv":[13,3,4,12],"texture":"#2"},"west":{"uv":[13,3,4,12],"texture":"#2"},"up":{"uv":[13,3,4,12],"texture":"#2"},"down":{"uv":[13,3,4,12],"texture":"#2"}}},{"from":[-12.25,13.9,14.55],"to":[-11.75,14.1,15.05],"rotation":{"angle":0,"axis":"y","origin":[-4,9.9,8]},"faces":{"north":{"uv":[4,3,13,12],"texture":"#2"},"east":{"uv":[4,3,13,12],"texture":"#2"},"south":{"uv":[4,3,13,12],"texture":"#2"},"west":{"uv":[4,3,13,12],"texture":"#2"},"up":{"uv":[4,3,13,12],"texture":"#2"},"down":{"uv":[4,3,13,12],"texture":"#2"}}},{"from":[11.25,13.7,14.55],"to":[11.75,13.9,15.05],"rotation":{"angle":0,"axis":"y","origin":[3.5,9.7,8]},"faces":{"north":{"uv":[13,3,4,12],"texture":"#2"},"east":{"uv":[13,3,4,12],"texture":"#2"},"south":{"uv":[13,3,4,12],"texture":"#2"},"west":{"uv":[13,3,4,12],"texture":"#2"},"up":{"uv":[13,3,4,12],"texture":"#2"},"down":{"uv":[13,3,4,12],"texture":"#2"}}},{"from":[-11.75,13.7,14.55],"to":[-11.25,13.9,15.05],"rotation":{"angle":0,"axis":"y","origin":[-3.5,9.7,8]},"faces":{"north":{"uv":[4,3,13,12],"texture":"#2"},"east":{"uv":[4,3,13,12],"texture":"#2"},"south":{"uv":[4,3,13,12],"texture":"#2"},"west":{"uv":[4,3,13,12],"texture":"#2"},"up":{"uv":[4,3,13,12],"texture":"#2"},"down":{"uv":[4,3,13,12],"texture":"#2"}}},{"from":[10.75,13.6,14.55],"to":[11.25,13.8,15.05],"rotation":{"angle":0,"axis":"y","origin":[3,9.6,8]},"faces":{"north":{"uv":[13,3,4,12],"texture":"#2"},"east":{"uv":[13,3,4,12],"texture":"#2"},"south":{"uv":[13,3,4,12],"texture":"#2"},"west":{"uv":[13,3,4,12],"texture":"#2"},"up":{"uv":[13,3,4,12],"texture":"#2"},"down":{"uv":[13,3,4,12],"texture":"#2"}}},{"from":[-11.25,13.6,14.55],"to":[-10.75,13.8,15.05],"rotation":{"angle":0,"axis":"y","origin":[-3,9.6,8]},"faces":{"north":{"uv":[4,3,13,12],"texture":"#2"},"east":{"uv":[4,3,13,12],"texture":"#2"},"south":{"uv":[4,3,13,12],"texture":"#2"},"west":{"uv":[4,3,13,12],"texture":"#2"},"up":{"uv":[4,3,13,12],"texture":"#2"},"down":{"uv":[4,3,13,12],"texture":"#2"}}},{"from":[10.25,13.5,14.55],"to":[10.75,13.7,15.05],"rotation":{"angle":0,"axis":"y","origin":[2.5,9.5,8]},"faces":{"north":{"uv":[13,3,4,12],"texture":"#2"},"east":{"uv":[13,3,4,12],"texture":"#2"},"south":{"uv":[13,3,4,12],"texture":"#2"},"west":{"uv":[13,3,4,12],"texture":"#2"},"up":{"uv":[13,3,4,12],"texture":"#2"},"down":{"uv":[13,3,4,12],"texture":"#2"}}},{"from":[-10.75,13.5,14.55],"to":[-10.25,13.7,15.05],"rotation":{"angle":0,"axis":"y","origin":[-2.5,9.5,8]},"faces":{"north":{"uv":[4,3,13,12],"texture":"#2"},"east":{"uv":[4,3,13,12],"texture":"#2"},"south":{"uv":[4,3,13,12],"texture":"#2"},"west":{"uv":[4,3,13,12],"texture":"#2"},"up":{"uv":[4,3,13,12],"texture":"#2"},"down":{"uv":[4,3,13,12],"texture":"#2"}}},{"from":[9.75,13.4,14.55],"to":[10.25,13.6,15.05],"rotation":{"angle":0,"axis":"y","origin":[2,9.4,8]},"faces":{"north":{"uv":[13,3,4,12],"texture":"#2"},"east":{"uv":[13,3,4,12],"texture":"#2"},"south":{"uv":[13,3,4,12],"texture":"#2"},"west":{"uv":[13,3,4,12],"texture":"#2"},"up":{"uv":[13,3,4,12],"texture":"#2"},"down":{"uv":[13,3,4,12],"texture":"#2"}}},{"from":[-10.25,13.4,14.55],"to":[-9.75,13.6,15.05],"rotation":{"angle":0,"axis":"y","origin":[-2,9.4,8]},"faces":{"north":{"uv":[4,3,13,12],"texture":"#2"},"east":{"uv":[4,3,13,12],"texture":"#2"},"south":{"uv":[4,3,13,12],"texture":"#2"},"west":{"uv":[4,3,13,12],"texture":"#2"},"up":{"uv":[4,3,13,12],"texture":"#2"},"down":{"uv":[4,3,13,12],"texture":"#2"}}},{"from":[9.25,13.3,14.55],"to":[9.75,13.5,15.05],"rotation":{"angle":0,"axis":"y","origin":[1.5,9.3,8]},"faces":{"north":{"uv":[13,3,4,12],"texture":"#2"},"east":{"uv":[13,3,4,12],"texture":"#2"},"south":{"uv":[13,3,4,12],"texture":"#2"},"west":{"uv":[13,3,4,12],"texture":"#2"},"up":{"uv":[13,3,4,12],"texture":"#2"},"down":{"uv":[13,3,4,12],"texture":"#2"}}},{"from":[-9.75,13.3,14.55],"to":[-9.25,13.5,15.05],"rotation":{"angle":0,"axis":"y","origin":[-1.5,9.3,8]},"faces":{"north":{"uv":[4,3,13,12],"texture":"#2"},"east":{"uv":[4,3,13,12],"texture":"#2"},"south":{"uv":[4,3,13,12],"texture":"#2"},"west":{"uv":[4,3,13,12],"texture":"#2"},"up":{"uv":[4,3,13,12],"texture":"#2"},"down":{"uv":[4,3,13,12],"texture":"#2"}}},{"from":[8.75,13.2,14.55],"to":[9.25,13.4,15.05],"rotation":{"angle":0,"axis":"y","origin":[1,9.2,8]},"faces":{"north":{"uv":[13,3,4,12],"texture":"#2"},"east":{"uv":[13,3,4,12],"texture":"#2"},"south":{"uv":[13,3,4,12],"texture":"#2"},"west":{"uv":[13,3,4,12],"texture":"#2"},"up":{"uv":[13,3,4,12],"texture":"#2"},"down":{"uv":[13,3,4,12],"texture":"#2"}}},{"from":[-9.25,13.2,14.55],"to":[-8.75,13.4,15.05],"rotation":{"angle":0,"axis":"y","origin":[-1,9.2,8]},"faces":{"north":{"uv":[4,3,13,12],"texture":"#2"},"east":{"uv":[4,3,13,12],"texture":"#2"},"south":{"uv":[4,3,13,12],"texture":"#2"},"west":{"uv":[4,3,13,12],"texture":"#2"},"up":{"uv":[4,3,13,12],"texture":"#2"},"down":{"uv":[4,3,13,12],"texture":"#2"}}},{"from":[8.25,13.1,14.55],"to":[8.75,13.3,15.05],"rotation":{"angle":0,"axis":"y","origin":[0.5,9.1,8]},"faces":{"north":{"uv":[13,3,4,12],"texture":"#2"},"east":{"uv":[13,3,4,12],"texture":"#2"},"south":{"uv":[13,3,4,12],"texture":"#2"},"west":{"uv":[13,3,4,12],"texture":"#2"},"up":{"uv":[13,3,4,12],"texture":"#2"},"down":{"uv":[13,3,4,12],"texture":"#2"}}},{"from":[-8.75,13.1,14.55],"to":[-8.25,13.3,15.05],"rotation":{"angle":0,"axis":"y","origin":[-0.5,9.1,8]},"faces":{"north":{"uv":[4,3,13,12],"texture":"#2"},"east":{"uv":[4,3,13,12],"texture":"#2"},"south":{"uv":[4,3,13,12],"texture":"#2"},"west":{"uv":[4,3,13,12],"texture":"#2"},"up":{"uv":[4,3,13,12],"texture":"#2"},"down":{"uv":[4,3,13,12],"texture":"#2"}}},{"from":[7.75,13,14.55],"to":[8.25,13.2,15.05],"rotation":{"angle":0,"axis":"y","origin":[0,9,8]},"faces":{"north":{"uv":[13,3,4,12],"texture":"#2"},"east":{"uv":[13,3,4,12],"texture":"#2"},"south":{"uv":[13,3,4,12],"texture":"#2"},"west":{"uv":[13,3,4,12],"texture":"#2"},"up":{"uv":[13,3,4,12],"texture":"#2"},"down":{"uv":[13,3,4,12],"texture":"#2"}}},{"from":[-8.25,13,14.55],"to":[-7.75,13.2,15.05],"rotation":{"angle":0,"axis":"y","origin":[0,9,8]},"faces":{"north":{"uv":[4,3,13,12],"texture":"#2"},"east":{"uv":[4,3,13,12],"texture":"#2"},"south":{"uv":[4,3,13,12],"texture":"#2"},"west":{"uv":[4,3,13,12],"texture":"#2"},"up":{"uv":[4,3,13,12],"texture":"#2"},"down":{"uv":[4,3,13,12],"texture":"#2"}}},{"from":[7.25,12.8,14.55],"to":[7.75,13,15.05],"rotation":{"angle":0,"axis":"y","origin":[-0.5,8.8,8]},"faces":{"north":{"uv":[13,3,4,12],"texture":"#2"},"east":{"uv":[13,3,4,12],"texture":"#2"},"south":{"uv":[13,3,4,12],"texture":"#2"},"west":{"uv":[13,3,4,12],"texture":"#2"},"up":{"uv":[13,3,4,12],"texture":"#2"},"down":{"uv":[13,3,4,12],"texture":"#2"}}},{"from":[-7.75,12.8,14.55],"to":[-7.25,13,15.05],"rotation":{"angle":0,"axis":"y","origin":[0.5,8.8,8]},"faces":{"north":{"uv":[4,3,13,12],"texture":"#2"},"east":{"uv":[4,3,13,12],"texture":"#2"},"south":{"uv":[4,3,13,12],"texture":"#2"},"west":{"uv":[4,3,13,12],"texture":"#2"},"up":{"uv":[4,3,13,12],"texture":"#2"},"down":{"uv":[4,3,13,12],"texture":"#2"}}},{"from":[6.75,12.6,14.55],"to":[7.25,12.8,15.05],"rotation":{"angle":0,"axis":"y","origin":[-1,8.6,8]},"faces":{"north":{"uv":[13,3,4,12],"texture":"#2"},"east":{"uv":[13,3,4,12],"texture":"#2"},"south":{"uv":[13,3,4,12],"texture":"#2"},"west":{"uv":[13,3,4,12],"texture":"#2"},"up":{"uv":[13,3,4,12],"texture":"#2"},"down":{"uv":[13,3,4,12],"texture":"#2"}}},{"from":[-7.25,12.6,14.55],"to":[-6.75,12.8,15.05],"rotation":{"angle":0,"axis":"y","origin":[1,8.6,8]},"faces":{"north":{"uv":[4,3,13,12],"texture":"#2"},"east":{"uv":[4,3,13,12],"texture":"#2"},"south":{"uv":[4,3,13,12],"texture":"#2"},"west":{"uv":[4,3,13,12],"texture":"#2"},"up":{"uv":[4,3,13,12],"texture":"#2"},"down":{"uv":[4,3,13,12],"texture":"#2"}}},{"from":[6.25,12.4,14.55],"to":[6.75,12.6,15.05],"rotation":{"angle":0,"axis":"y","origin":[-1.5,8.4,8]},"faces":{"north":{"uv":[13,3,4,12],"texture":"#2"},"east":{"uv":[13,3,4,12],"texture":"#2"},"south":{"uv":[13,3,4,12],"texture":"#2"},"west":{"uv":[13,3,4,12],"texture":"#2"},"up":{"uv":[13,3,4,12],"texture":"#2"},"down":{"uv":[13,3,4,12],"texture":"#2"}}},{"from":[-6.75,12.4,14.55],"to":[-6.25,12.6,15.05],"rotation":{"angle":0,"axis":"y","origin":[1.5,8.4,8]},"faces":{"north":{"uv":[4,3,13,12],"texture":"#2"},"east":{"uv":[4,3,13,12],"texture":"#2"},"south":{"uv":[4,3,13,12],"texture":"#2"},"west":{"uv":[4,3,13,12],"texture":"#2"},"up":{"uv":[4,3,13,12],"texture":"#2"},"down":{"uv":[4,3,13,12],"texture":"#2"}}},{"from":[-0.25,11.9,14.55],"to":[0.25,12.1,15.05],"rotation":{"angle":0,"axis":"y","origin":[8,7.9,8]},"faces":{"north":{"uv":[4,3,13,12],"texture":"#2"},"east":{"uv":[4,3,13,12],"texture":"#2"},"south":{"uv":[4,3,13,12],"texture":"#2"},"west":{"uv":[4,3,13,12],"texture":"#2"},"up":{"uv":[4,3,13,12],"texture":"#2"},"down":{"uv":[4,3,13,12],"texture":"#2"}}},{"from":[0.25,12,14.55],"to":[0.75,12.2,15.05],"rotation":{"angle":0,"axis":"y","origin":[-7.5,8,8]},"faces":{"north":{"uv":[13,3,4,12],"texture":"#2"},"east":{"uv":[13,3,4,12],"texture":"#2"},"south":{"uv":[13,3,4,12],"texture":"#2"},"west":{"uv":[13,3,4,12],"texture":"#2"},"up":{"uv":[13,3,4,12],"texture":"#2"},"down":{"uv":[13,3,4,12],"texture":"#2"}}},{"from":[-0.75,12,14.55],"to":[-0.25,12.2,15.05],"rotation":{"angle":0,"axis":"y","origin":[7.5,8,8]},"faces":{"north":{"uv":[4,3,13,12],"texture":"#2"},"east":{"uv":[4,3,13,12],"texture":"#2"},"south":{"uv":[4,3,13,12],"texture":"#2"},"west":{"uv":[4,3,13,12],"texture":"#2"},"up":{"uv":[4,3,13,12],"texture":"#2"},"down":{"uv":[4,3,13,12],"texture":"#2"}}},{"from":[0.75,12.1,14.55],"to":[1.25,12.3,15.05],"rotation":{"angle":0,"axis":"y","origin":[-7,8.1,8]},"faces":{"north":{"uv":[13,3,4,12],"texture":"#2"},"east":{"uv":[13,3,4,12],"texture":"#2"},"south":{"uv":[13,3,4,12],"texture":"#2"},"west":{"uv":[13,3,4,12],"texture":"#2"},"up":{"uv":[13,3,4,12],"texture":"#2"},"down":{"uv":[13,3,4,12],"texture":"#2"}}},{"from":[-1.25,12.1,14.55],"to":[-0.75,12.3,15.05],"rotation":{"angle":0,"axis":"y","origin":[7,8.1,8]},"faces":{"north":{"uv":[4,3,13,12],"texture":"#2"},"east":{"uv":[4,3,13,12],"texture":"#2"},"south":{"uv":[4,3,13,12],"texture":"#2"},"west":{"uv":[4,3,13,12],"texture":"#2"},"up":{"uv":[4,3,13,12],"texture":"#2"},"down":{"uv":[4,3,13,12],"texture":"#2"}}},{"from":[1.25,12.2,14.55],"to":[1.75,12.4,15.05],"rotation":{"angle":0,"axis":"y","origin":[-6.5,8.2,8]},"faces":{"north":{"uv":[13,3,4,12],"texture":"#2"},"east":{"uv":[13,3,4,12],"texture":"#2"},"south":{"uv":[13,3,4,12],"texture":"#2"},"west":{"uv":[13,3,4,12],"texture":"#2"},"up":{"uv":[13,3,4,12],"texture":"#2"},"down":{"uv":[13,3,4,12],"texture":"#2"}}},{"from":[-1.75,12.2,14.55],"to":[-1.25,12.4,15.05],"rotation":{"angle":0,"axis":"y","origin":[6.5,8.2,8]},"faces":{"north":{"uv":[4,3,13,12],"texture":"#2"},"east":{"uv":[4,3,13,12],"texture":"#2"},"south":{"uv":[4,3,13,12],"texture":"#2"},"west":{"uv":[4,3,13,12],"texture":"#2"},"up":{"uv":[4,3,13,12],"texture":"#2"},"down":{"uv":[4,3,13,12],"texture":"#2"}}},{"from":[1.75,12.3,14.55],"to":[2.25,12.5,15.05],"rotation":{"angle":0,"axis":"y","origin":[-6,8.3,8]},"faces":{"north":{"uv":[13,3,4,12],"texture":"#2"},"east":{"uv":[13,3,4,12],"texture":"#2"},"south":{"uv":[13,3,4,12],"texture":"#2"},"west":{"uv":[13,3,4,12],"texture":"#2"},"up":{"uv":[13,3,4,12],"texture":"#2"},"down":{"uv":[13,3,4,12],"texture":"#2"}}},{"from":[-2.25,12.3,14.55],"to":[-1.75,12.5,15.05],"rotation":{"angle":0,"axis":"y","origin":[6,8.3,8]},"faces":{"north":{"uv":[4,3,13,12],"texture":"#2"},"east":{"uv":[4,3,13,12],"texture":"#2"},"south":{"uv":[4,3,13,12],"texture":"#2"},"west":{"uv":[4,3,13,12],"texture":"#2"},"up":{"uv":[4,3,13,12],"texture":"#2"},"down":{"uv":[4,3,13,12],"texture":"#2"}}},{"from":[2.25,12.3,14.55],"to":[2.75,12.5,15.05],"rotation":{"angle":0,"axis":"y","origin":[-5.5,8.3,8]},"faces":{"north":{"uv":[13,3,4,12],"texture":"#2"},"east":{"uv":[13,3,4,12],"texture":"#2"},"south":{"uv":[13,3,4,12],"texture":"#2"},"west":{"uv":[13,3,4,12],"texture":"#2"},"up":{"uv":[13,3,4,12],"texture":"#2"},"down":{"uv":[13,3,4,12],"texture":"#2"}}},{"from":[-2.75,12.3,14.55],"to":[-2.25,12.5,15.05],"rotation":{"angle":0,"axis":"y","origin":[5.5,8.3,8]},"faces":{"north":{"uv":[4,3,13,12],"texture":"#2"},"east":{"uv":[4,3,13,12],"texture":"#2"},"south":{"uv":[4,3,13,12],"texture":"#2"},"west":{"uv":[4,3,13,12],"texture":"#2"},"up":{"uv":[4,3,13,12],"texture":"#2"},"down":{"uv":[4,3,13,12],"texture":"#2"}}},{"from":[2.75,12.3,14.55],"to":[3.25,12.5,15.05],"rotation":{"angle":0,"axis":"y","origin":[-5,8.3,8]},"faces":{"north":{"uv":[13,3,4,12],"texture":"#2"},"east":{"uv":[13,3,4,12],"texture":"#2"},"south":{"uv":[13,3,4,12],"texture":"#2"},"west":{"uv":[13,3,4,12],"texture":"#2"},"up":{"uv":[13,3,4,12],"texture":"#2"},"down":{"uv":[13,3,4,12],"texture":"#2"}}},{"from":[-3.25,12.3,14.55],"to":[-2.75,12.5,15.05],"rotation":{"angle":0,"axis":"y","origin":[5,8.3,8]},"faces":{"north":{"uv":[4,3,13,12],"texture":"#2"},"east":{"uv":[4,3,13,12],"texture":"#2"},"south":{"uv":[4,3,13,12],"texture":"#2"},"west":{"uv":[4,3,13,12],"texture":"#2"},"up":{"uv":[4,3,13,12],"texture":"#2"},"down":{"uv":[4,3,13,12],"texture":"#2"}}},{"from":[3.25,12.3,14.55],"to":[3.75,12.5,15.05],"rotation":{"angle":0,"axis":"y","origin":[-4.5,8.3,8]},"faces":{"north":{"uv":[13,3,4,12],"texture":"#2"},"east":{"uv":[13,3,4,12],"texture":"#2"},"south":{"uv":[13,3,4,12],"texture":"#2"},"west":{"uv":[13,3,4,12],"texture":"#2"},"up":{"uv":[13,3,4,12],"texture":"#2"},"down":{"uv":[13,3,4,12],"texture":"#2"}}},{"from":[-3.75,12.3,14.55],"to":[-3.25,12.5,15.05],"rotation":{"angle":0,"axis":"y","origin":[4.5,8.3,8]},"faces":{"north":{"uv":[4,3,13,12],"texture":"#2"},"east":{"uv":[4,3,13,12],"texture":"#2"},"south":{"uv":[4,3,13,12],"texture":"#2"},"west":{"uv":[4,3,13,12],"texture":"#2"},"up":{"uv":[4,3,13,12],"texture":"#2"},"down":{"uv":[4,3,13,12],"texture":"#2"}}},{"from":[3.75,12.3,14.55],"to":[4.25,12.5,15.05],"rotation":{"angle":0,"axis":"y","origin":[-4,8.3,8]},"faces":{"north":{"uv":[13,3,4,12],"texture":"#2"},"east":{"uv":[13,3,4,12],"texture":"#2"},"south":{"uv":[13,3,4,12],"texture":"#2"},"west":{"uv":[13,3,4,12],"texture":"#2"},"up":{"uv":[13,3,4,12],"texture":"#2"},"down":{"uv":[13,3,4,12],"texture":"#2"}}},{"from":[-4.25,12.3,14.55],"to":[-3.75,12.5,15.05],"rotation":{"angle":0,"axis":"y","origin":[4,8.3,8]},"faces":{"north":{"uv":[4,3,13,12],"texture":"#2"},"east":{"uv":[4,3,13,12],"texture":"#2"},"south":{"uv":[4,3,13,12],"texture":"#2"},"west":{"uv":[4,3,13,12],"texture":"#2"},"up":{"uv":[4,3,13,12],"texture":"#2"},"down":{"uv":[4,3,13,12],"texture":"#2"}}},{"from":[4.25,12.3,14.55],"to":[4.75,12.5,15.05],"rotation":{"angle":0,"axis":"y","origin":[-3.5,8.3,8]},"faces":{"north":{"uv":[13,3,4,12],"texture":"#2"},"east":{"uv":[13,3,4,12],"texture":"#2"},"south":{"uv":[13,3,4,12],"texture":"#2"},"west":{"uv":[13,3,4,12],"texture":"#2"},"up":{"uv":[13,3,4,12],"texture":"#2"},"down":{"uv":[13,3,4,12],"texture":"#2"}}},{"from":[-4.75,12.3,14.55],"to":[-4.25,12.5,15.05],"rotation":{"angle":0,"axis":"y","origin":[3.5,8.3,8]},"faces":{"north":{"uv":[4,3,13,12],"texture":"#2"},"east":{"uv":[4,3,13,12],"texture":"#2"},"south":{"uv":[4,3,13,12],"texture":"#2"},"west":{"uv":[4,3,13,12],"texture":"#2"},"up":{"uv":[4,3,13,12],"texture":"#2"},"down":{"uv":[4,3,13,12],"texture":"#2"}}},{"from":[4.75,12.4,14.55],"to":[5.25,12.6,15.05],"rotation":{"angle":0,"axis":"y","origin":[-3,8.4,8]},"faces":{"north":{"uv":[13,3,4,12],"texture":"#2"},"east":{"uv":[13,3,4,12],"texture":"#2"},"south":{"uv":[13,3,4,12],"texture":"#2"},"west":{"uv":[13,3,4,12],"texture":"#2"},"up":{"uv":[13,3,4,12],"texture":"#2"},"down":{"uv":[13,3,4,12],"texture":"#2"}}},{"from":[-5.25,12.4,14.55],"to":[-4.75,12.6,15.05],"rotation":{"angle":0,"axis":"y","origin":[3,8.4,8]},"faces":{"north":{"uv":[4,3,13,12],"texture":"#2"},"east":{"uv":[4,3,13,12],"texture":"#2"},"south":{"uv":[4,3,13,12],"texture":"#2"},"west":{"uv":[4,3,13,12],"texture":"#2"},"up":{"uv":[4,3,13,12],"texture":"#2"},"down":{"uv":[4,3,13,12],"texture":"#2"}}},{"from":[5.15,12.4,14.55],"to":[5.65,12.6,15.05],"rotation":{"angle":0,"axis":"y","origin":[-2.6,8.4,8]},"faces":{"north":{"uv":[13,3,4,12],"texture":"#2"},"east":{"uv":[13,3,4,12],"texture":"#2"},"south":{"uv":[13,3,4,12],"texture":"#2"},"west":{"uv":[13,3,4,12],"texture":"#2"},"up":{"uv":[13,3,4,12],"texture":"#2"},"down":{"uv":[13,3,4,12],"texture":"#2"}}},{"from":[-5.65,12.4,14.55],"to":[-5.15,12.6,15.05],"rotation":{"angle":0,"axis":"y","origin":[2.6,8.4,8]},"faces":{"north":{"uv":[4,3,13,12],"texture":"#2"},"east":{"uv":[4,3,13,12],"texture":"#2"},"south":{"uv":[4,3,13,12],"texture":"#2"},"west":{"uv":[4,3,13,12],"texture":"#2"},"up":{"uv":[4,3,13,12],"texture":"#2"},"down":{"uv":[4,3,13,12],"texture":"#2"}}},{"from":[5.65,12.4,14.55],"to":[6.25,12.6,15.05],"rotation":{"angle":0,"axis":"y","origin":[-2,8.4,8]},"faces":{"north":{"uv":[13,3,4,12],"texture":"#2"},"east":{"uv":[13,3,4,12],"texture":"#2"},"south":{"uv":[13,3,4,12],"texture":"#2"},"west":{"uv":[13,3,4,12],"texture":"#2"},"up":{"uv":[13,3,4,12],"texture":"#2"},"down":{"uv":[13,3,4,12],"texture":"#2"}}},{"from":[-6.25,12.4,14.55],"to":[-5.65,12.6,15.05],"rotation":{"angle":0,"axis":"y","origin":[2,8.4,8]},"faces":{"north":{"uv":[4,3,13,12],"texture":"#2"},"east":{"uv":[4,3,13,12],"texture":"#2"},"south":{"uv":[4,3,13,12],"texture":"#2"},"west":{"uv":[4,3,13,12],"texture":"#2"},"up":{"uv":[4,3,13,12],"texture":"#2"},"down":{"uv":[4,3,13,12],"texture":"#2"}}},{"from":[3.035,9.41,14.47],"to":[4.355,11.06,15.13],"rotation":{"angle":0,"axis":"y","origin":[-0.925,15.68,19.75]},"faces":{"north":{"uv":[2.5,5.5,0,8.25],"texture":"#1"},"east":{"uv":[2.5,5.5,0,8.25],"texture":"#1"},"south":{"uv":[2.5,5.5,0,8.25],"texture":"#1"},"west":{"uv":[2.5,5.5,0,8.25],"texture":"#1"},"up":{"uv":[2.5,5.5,0,5.75],"texture":"#1"},"down":{"uv":[2.5,7.75,0,8.25],"texture":"#1"}}},{"from":[3.035,11.01,14.77],"to":[4.355,11.66,14.77],"rotation":{"angle":0,"axis":"y","origin":[-0.925,15.68,19.75]},"faces":{"north":{"uv":[2.25,8.75,0.75,10.25],"texture":"#1"},"east":{"uv":[2.5,5.5,0,8.25],"texture":"#1"},"south":{"uv":[2.25,8.75,0.75,10.25],"texture":"#1"},"west":{"uv":[2.5,5.5,0,8.25],"texture":"#1"},"up":{"uv":[2.75,9,0.25,9.25],"texture":"#1"},"down":{"uv":[2.5,7.75,0,8.25],"texture":"#1"}}},{"from":[4.365,9.745,14.8],"to":[5.675,11.06,14.8],"rotation":{"angle":0,"axis":"y","origin":[8.325,15.68,19.75]},"faces":{"north":{"uv":[13.25,0.25,10.75,4.25],"rotation":180,"texture":"#1"},"south":{"uv":[10.75,0.25,13.25,4.25],"rotation":180,"texture":"#1"}}},{"from":[5.665,9.745,14.8],"to":[6.975,11.06,14.8],"rotation":{"angle":0,"axis":"y","origin":[9.625,15.68,19.75]},"faces":{"north":{"uv":[8.25,4,6,8],"rotation":180,"texture":"#1"}}},{"from":[1.725,9.745,14.8],"to":[3.035,11.06,14.8],"rotation":{"angle":0,"axis":"y","origin":[-0.925,15.68,19.75]},"faces":{"north":{"uv":[10.75,0.25,13.25,4.25],"rotation":180,"texture":"#1"},"south":{"uv":[13.25,0.25,10.75,4.25],"rotation":180,"texture":"#1"}}},{"from":[0.425,9.445,14.8],"to":[1.735,10.76,14.8],"rotation":{"angle":0,"axis":"y","origin":[-2.225,15.38,19.75]},"faces":{"north":{"uv":[8.25,4,6,8],"texture":"#1"}}},{"from":[3.266,8.78,14.57],"to":[4.124,9.44,15.03],"rotation":{"angle":0,"axis":"y","origin":[-0.925,4.82,19.75]},"faces":{"north":{"uv":[1.5,3,3,1.75],"texture":"#1"},"east":{"uv":[0,2.75,1.5,1.5],"texture":"#1"},"south":{"uv":[0,2.75,1.5,1.5],"texture":"#1"},"west":{"uv":[0,2.75,1.5,1.5],"texture":"#1"},"up":{"uv":[1,1,0,0],"texture":"#missing"},"down":{"uv":[1.5,1.25,3,0],"texture":"#1"}}},{"from":[3.766,8.48,14.83],"to":[4.124,9.44,14.83],"rotation":{"angle":0,"axis":"y","origin":[-0.925,4.82,19.75]},"faces":{"north":{"uv":[1.5,3,3,1.75],"texture":"#1"},"east":{"uv":[0,2.75,1.5,1.5],"texture":"#1"},"south":{"uv":[0,2.75,1.5,1.5],"texture":"#1"},"west":{"uv":[0,2.75,1.5,1.5],"texture":"#1"},"up":{"uv":[1,1,0,0],"texture":"#missing"},"down":{"uv":[1.5,1.25,3,0],"texture":"#1"}}},{"from":[3.266,8.48,14.83],"to":[3.624,9.44,14.83],"rotation":{"angle":0,"axis":"y","origin":[-1.325,4.82,19.75]},"faces":{"north":{"uv":[1.5,3,3,1.75],"texture":"#1"},"east":{"uv":[0,2.75,1.5,1.5],"texture":"#1"},"south":{"uv":[0,2.75,1.5,1.5],"texture":"#1"},"west":{"uv":[0,2.75,1.5,1.5],"texture":"#1"},"up":{"uv":[1,1,0,0],"texture":"#missing"},"down":{"uv":[1.5,1.25,3,0],"texture":"#1"}}},{"from":[3.625,11.65,14.725],"to":[3.775,12.4,14.875],"rotation":{"angle":0,"axis":"y","origin":[-4.3,8.4,8]},"faces":{"north":{"uv":[1,3,3,7],"texture":"#0"},"east":{"uv":[1,3,3,7],"texture":"#0"},"south":{"uv":[1,3,3,7],"texture":"#0"},"west":{"uv":[1,3,3,7],"texture":"#0"},"up":{"uv":[1,3,3,7],"texture":"#0"},"down":{"uv":[1,3,3,7],"texture":"#0"}}},{"from":[-3.865,9.41,14.47],"to":[-2.545,11.06,15.13],"rotation":{"angle":0,"axis":"y","origin":[-7.825,15.68,19.75]},"faces":{"north":{"uv":[2.5,5.5,0,8.25],"texture":"#1"},"east":{"uv":[2.5,5.5,0,8.25],"texture":"#1"},"south":{"uv":[2.5,5.5,0,8.25],"texture":"#1"},"west":{"uv":[2.5,5.5,0,8.25],"texture":"#1"},"up":{"uv":[2.5,5.5,0,5.75],"texture":"#1"},"down":{"uv":[2.5,7.75,0,8.25],"texture":"#1"}}},{"from":[-3.865,11.01,14.77],"to":[-2.545,11.66,14.77],"rotation":{"angle":0,"axis":"y","origin":[-7.825,15.68,19.75]},"faces":{"north":{"uv":[2.25,8.75,0.75,10.25],"texture":"#1"},"east":{"uv":[2.5,5.5,0,8.25],"texture":"#1"},"south":{"uv":[2.25,8.75,0.75,10.25],"texture":"#1"},"west":{"uv":[2.5,5.5,0,8.25],"texture":"#1"},"up":{"uv":[2.75,9,0.25,9.25],"texture":"#1"},"down":{"uv":[2.5,7.75,0,8.25],"texture":"#1"}}},{"from":[-2.535,9.745,14.8],"to":[-1.225,11.06,14.8],"rotation":{"angle":0,"axis":"y","origin":[1.425,15.68,19.75]},"faces":{"north":{"uv":[13.25,0.25,10.75,4.25],"rotation":180,"texture":"#1"},"south":{"uv":[10.75,0.25,13.25,4.25],"rotation":180,"texture":"#1"}}},{"from":[-1.235,9.745,14.8],"to":[0.075,11.06,14.8],"rotation":{"angle":0,"axis":"y","origin":[2.725,15.68,19.75]},"faces":{"north":{"uv":[8.25,4,6,8],"rotation":180,"texture":"#1"}}},{"from":[-5.175,9.745,14.8],"to":[-3.865,11.06,14.8],"rotation":{"angle":0,"axis":"y","origin":[-7.825,15.68,19.75]},"faces":{"north":{"uv":[10.75,0.25,13.25,4.25],"rotation":180,"texture":"#1"},"south":{"uv":[13.25,0.25,10.75,4.25],"rotation":180,"texture":"#1"}}},{"from":[-6.475,9.445,14.8],"to":[-5.165,10.76,14.8],"rotation":{"angle":0,"axis":"y","origin":[-9.125,15.38,19.75]},"faces":{"north":{"uv":[8.25,4,6,8],"texture":"#1"}}},{"from":[-3.634,8.78,14.57],"to":[-2.776,9.44,15.03],"rotation":{"angle":0,"axis":"y","origin":[-7.825,4.82,19.75]},"faces":{"north":{"uv":[1.5,3,3,1.75],"texture":"#1"},"east":{"uv":[0,2.75,1.5,1.5],"texture":"#1"},"south":{"uv":[0,2.75,1.5,1.5],"texture":"#1"},"west":{"uv":[0,2.75,1.5,1.5],"texture":"#1"},"up":{"uv":[1,1,0,0],"texture":"#missing"},"down":{"uv":[1.5,1.25,3,0],"texture":"#1"}}},{"from":[-3.134,8.48,14.83],"to":[-2.776,9.44,14.83],"rotation":{"angle":0,"axis":"y","origin":[-7.825,4.82,19.75]},"faces":{"north":{"uv":[1.5,3,3,1.75],"texture":"#1"},"east":{"uv":[0,2.75,1.5,1.5],"texture":"#1"},"south":{"uv":[0,2.75,1.5,1.5],"texture":"#1"},"west":{"uv":[0,2.75,1.5,1.5],"texture":"#1"},"up":{"uv":[1,1,0,0],"texture":"#missing"},"down":{"uv":[1.5,1.25,3,0],"texture":"#1"}}},{"from":[-3.634,8.48,14.83],"to":[-3.276,9.44,14.83],"rotation":{"angle":0,"axis":"y","origin":[-8.225,4.82,19.75]},"faces":{"north":{"uv":[1.5,3,3,1.75],"texture":"#1"},"east":{"uv":[0,2.75,1.5,1.5],"texture":"#1"},"south":{"uv":[0,2.75,1.5,1.5],"texture":"#1"},"west":{"uv":[0,2.75,1.5,1.5],"texture":"#1"},"up":{"uv":[1,1,0,0],"texture":"#missing"},"down":{"uv":[1.5,1.25,3,0],"texture":"#1"}}},{"from":[-3.275,11.65,14.725],"to":[-3.125,12.4,14.875],"rotation":{"angle":0,"axis":"y","origin":[-11.2,8.4,8]},"faces":{"north":{"uv":[1,3,3,7],"texture":"#0"},"east":{"uv":[1,3,3,7],"texture":"#0"},"south":{"uv":[1,3,3,7],"texture":"#0"},"west":{"uv":[1,3,3,7],"texture":"#0"},"up":{"uv":[1,3,3,7],"texture":"#0"},"down":{"uv":[1,3,3,7],"texture":"#0"}}},{"from":[-10.165,10.31,14.47],"to":[-8.845,11.96,15.13],"rotation":{"angle":0,"axis":"y","origin":[-14.125,16.58,19.75]},"faces":{"north":{"uv":[2.5,5.5,0,8.25],"texture":"#1"},"east":{"uv":[2.5,5.5,0,8.25],"texture":"#1"},"south":{"uv":[2.5,5.5,0,8.25],"texture":"#1"},"west":{"uv":[2.5,5.5,0,8.25],"texture":"#1"},"up":{"uv":[2.5,5.5,0,5.75],"texture":"#1"},"down":{"uv":[2.5,7.75,0,8.25],"texture":"#1"}}},{"from":[-10.165,11.91,14.77],"to":[-8.845,12.56,14.77],"rotation":{"angle":0,"axis":"y","origin":[-14.125,16.58,19.75]},"faces":{"north":{"uv":[2.25,8.75,0.75,10.25],"texture":"#1"},"east":{"uv":[2.5,5.5,0,8.25],"texture":"#1"},"south":{"uv":[2.25,8.75,0.75,10.25],"texture":"#1"},"west":{"uv":[2.5,5.5,0,8.25],"texture":"#1"},"up":{"uv":[2.75,9,0.25,9.25],"texture":"#1"},"down":{"uv":[2.5,7.75,0,8.25],"texture":"#1"}}},{"from":[-8.835,10.645,14.8],"to":[-7.525,11.96,14.8],"rotation":{"angle":0,"axis":"y","origin":[-4.875,16.58,19.75]},"faces":{"north":{"uv":[13.25,0.25,10.75,4.25],"rotation":180,"texture":"#1"},"south":{"uv":[10.75,0.25,13.25,4.25],"rotation":180,"texture":"#1"}}},{"from":[-7.535,10.645,14.8],"to":[-6.225,11.96,14.8],"rotation":{"angle":0,"axis":"y","origin":[-3.575,16.58,19.75]},"faces":{"north":{"uv":[8.25,4,6,8],"rotation":180,"texture":"#1"}}},{"from":[-11.475,10.645,14.8],"to":[-10.165,11.96,14.8],"rotation":{"angle":0,"axis":"y","origin":[-14.125,16.58,19.75]},"faces":{"north":{"uv":[10.75,0.25,13.25,4.25],"rotation":180,"texture":"#1"},"south":{"uv":[13.25,0.25,10.75,4.25],"rotation":180,"texture":"#1"}}},{"from":[-12.775,10.345,14.8],"to":[-11.465,11.66,14.8],"rotation":{"angle":0,"axis":"y","origin":[-15.425,16.28,19.75]},"faces":{"north":{"uv":[8.25,4,6,8],"texture":"#1"}}},{"from":[-9.934,9.68,14.57],"to":[-9.076,10.34,15.03],"rotation":{"angle":0,"axis":"y","origin":[-14.125,5.72,19.75]},"faces":{"north":{"uv":[1.5,3,3,1.75],"texture":"#1"},"east":{"uv":[0,2.75,1.5,1.5],"texture":"#1"},"south":{"uv":[0,2.75,1.5,1.5],"texture":"#1"},"west":{"uv":[0,2.75,1.5,1.5],"texture":"#1"},"up":{"uv":[1,1,0,0],"texture":"#missing"},"down":{"uv":[1.5,1.25,3,0],"texture":"#1"}}},{"from":[-9.434,9.38,14.83],"to":[-9.076,10.34,14.83],"rotation":{"angle":0,"axis":"y","origin":[-14.125,5.72,19.75]},"faces":{"north":{"uv":[1.5,3,3,1.75],"texture":"#1"},"east":{"uv":[0,2.75,1.5,1.5],"texture":"#1"},"south":{"uv":[0,2.75,1.5,1.5],"texture":"#1"},"west":{"uv":[0,2.75,1.5,1.5],"texture":"#1"},"up":{"uv":[1,1,0,0],"texture":"#missing"},"down":{"uv":[1.5,1.25,3,0],"texture":"#1"}}},{"from":[-9.934,9.38,14.83],"to":[-9.576,10.34,14.83],"rotation":{"angle":0,"axis":"y","origin":[-14.525,5.72,19.75]},"faces":{"north":{"uv":[1.5,3,3,1.75],"texture":"#1"},"east":{"uv":[0,2.75,1.5,1.5],"texture":"#1"},"south":{"uv":[0,2.75,1.5,1.5],"texture":"#1"},"west":{"uv":[0,2.75,1.5,1.5],"texture":"#1"},"up":{"uv":[1,1,0,0],"texture":"#missing"},"down":{"uv":[1.5,1.25,3,0],"texture":"#1"}}},{"from":[-9.575,12.55,14.725],"to":[-9.425,13.3,14.875],"rotation":{"angle":0,"axis":"y","origin":[-17.5,9.3,8]},"faces":{"north":{"uv":[1,3,3,7],"texture":"#0"},"east":{"uv":[1,3,3,7],"texture":"#0"},"south":{"uv":[1,3,3,7],"texture":"#0"},"west":{"uv":[1,3,3,7],"texture":"#0"},"up":{"uv":[1,3,3,7],"texture":"#0"},"down":{"uv":[1,3,3,7],"texture":"#0"}}}],"display":{"thirdperson_righthand":{"rotation":[75,-3.25,0],"translation":[-2.25,0.5,-3.75],"scale":[0.38789,0.38789,0.38789]},"thirdperson_lefthand":{"rotation":[75,-3.25,0],"translation":[-8.25,0.5,-3.5],"scale":[0.38789,0.38789,0.38789]},"firstperson_righthand":{"rotation":[0,139.5,0],"translation":[-2.75,2,2],"scale":[0.26914,0.26914,0.26914]},"firstperson_lefthand":{"rotation":[0,139.5,0],"translation":[2.5,0.75,2],"scale":[0.26914,0.26914,0.26914]},"ground":{"translation":[0,0.25,0],"scale":[0.5,0.5,0.5]},"gui":{"rotation":[30,225,0],"translation":[0,-6,0],"scale":[0.7,0.7,0.7]},"head":{"rotation":[0,-180,0],"translation":[-7,-25,-3.75],"scale":[1.02,1.28,1.28]},"fixed":{"translation":[5.75,-2,-5],"scale":[0.71,0.71,0.71]}},"groups":[{"name":"Bat","origin":[4.625,15.53,19.75],"children":[0,1,2,3,4,5,6,7,8,9]},{"name":"string","origin":[2,8.5,8],"children":[10,11,12,13,14,15,16,17,18,19,20,21,22,23,24,25,26,27,28,29,30,31,32,33,34,35,36,37,38,39,40,41,42,43,44,45,46,47,48,49,50,51,52,53,54,55,56,57,58,59,60]},{"name":"Bat","origin":[4.625,15.53,19.75],"children":[61,62,63,64,65,66,67,68,69,70]},{"name":"Bat","origin":[4.625,15.53,19.75],"children":[71,72,73,74,75,76,77,78,79,80]},{"name":"Bat","origin":[4.625,15.53,19.75],"children":[81,82,83,84,85,86,87,88,89,90]}]}