{"credit":"Made by spike5032","textures":{"1":"block/bone_block_side","2":"block/wet_sponge","particle":"block/bone_block_side","3_1":"block/black_concrete"},"elements":[{"from":[5.54974,0.01752,5.04156],"to":[10.59582,1.45926,6.84373],"rotation":{"angle":0,"axis":"y","origin":[8,4.37656,6.1344]},"faces":{"north":{"uv":[0,0,5.4096,1.5456],"texture":"#1"},"east":{"uv":[0,0,1.932,1.5456],"texture":"#1"},"south":{"uv":[0,0,5.4096,1.5456],"texture":"#1"},"west":{"uv":[0,0,1.932,1.5456],"texture":"#1"},"up":{"uv":[0,0,5.4096,1.932],"texture":"#1"},"down":{"uv":[0,0,5.4096,1.932],"texture":"#1"}}},{"from":[5.18931,1.45926,5.04156],"to":[10.95625,2.18013,6.84373],"rotation":{"angle":0,"axis":"y","origin":[8,4.37656,6.1344]},"faces":{"north":{"uv":[0,0,6.1824,0.7728],"texture":"#1"},"east":{"uv":[0,0,1.932,0.7728],"texture":"#1"},"south":{"uv":[0,0,6.1824,0.7728],"texture":"#1"},"west":{"uv":[0,0,1.932,0.7728],"texture":"#1"},"up":{"uv":[0,0,6.1824,1.932],"texture":"#1"},"down":{"uv":[0,0,6.1824,1.932],"texture":"#1"}}},{"from":[5.18931,3.62186,5.04156],"to":[10.95625,4.34273,6.84373],"rotation":{"angle":0,"axis":"y","origin":[8,4.37656,6.1344]},"faces":{"north":{"uv":[0,0,6.1824,0.7728],"texture":"#1"},"east":{"uv":[0,0,1.932,0.7728],"texture":"#1"},"south":{"uv":[0,0,6.1824,0.7728],"texture":"#1"},"west":{"uv":[0,0,1.932,0.7728],"texture":"#1"},"up":{"uv":[0,0,6.1824,1.932],"texture":"#1"},"down":{"uv":[0,0,6.1824,1.932],"texture":"#1"}}},{"from":[4.82887,4.34273,5.04156],"to":[11.31668,5.78447,6.84373],"rotation":{"angle":0,"axis":"y","origin":[8,4.37656,6.1344]},"faces":{"north":{"uv":[0,0,6.9552,1.5456],"texture":"#1"},"east":{"uv":[0,0,1.932,1.5456],"texture":"#1"},"south":{"uv":[0,0,6.9552,1.5456],"texture":"#1"},"west":{"uv":[0,0,1.932,1.5456],"texture":"#1"},"up":{"uv":[0,0,6.9552,1.932],"texture":"#1"},"down":{"uv":[0,0,6.9552,1.932],"texture":"#1"}}},{"from":[8.79352,4.34286,4.32069],"to":[9.51439,5.78459,5.04156],"rotation":{"angle":0,"axis":"y","origin":[8,4.37656,6.1344]},"faces":{"north":{"uv":[0,0,0.7728,1.5456],"texture":"#1"},"east":{"uv":[0,0,0.7728,1.5456],"texture":"#1"},"south":{"uv":[0,0,0.7728,1.5456],"texture":"#1"},"west":{"uv":[0,0,0.7728,1.5456],"texture":"#1"},"up":{"uv":[0,0,0.7728,0.7728],"texture":"#1"},"down":{"uv":[0,0,0.7728,0.7728],"texture":"#1"}}},{"from":[6.63092,4.34286,4.32069],"to":[7.35178,5.78459,5.04156],"rotation":{"angle":0,"axis":"y","origin":[8,4.37656,6.1344]},"faces":{"north":{"uv":[0,0,0.7728,1.5456],"texture":"#1"},"east":{"uv":[0,0,0.7728,1.5456],"texture":"#1"},"south":{"uv":[0,0,0.7728,1.5456],"texture":"#1"},"west":{"uv":[0,0,0.7728,1.5456],"texture":"#1"},"up":{"uv":[0,0,0.7728,0.7728],"texture":"#1"},"down":{"uv":[0,0,0.7728,0.7728],"texture":"#1"}}},{"from":[7.4009,5.75569,4.30043],"to":[8.84263,6.47655,5.38173],"rotation":{"angle":0,"axis":"y","origin":[8,4.37656,6.1344]},"faces":{"north":{"uv":[0,0,0.7728,1.5456],"rotation":270,"texture":"#1"},"east":{"uv":[0,0,0.7728,1.1592],"rotation":270,"texture":"#1"},"south":{"uv":[0,0,0.7728,1.5456],"rotation":270,"texture":"#1"},"west":{"uv":[0,0,0.7728,1.1592],"rotation":270,"texture":"#1"},"up":{"uv":[0,0,1.1592,1.5456],"rotation":270,"texture":"#1"},"down":{"uv":[0,0,1.1592,1.5456],"rotation":270,"texture":"#1"}}},{"from":[6.27061,0.01752,4.32069],"to":[9.87495,1.45926,5.04156],"rotation":{"angle":0,"axis":"y","origin":[8,4.37656,6.1344]},"faces":{"north":{"uv":[0,0,3.864,1.5456],"texture":"#1"},"east":{"uv":[0,0,0.7728,1.5456],"texture":"#1"},"south":{"uv":[0,0,3.864,1.5456],"texture":"#1"},"west":{"uv":[0,0,0.7728,1.5456],"texture":"#1"},"up":{"uv":[0,0,3.864,0.7728],"texture":"#1"},"down":{"uv":[0,0,3.864,0.7728],"texture":"#1"}}},{"from":[4.46856,3.47756,6.12286],"to":[11.67724,8.52364,12.25024],"rotation":{"angle":0,"axis":"y","origin":[8,4.37656,6.1344]},"faces":{"north":{"uv":[0,0,7.728,5.4096],"texture":"#1"},"east":{"uv":[0,0,6.5688,5.4096],"texture":"#1"},"south":{"uv":[0,0,7.728,5.4096],"texture":"#1"},"west":{"uv":[0,0,6.5688,5.4096],"texture":"#1"},"up":{"uv":[0,0,7.728,6.5688],"texture":"#1"},"down":{"uv":[0,0,7.728,6.5688],"texture":"#1"}}},{"from":[5.18943,8.52364,6.12286],"to":[10.95638,9.60494,11.52937],"rotation":{"angle":0,"axis":"y","origin":[8,4.37656,6.1344]},"faces":{"north":{"uv":[0,0,6.1824,1.1592],"texture":"#1"},"east":{"uv":[0,0,5.796,1.1592],"texture":"#1"},"south":{"uv":[0,0,6.1824,1.1592],"texture":"#1"},"west":{"uv":[0,0,5.796,1.1592],"texture":"#1"},"up":{"uv":[0,0,6.1824,5.796],"texture":"#1"},"down":{"uv":[0,0,6.1824,5.796],"texture":"#1"}}},{"from":[5.26152,2.18139,6.12148],"to":[11.02846,3.55104,11.52799],"rotation":{"angle":0,"axis":"y","origin":[8,4.37656,6.1344]},"faces":{"north":{"uv":[0,0,6.1824,1.46832],"texture":"#1"},"east":{"uv":[0,0,5.796,1.46832],"texture":"#1"},"south":{"uv":[0,0,6.1824,1.46832],"texture":"#1"},"west":{"uv":[0,0,5.796,1.46832],"texture":"#1"},"up":{"uv":[0,0,6.1824,5.796],"texture":"#1"},"down":{"uv":[0,0,6.1824,5.796],"texture":"#1"}}},{"from":[5.54987,0.01815,6.12211],"to":[10.59594,2.18076,10.44731],"rotation":{"angle":0,"axis":"y","origin":[8,4.37656,6.1344]},"faces":{"north":{"uv":[0,0,5.4096,2.3184],"texture":"#1"},"east":{"uv":[0,0,4.6368,2.3184],"texture":"#1"},"south":{"uv":[0,0,5.4096,2.3184],"texture":"#1"},"west":{"uv":[0,0,4.6368,2.3184],"texture":"#1"},"up":{"uv":[0,0,5.4096,4.6368],"texture":"#1"},"down":{"uv":[0,0,5.4096,4.6368],"texture":"#1"}}},{"from":[7.4009,5.75569,5.38173],"to":[8.84263,8.13455,6.1026],"rotation":{"angle":0,"axis":"y","origin":[8,4.37656,6.1344]},"faces":{"north":{"uv":[0,0,2.55024,1.5456],"rotation":270,"texture":"#1"},"east":{"uv":[0,0,2.55024,0.7728],"rotation":270,"texture":"#1"},"south":{"uv":[0,0,2.55024,1.5456],"rotation":270,"texture":"#1"},"west":{"uv":[0,0,2.55024,0.7728],"rotation":270,"texture":"#1"},"up":{"uv":[0,0,0.7728,1.5456],"rotation":270,"texture":"#1"},"down":{"uv":[0,0,0.7728,1.5456],"rotation":270,"texture":"#1"}}},{"from":[5.59873,7.41368,5.38173],"to":[7.4009,8.13455,6.1026],"rotation":{"angle":0,"axis":"y","origin":[8,4.37656,6.1344]},"faces":{"north":{"uv":[0,0,0.7728,1.932],"rotation":270,"texture":"#1"},"east":{"uv":[0,0,0.7728,0.7728],"rotation":270,"texture":"#1"},"south":{"uv":[0,0,0.7728,1.932],"rotation":270,"texture":"#1"},"west":{"uv":[0,0,0.7728,0.7728],"rotation":270,"texture":"#1"},"up":{"uv":[0,0,0.7728,1.932],"rotation":270,"texture":"#1"},"down":{"uv":[0,0,0.7728,1.932],"rotation":270,"texture":"#1"}}},{"from":[8.84263,7.41381,5.38161],"to":[10.6448,8.13467,6.10248],"rotation":{"angle":0,"axis":"y","origin":[8,4.37656,6.1344]},"faces":{"north":{"uv":[0,0,0.7728,1.932],"rotation":270,"texture":"#1"},"east":{"uv":[0,0,0.7728,0.7728],"rotation":270,"texture":"#1"},"south":{"uv":[0,0,0.7728,1.932],"rotation":270,"texture":"#1"},"west":{"uv":[0,0,0.7728,0.7728],"rotation":270,"texture":"#1"},"up":{"uv":[0,0,0.7728,1.932],"rotation":270,"texture":"#1"},"down":{"uv":[0,0,0.7728,1.932],"rotation":270,"texture":"#1"}}},{"from":[5.62183,1.45926,5.18573],"to":[6.3427,2.901,6.62747],"rotation":{"angle":0,"axis":"y","origin":[8,4.37656,6.1344]},"faces":{"north":{"uv":[4,4,7,7],"texture":"#2"},"east":{"uv":[4,4,7,7],"texture":"#2"},"south":{"uv":[4,4,7,7],"texture":"#2"},"west":{"uv":[4,4,7,7],"texture":"#2"},"up":{"uv":[4,4,7,7],"texture":"#2"},"down":{"uv":[4,4,7,7],"texture":"#2"}}},{"from":[6.05435,2.901,5.18573],"to":[6.77522,4.34273,6.62747],"rotation":{"angle":0,"axis":"y","origin":[8,4.37656,6.1344]},"faces":{"north":{"uv":[4,4,7,7],"texture":"#2"},"east":{"uv":[4,4,7,7],"texture":"#2"},"south":{"uv":[4,4,7,7],"texture":"#2"},"west":{"uv":[4,4,7,7],"texture":"#2"},"up":{"uv":[4,4,7,7],"texture":"#2"},"down":{"uv":[4,4,7,7],"texture":"#2"}}},{"from":[6.48687,1.45926,5.18573],"to":[7.20774,2.901,6.62747],"rotation":{"angle":0,"axis":"y","origin":[8,4.37656,6.1344]},"faces":{"north":{"uv":[4,4,7,7],"texture":"#2"},"east":{"uv":[4,4,7,7],"texture":"#2"},"south":{"uv":[4,4,7,7],"texture":"#2"},"west":{"uv":[4,4,7,7],"texture":"#2"},"up":{"uv":[4,4,7,7],"texture":"#2"},"down":{"uv":[4,4,7,7],"texture":"#2"}}},{"from":[7.20774,2.901,5.18573],"to":[7.9286,4.34273,6.62747],"rotation":{"angle":0,"axis":"y","origin":[8,4.37656,6.1344]},"faces":{"north":{"uv":[4,4,7,7],"rotation":90,"texture":"#2"},"east":{"uv":[4,4,7,7],"texture":"#2"},"south":{"uv":[4,4,7,7],"texture":"#2"},"west":{"uv":[4,4,7,7],"texture":"#2"},"up":{"uv":[4,4,7,7],"texture":"#2"},"down":{"uv":[4,4,7,7],"texture":"#2"}}},{"from":[8.07278,2.901,5.18573],"to":[8.79365,4.34273,6.62747],"rotation":{"angle":0,"axis":"y","origin":[8,4.37656,6.1344]},"faces":{"north":{"uv":[4,4,7,7],"texture":"#2"},"east":{"uv":[4,4,7,7],"texture":"#2"},"south":{"uv":[4,4,7,7],"texture":"#2"},"west":{"uv":[4,4,7,7],"texture":"#2"},"up":{"uv":[4,4,7,7],"texture":"#2"},"down":{"uv":[4,4,7,7],"texture":"#2"}}},{"from":[8.79365,1.45926,5.18573],"to":[9.51451,2.901,6.62747],"rotation":{"angle":0,"axis":"y","origin":[8,4.37656,6.1344]},"faces":{"north":{"uv":[4,4,7,7],"texture":"#2"},"east":{"uv":[4,4,7,7],"texture":"#2"},"south":{"uv":[4,4,7,7],"texture":"#2"},"west":{"uv":[4,4,7,7],"texture":"#2"},"up":{"uv":[4,4,7,7],"texture":"#2"},"down":{"uv":[4,4,7,7],"texture":"#2"}}},{"from":[9.51451,2.901,5.18573],"to":[10.23538,4.34273,6.62747],"rotation":{"angle":0,"axis":"y","origin":[8,4.37656,6.1344]},"faces":{"north":{"uv":[4,4,7,7],"texture":"#2"},"east":{"uv":[4,4,7,7],"texture":"#2"},"south":{"uv":[4,4,7,7],"texture":"#2"},"west":{"uv":[4,4,7,7],"texture":"#2"},"up":{"uv":[4,4,7,7],"texture":"#2"},"down":{"uv":[4,4,7,7],"texture":"#2"}}},{"from":[7.4009,4.45812,4.87713],"to":[8.84263,5.75569,5.0213],"rotation":{"angle":0,"axis":"y","origin":[8,4.37656,6.1344]},"faces":{"north":{"uv":[0,0,0.5,1],"rotation":270,"texture":"#3_1"},"east":{"uv":[0,0,0.5,1],"rotation":270,"texture":"#3_1"},"south":{"uv":[0,0,0.5,1],"rotation":270,"texture":"#3_1"},"west":{"uv":[0,0,0.5,1],"rotation":270,"texture":"#3_1"},"up":{"uv":[0,0,0.5,1],"rotation":270,"texture":"#3_1"},"down":{"uv":[0,0,0.5,1],"rotation":270,"texture":"#3_1"}}},{"from":[8.84263,5.75569,5.95843],"to":[10.6448,7.41368,6.1026],"rotation":{"angle":0,"axis":"y","origin":[8,4.37656,6.1344]},"faces":{"north":{"uv":[0,0,0.5,1],"rotation":270,"texture":"#3_1"},"east":{"uv":[0,0,0.5,1],"rotation":270,"texture":"#3_1"},"south":{"uv":[0,0,0.5,1],"rotation":270,"texture":"#3_1"},"west":{"uv":[0,0,0.5,1],"rotation":270,"texture":"#3_1"},"up":{"uv":[0,0,0.5,1],"rotation":270,"texture":"#3_1"},"down":{"uv":[0,0,0.5,1],"rotation":270,"texture":"#3_1"}}},{"from":[5.59873,5.75569,5.95843],"to":[7.4009,7.41368,6.1026],"rotation":{"angle":0,"axis":"y","origin":[8,4.37656,6.1344]},"faces":{"north":{"uv":[0,0,0.5,1],"rotation":270,"texture":"#3_1"},"east":{"uv":[0,0,0.5,1],"rotation":270,"texture":"#3_1"},"south":{"uv":[0,0,0.5,1],"rotation":270,"texture":"#3_1"},"west":{"uv":[0,0,0.5,1],"rotation":270,"texture":"#3_1"},"up":{"uv":[0,0,0.5,1],"rotation":270,"texture":"#3_1"},"down":{"uv":[0,0,0.5,1],"rotation":270,"texture":"#3_1"}}}],"display":{"thirdperson_righthand":{"rotation":[71,30.5,-1.25],"translation":[0,2.5,1],"scale":[0.58398,0.58398,0.58398]},"thirdperson_lefthand":{"rotation":[71,30.5,-1.25],"translation":[0,2.5,1],"scale":[0.58398,0.58398,0.58398]},"firstperson_righthand":{"rotation":[0,106.5,0],"translation":[-0.25,4.75,2],"scale":[0.5,0.5,0.5]},"firstperson_lefthand":{"rotation":[0,106.5,0],"translation":[-0.25,4.75,2],"scale":[0.5,0.5,0.5]},"ground":{"translation":[0,2.75,0],"scale":[0.5,0.5,0.5]},"gui":{"rotation":[15,-159,0],"translation":[0.25,3,0],"scale":[0.92,0.92,0.92]},"head":{"rotation":[0,-180,0],"translation":[0,-33.75,-0.25],"scale":[1.2,1.2,1.2]},"fixed":{"translation":[0,3.5,-1.5],"scale":[1.3,1.3,1.3]}},"groups":[{"name":"Skull","origin":[8,8,8],"children":[0,1,2,3,4,5,6,7,8,9,10,11,12,13,14,{"name":"Teeth","origin":[8,8,8],"children":[15,16,17,18,19,20,21]},{"name":"Dark Bits","origin":[8,8,8],"children":[22,23,24]}]}]}