{"credit":"Made by spike5032","textures":{"0":"block/stone_bricks","1":"block/smooth_stone_slab_side","particle":"block/stone_bricks"},"elements":[{"from":[0.1454,0.0518,3.7706],"to":[15.8546,1.2602,12.2294],"rotation":{"angle":0,"axis":"y","origin":[8,9.719,8]},"faces":{"north":{"uv":[0,7,16,9],"rotation":180,"texture":"#1"},"east":{"uv":[2,7,8,9],"rotation":180,"texture":"#1"},"south":{"uv":[0,7,16,9],"rotation":180,"texture":"#1"},"west":{"uv":[2,7,8,9],"rotation":180,"texture":"#1"},"up":{"uv":[1,1,15,9],"texture":"#0"},"down":{"uv":[1,1,15,9],"texture":"#0"}}},{"from":[1.0517,1.2602,4.6769],"to":[14.9483,2.4686,11.3231],"rotation":{"angle":0,"axis":"y","origin":[8,9.719,8]},"faces":{"north":{"uv":[0,7,16,9],"rotation":180,"texture":"#1"},"east":{"uv":[2,7,8,9],"rotation":180,"texture":"#1"},"south":{"uv":[0,7,16,9],"rotation":180,"texture":"#1"},"west":{"uv":[2,7,8,9],"rotation":180,"texture":"#1"},"up":{"uv":[1,1,13,7],"texture":"#0"},"down":{"uv":[0,0,12,6],"texture":"#1"}}},{"from":[1.958,2.4686,5.5832],"to":[14.042,12.1358,10.4168],"rotation":{"angle":0,"axis":"y","origin":[8,9.719,8]},"faces":{"north":{"uv":[1,1,11,9],"texture":"#0"},"east":{"uv":[1,1,5,9],"texture":"#0"},"south":{"uv":[1,1,11,9],"texture":"#0"},"west":{"uv":[1,1,5,9],"texture":"#0"},"up":{"uv":[1,1,11,5],"texture":"#0"},"down":{"uv":[1,1,11,5],"texture":"#0"}}},{"from":[6.09078,13.9612,5.61388],"to":[9.90922,14.75553,10.4168],"rotation":{"angle":0,"axis":"y","origin":[8,10.25934,8]},"faces":{"north":{"uv":[2,2,6.175,2.868],"texture":"#0"},"east":{"uv":[1,1,4.99964,3.06066],"texture":"#0"},"south":{"uv":[2,2,6.175,2.868],"texture":"#0"},"west":{"uv":[1,1,4.99964,3.06066],"texture":"#0"},"up":{"uv":[1,1,5,5],"texture":"#0"},"down":{"uv":[1,1,9.29289,4.99964],"texture":"#0"}}},{"from":[6.0909,13.94575,5.36377],"to":[9.90935,14.80555,5.91669],"rotation":{"angle":0,"axis":"y","origin":[8.00013,10.24389,7.99989]},"faces":{"north":{"uv":[3,7,8,8],"texture":"#1"},"east":{"uv":[3,7,8,8],"texture":"#1"},"south":{"uv":[3,7,8,8],"texture":"#1"},"west":{"uv":[3,7,8,8],"texture":"#1"},"up":{"uv":[3,7,8,8],"texture":"#1"},"down":{"uv":[3,7,8,8],"texture":"#1"}}},{"from":[6.0909,13.94575,10.08331],"to":[9.90935,14.80555,10.63623],"rotation":{"angle":0,"axis":"y","origin":[8.00013,10.24389,8.00011]},"faces":{"north":{"uv":[8,7,3,8],"texture":"#1"},"east":{"uv":[8,7,3,8],"texture":"#1"},"south":{"uv":[8,7,3,8],"texture":"#1"},"west":{"uv":[8,7,3,8],"texture":"#1"},"up":{"uv":[3,8,8,7],"texture":"#1"},"down":{"uv":[3,8,8,7],"texture":"#1"}}},{"from":[11.62935,11.29152,5.34801],"to":[14.0478,12.15132,5.90093],"rotation":{"angle":0,"axis":"y","origin":[14.48858,7.58966,7.98413]},"faces":{"north":{"uv":[5,7,9,8],"texture":"#1"},"east":{"uv":[5,7,9,8],"texture":"#1"},"south":{"uv":[5,7,9,8],"texture":"#1"},"west":{"uv":[5,7,9,8],"texture":"#1"},"up":{"uv":[5,7,9,8],"texture":"#1"},"down":{"uv":[5,7,9,8],"texture":"#1"}}},{"from":[11.62935,11.29152,10.09907],"to":[14.0478,12.15132,10.65199],"rotation":{"angle":0,"axis":"y","origin":[14.48858,7.58966,8.01587]},"faces":{"north":{"uv":[9,7,5,8],"texture":"#1"},"east":{"uv":[9,7,5,8],"texture":"#1"},"south":{"uv":[9,7,5,8],"texture":"#1"},"west":{"uv":[9,7,5,8],"texture":"#1"},"up":{"uv":[5,8,9,7],"texture":"#1"},"down":{"uv":[5,8,9,7],"texture":"#1"}}},{"from":[1.9522,11.29152,5.34801],"to":[4.37065,12.15132,5.90093],"rotation":{"angle":0,"axis":"y","origin":[1.51142,7.58966,7.98413]},"faces":{"north":{"uv":[9,7,5,8],"texture":"#1"},"east":{"uv":[9,7,5,8],"texture":"#1"},"south":{"uv":[9,7,5,8],"texture":"#1"},"west":{"uv":[9,7,5,8],"texture":"#1"},"up":{"uv":[9,7,5,8],"texture":"#1"},"down":{"uv":[9,7,5,8],"texture":"#1"}}},{"from":[1.9522,11.29152,10.09907],"to":[4.37065,12.15132,10.65199],"rotation":{"angle":0,"axis":"y","origin":[1.51142,7.58966,8.01587]},"faces":{"north":{"uv":[5,7,9,8],"texture":"#1"},"east":{"uv":[5,7,9,8],"texture":"#1"},"south":{"uv":[5,7,9,8],"texture":"#1"},"west":{"uv":[5,7,9,8],"texture":"#1"},"up":{"uv":[9,8,5,7],"texture":"#1"},"down":{"uv":[9,8,5,7],"texture":"#1"}}},{"from":[13.1895,2.43445,5.34379],"to":[14.0493,11.29425,5.89671],"rotation":{"angle":0,"axis":"y","origin":[16.04872,6.73259,7.97991]},"faces":{"north":{"uv":[2,7,15,8],"rotation":90,"texture":"#1"},"east":{"uv":[3,7,16,8],"rotation":90,"texture":"#1"},"south":{"uv":[3,7,16,8],"rotation":90,"texture":"#1"},"west":{"uv":[3,7,16,8],"rotation":90,"texture":"#1"},"up":{"uv":[3,7,16,8],"rotation":90,"texture":"#1"},"down":{"uv":[3,7,16,8],"rotation":90,"texture":"#1"}}},{"from":[13.1895,2.43445,10.10329],"to":[14.0493,11.29425,10.65621],"rotation":{"angle":0,"axis":"y","origin":[16.04872,6.73259,8.02009]},"faces":{"north":{"uv":[3,8,16,7],"rotation":90,"texture":"#1"},"east":{"uv":[3,8,16,7],"rotation":90,"texture":"#1"},"south":{"uv":[2,8,15,7],"rotation":90,"texture":"#1"},"west":{"uv":[3,8,16,7],"rotation":90,"texture":"#1"},"up":{"uv":[16,7,3,8],"rotation":90,"texture":"#1"},"down":{"uv":[16,7,3,8],"rotation":90,"texture":"#1"}}},{"from":[1.9507,2.43445,5.34379],"to":[2.8105,11.29425,5.89671],"rotation":{"angle":0,"axis":"y","origin":[-0.04872,6.73259,7.97991]},"faces":{"north":{"uv":[2,8,15,7],"rotation":90,"texture":"#1"},"east":{"uv":[3,8,16,7],"rotation":90,"texture":"#1"},"south":{"uv":[3,8,16,7],"rotation":90,"texture":"#1"},"west":{"uv":[3,8,16,7],"rotation":90,"texture":"#1"},"up":{"uv":[3,8,16,7],"rotation":90,"texture":"#1"},"down":{"uv":[3,8,16,7],"rotation":90,"texture":"#1"}}},{"from":[1.9507,2.43445,10.10329],"to":[2.8105,11.29425,10.65621],"rotation":{"angle":0,"axis":"y","origin":[-0.04872,6.73259,8.02009]},"faces":{"north":{"uv":[3,7,16,8],"rotation":90,"texture":"#1"},"east":{"uv":[3,7,16,8],"rotation":90,"texture":"#1"},"south":{"uv":[2,7,15,8],"rotation":90,"texture":"#1"},"west":{"uv":[3,7,16,8],"rotation":90,"texture":"#1"},"up":{"uv":[16,8,3,7],"rotation":90,"texture":"#1"},"down":{"uv":[16,8,3,7],"rotation":90,"texture":"#1"}}},{"from":[4.208,12.08837,5.58364],"to":[11.792,13.97288,10.4168],"rotation":{"angle":0,"axis":"y","origin":[8,10.25934,8]},"faces":{"north":{"uv":[1,1,9,3],"texture":"#0"},"east":{"uv":[1,1,4.99964,3.06066],"texture":"#0"},"south":{"uv":[1,1,9,3],"texture":"#0"},"west":{"uv":[1,1,4.99964,3.06066],"texture":"#0"},"up":{"uv":[1,1,9.29289,4.99964],"texture":"#0"},"down":{"uv":[1,1,9.29289,4.99964],"texture":"#0"}}},{"from":[3.92675,11.86663,5.61385],"to":[4.69508,13.90666,10.38835],"rotation":{"angle":-22.5,"axis":"z","origin":[4.23384,13.2328,8.01441]},"faces":{"north":{"uv":[1,1,1.84014,3.23072],"texture":"#0"},"east":{"uv":[1,1,5.00109,3.23072],"texture":"#0"},"south":{"uv":[1,1,1.84014,3.23072],"texture":"#0"},"west":{"uv":[1,1,5,3],"texture":"#0"},"up":{"uv":[1,1,1.84014,5.00109],"texture":"#0"},"down":{"uv":[1,1,1.84014,5.00109],"texture":"#0"}}},{"from":[3.92478,11.91859,5.36389],"to":[4.78458,13.95862,5.88839],"rotation":{"angle":-22.5,"axis":"z","origin":[4.23186,13.28475,8.01445]},"faces":{"north":{"uv":[3,7,6,8],"rotation":90,"texture":"#1"},"east":{"uv":[3,7,6,8],"rotation":90,"texture":"#1"},"south":{"uv":[3,7,6,8],"rotation":90,"texture":"#1"},"west":{"uv":[3,7,6,8],"rotation":90,"texture":"#1"},"up":{"uv":[3,7,6,8],"rotation":90,"texture":"#1"},"down":{"uv":[3,7,6,8],"rotation":90,"texture":"#1"}}},{"from":[3.92478,11.91859,10.11161],"to":[4.78458,13.95862,10.63611],"rotation":{"angle":-22.5,"axis":"z","origin":[4.23186,13.28475,7.98555]},"faces":{"north":{"uv":[3,8,6,7],"rotation":90,"texture":"#1"},"east":{"uv":[3,8,6,7],"rotation":90,"texture":"#1"},"south":{"uv":[3,8,6,7],"rotation":90,"texture":"#1"},"west":{"uv":[3,8,6,7],"rotation":90,"texture":"#1"},"up":{"uv":[6,7,3,8],"rotation":90,"texture":"#1"},"down":{"uv":[6,7,3,8],"rotation":90,"texture":"#1"}}},{"from":[4.27537,13.53149,5.61388],"to":[6.3154,14.39126,10.38838],"rotation":{"angle":22.5,"axis":"z","origin":[5.28745,14.00875,8.016]},"faces":{"north":{"uv":[1,1,1.84014,3.23072],"rotation":270,"texture":"#0"},"east":{"uv":[1,1,1.84014,5.00109],"rotation":90,"texture":"#0"},"south":{"uv":[1,1,1.84014,3.23072],"rotation":90,"texture":"#0"},"west":{"uv":[1,1,1.84014,5.00109],"rotation":90,"texture":"#0"},"up":{"uv":[1,1,5,3],"rotation":90,"texture":"#0"},"down":{"uv":[1,1,5.00109,3.23072],"rotation":90,"texture":"#0"}}},{"from":[4.27537,13.58149,5.36388],"to":[6.3154,14.44126,5.88838],"rotation":{"angle":22.5,"axis":"z","origin":[5.28745,14.05875,8.016]},"faces":{"north":{"uv":[3,7,6,8],"texture":"#1"},"east":{"uv":[3,7,6,8],"texture":"#1"},"south":{"uv":[3,7,6,8],"texture":"#1"},"west":{"uv":[3,7,6,8],"texture":"#1"},"up":{"uv":[3,7,6,8],"texture":"#1"},"down":{"uv":[3,7,6,8],"texture":"#1"}}},{"from":[4.27537,13.58149,10.11162],"to":[6.3154,14.44126,10.63612],"rotation":{"angle":22.5,"axis":"z","origin":[5.28745,14.05875,7.984]},"faces":{"north":{"uv":[6,7,3,8],"texture":"#1"},"east":{"uv":[6,7,3,8],"texture":"#1"},"south":{"uv":[6,7,3,8],"texture":"#1"},"west":{"uv":[6,7,3,8],"texture":"#1"},"up":{"uv":[3,8,6,7],"texture":"#1"},"down":{"uv":[3,8,6,7],"texture":"#1"}}},{"from":[9.6846,13.53149,5.61388],"to":[11.72463,14.39126,10.38838],"rotation":{"angle":-22.5,"axis":"z","origin":[10.71255,14.00875,8.016]},"faces":{"north":{"uv":[1,3.23072,1.84014,1],"rotation":270,"texture":"#0"},"east":{"uv":[1,5.00109,1.84014,1],"rotation":90,"texture":"#0"},"south":{"uv":[1,3.23072,1.84014,1],"rotation":90,"texture":"#0"},"west":{"uv":[1,5.00109,1.84014,1],"rotation":90,"texture":"#0"},"up":{"uv":[1,3,5,1],"rotation":90,"texture":"#0"},"down":{"uv":[1,3.23072,5.00109,1],"rotation":90,"texture":"#0"}}},{"from":[9.6846,13.58149,5.36388],"to":[11.72463,14.44129,5.88838],"rotation":{"angle":-22.5,"axis":"z","origin":[10.71255,14.05875,8.016]},"faces":{"north":{"uv":[3,7,6,8],"texture":"#1"},"east":{"uv":[3,7,6,8],"texture":"#1"},"south":{"uv":[3,7,6,8],"texture":"#1"},"west":{"uv":[3,7,6,8],"texture":"#1"},"up":{"uv":[3,7,6,8],"texture":"#1"},"down":{"uv":[3,7,6,8],"texture":"#1"}}},{"from":[9.6846,13.58149,10.11162],"to":[11.72463,14.44129,10.63612],"rotation":{"angle":-22.5,"axis":"z","origin":[10.71255,14.05875,7.984]},"faces":{"north":{"uv":[6,7,3,8],"texture":"#1"},"east":{"uv":[6,7,3,8],"texture":"#1"},"south":{"uv":[6,7,3,8],"texture":"#1"},"west":{"uv":[6,7,3,8],"texture":"#1"},"up":{"uv":[3,8,6,7],"texture":"#1"},"down":{"uv":[3,8,6,7],"texture":"#1"}}},{"from":[11.30492,11.86663,5.61385],"to":[12.07325,13.90666,10.38835],"rotation":{"angle":22.5,"axis":"z","origin":[11.76616,13.2328,8.01441]},"faces":{"north":{"uv":[1,1,1.84014,3.23072],"texture":"#0"},"east":{"uv":[1,1,5,3],"texture":"#0"},"south":{"uv":[1,1,1.84014,3.23072],"texture":"#0"},"west":{"uv":[1,1,5.00109,3.23072],"texture":"#0"},"up":{"uv":[1,1,1.84014,5.00109],"texture":"#0"},"down":{"uv":[1,1,1.84014,5.00109],"texture":"#0"}}},{"from":[11.22245,11.88346,5.36397],"to":[12.08225,13.92349,5.88847],"rotation":{"angle":22.5,"axis":"z","origin":[11.68369,13.24963,8.01453]},"faces":{"north":{"uv":[3,7,6,8],"rotation":90,"texture":"#1"},"east":{"uv":[3,7,6,8],"rotation":90,"texture":"#1"},"south":{"uv":[3,7,6,8],"rotation":90,"texture":"#1"},"west":{"uv":[3,7,6,8],"rotation":90,"texture":"#1"},"up":{"uv":[3,7,6,8],"rotation":90,"texture":"#1"},"down":{"uv":[3,7,6,8],"rotation":90,"texture":"#1"}}},{"from":[11.22245,11.88346,10.11153],"to":[12.08225,13.92349,10.63603],"rotation":{"angle":22.5,"axis":"z","origin":[11.68369,13.24963,7.98547]},"faces":{"north":{"uv":[3,8,6,7],"rotation":90,"texture":"#1"},"east":{"uv":[3,8,6,7],"rotation":90,"texture":"#1"},"south":{"uv":[3,8,6,7],"rotation":90,"texture":"#1"},"west":{"uv":[3,8,6,7],"rotation":90,"texture":"#1"},"up":{"uv":[6,7,3,8],"rotation":90,"texture":"#1"},"down":{"uv":[6,7,3,8],"rotation":90,"texture":"#1"}}},{"from":[4.3748,6.7606,5.2811],"to":[11.6252,7.3648,5.5832],"rotation":{"angle":0,"axis":"y","origin":[8,7.969,8]},"faces":{"north":{"uv":[0,7,6,8],"rotation":180,"texture":"#1"},"east":{"uv":[2,7,3,8],"rotation":180,"texture":"#1"},"south":{"uv":[0,7,6,8],"rotation":180,"texture":"#1"},"west":{"uv":[2,7,3,8],"rotation":180,"texture":"#1"},"up":{"uv":[0,7,6,8],"rotation":180,"texture":"#1"},"down":{"uv":[0,7,6,8],"rotation":180,"texture":"#1"}}},{"from":[4.3748,7.3648,5.2811],"to":[4.979,9.7816,5.5832],"rotation":{"angle":0,"axis":"y","origin":[8,7.969,8]},"faces":{"north":{"uv":[4,7,7,8],"rotation":90,"texture":"#1"},"east":{"uv":[4,7,7,8],"rotation":90,"texture":"#1"},"south":{"uv":[4,7,7,8],"rotation":90,"texture":"#1"},"west":{"uv":[4,7,7,8],"rotation":90,"texture":"#1"},"up":{"uv":[4,7,7,8],"rotation":90,"texture":"#1"},"down":{"uv":[4,7,7,8],"rotation":90,"texture":"#1"}}},{"from":[4.3748,9.7816,5.2811],"to":[11.6252,10.3858,5.5832],"rotation":{"angle":0,"axis":"y","origin":[8,7.969,8]},"faces":{"north":{"uv":[0,7,6,8],"rotation":180,"texture":"#1"},"east":{"uv":[2,7,3,8],"rotation":180,"texture":"#1"},"south":{"uv":[0,7,6,8],"rotation":180,"texture":"#1"},"west":{"uv":[2,7,3,8],"rotation":180,"texture":"#1"},"up":{"uv":[0,7,6,8],"rotation":180,"texture":"#1"},"down":{"uv":[0,7,6,8],"rotation":180,"texture":"#1"}}},{"from":[11.021,7.3648,5.2811],"to":[11.6252,9.7816,5.5832],"rotation":{"angle":0,"axis":"y","origin":[8,7.969,8]},"faces":{"north":{"uv":[4,7,7,8],"rotation":90,"texture":"#1"},"east":{"uv":[4,7,7,8],"rotation":90,"texture":"#1"},"south":{"uv":[4,7,7,8],"rotation":90,"texture":"#1"},"west":{"uv":[4,7,7,8],"rotation":90,"texture":"#1"},"up":{"uv":[4,7,7,8],"rotation":90,"texture":"#1"},"down":{"uv":[4,7,7,8],"rotation":90,"texture":"#1"}}}],"display":{"thirdperson_righthand":{"rotation":[75,45,0],"translation":[0,1.5,0],"scale":[0.375,0.375,0.375]},"thirdperson_lefthand":{"rotation":[75,45,0],"translation":[0,1.5,0],"scale":[0.375,0.375,0.375]},"firstperson_righthand":{"rotation":[0,124.75,0],"translation":[0.5,4,0],"scale":[0.4,0.4,0.4]},"firstperson_lefthand":{"rotation":[0,124.75,0],"translation":[0.5,4,0],"scale":[0.4,0.4,0.4]},"ground":{"translation":[0,2.5,0],"scale":[0.38,0.38,0.38]},"gui":{"rotation":[30,225,0],"translation":[0,-0.25,0],"scale":[0.71,0.71,0.71]},"head":{"rotation":[0,-180,0],"translation":[0,-31.25,0],"scale":[1.22,1.53,1.53]},"fixed":{"translation":[0,-1.5,-1.25],"scale":[0.92,0.92,0.92]}},"groups":[0,1,2,3,4,5,6,7,8,9,10,11,12,13,14,15,16,17,18,19,20,21,22,23,24,25,26,{"name":"Frame","origin":[8,8,8],"children":[27,28,29,30]}]}