{"credit":"Made by spike5032","textures":{"0":"block/stripped_dark_oak_log","1":"block/anvil","particle":"block/stripped_dark_oak_log"},"elements":[{"from":[-1,1,15],"to":[17,4,16],"faces":{"north":{"uv":[2,0,5,16],"rotation":90,"texture":"#0"},"east":{"uv":[0,0,1,3],"texture":"#0"},"south":{"uv":[0,0,16,3],"texture":"#0"},"west":{"uv":[0,0,1,3],"texture":"#0"},"up":{"uv":[0,0,16,1],"texture":"#0"},"down":{"uv":[0,0,16,1],"texture":"#0"}}},{"from":[-2,9,15],"to":[18,12,16],"rotation":{"angle":-22.5,"axis":"z","origin":[8,10.5,15.5]},"faces":{"north":{"uv":[2,0,5,16],"rotation":90,"texture":"#0"},"east":{"uv":[0,0,1,3],"texture":"#0"},"south":{"uv":[0,0,16,3],"texture":"#0"},"west":{"uv":[0,0,1,3],"texture":"#0"},"up":{"uv":[0,0,16,1],"texture":"#0"},"down":{"uv":[0,0,16,1],"texture":"#0"}}},{"from":[-1.5,10.95,14.9],"to":[-1,11.45,15],"rotation":{"angle":-22.5,"axis":"z","origin":[8,10.5,15.5]},"faces":{"north":{"uv":[0,3,0.5,3.5],"texture":"#1"},"east":{"uv":[0,3,0.5,3.5],"texture":"#1"},"south":{"uv":[0,3,0.5,3.5],"texture":"#1"},"west":{"uv":[0,3,0.5,3.5],"texture":"#1"},"up":{"uv":[0,3,0.5,3.5],"texture":"#1"},"down":{"uv":[0,3,0.5,3.5],"texture":"#1"}}},{"from":[17,10.95,14.9],"to":[17.5,11.45,15],"rotation":{"angle":-22.5,"axis":"z","origin":[8,10.5,15.5]},"faces":{"north":{"uv":[0,3,0.5,3.5],"texture":"#1"},"east":{"uv":[0,3,0.5,3.5],"texture":"#1"},"south":{"uv":[0,3,0.5,3.5],"texture":"#1"},"west":{"uv":[0,3,0.5,3.5],"texture":"#1"},"up":{"uv":[0,3,0.5,3.5],"texture":"#1"},"down":{"uv":[0,3,0.5,3.5],"texture":"#1"}}},{"from":[16.02675,3.01398,14.9],"to":[16.52675,3.51398,15],"rotation":{"angle":0,"axis":"z","origin":[16.27675,2.51398,14.95]},"faces":{"north":{"uv":[0,3,0.5,3.5],"texture":"#1"},"east":{"uv":[0,3,0.5,3.5],"texture":"#1"},"south":{"uv":[0,3,0.5,3.5],"texture":"#1"},"west":{"uv":[0,3,0.5,3.5],"texture":"#1"},"up":{"uv":[0,3,0.5,3.5],"texture":"#1"},"down":{"uv":[0,3,0.5,3.5],"texture":"#1"}}},{"from":[-0.62325,3.01398,14.9],"to":[-0.12325,3.51398,15],"rotation":{"angle":0,"axis":"z","origin":[-0.37325,2.51398,14.95]},"faces":{"north":{"uv":[0,3,0.5,3.5],"texture":"#1"},"east":{"uv":[0,3,0.5,3.5],"texture":"#1"},"south":{"uv":[0,3,0.5,3.5],"texture":"#1"},"west":{"uv":[0,3,0.5,3.5],"texture":"#1"},"up":{"uv":[0,3,0.5,3.5],"texture":"#1"},"down":{"uv":[0,3,0.5,3.5],"texture":"#1"}}},{"from":[-1.5,9.45,14.9],"to":[-1,9.95,15],"rotation":{"angle":-22.5,"axis":"z","origin":[8,10.5,15.5]},"faces":{"north":{"uv":[0,3,0.5,3.5],"texture":"#1"},"east":{"uv":[0,3,0.5,3.5],"texture":"#1"},"south":{"uv":[0,3,0.5,3.5],"texture":"#1"},"west":{"uv":[0,3,0.5,3.5],"texture":"#1"},"up":{"uv":[0,3,0.5,3.5],"texture":"#1"},"down":{"uv":[0,3,0.5,3.5],"texture":"#1"}}},{"from":[17,9.45,14.9],"to":[17.5,9.95,15],"rotation":{"angle":-22.5,"axis":"z","origin":[8,10.5,15.5]},"faces":{"north":{"uv":[0,3,0.5,3.5],"texture":"#1"},"east":{"uv":[0,3,0.5,3.5],"texture":"#1"},"south":{"uv":[0,3,0.5,3.5],"texture":"#1"},"west":{"uv":[0,3,0.5,3.5],"texture":"#1"},"up":{"uv":[0,3,0.5,3.5],"texture":"#1"},"down":{"uv":[0,3,0.5,3.5],"texture":"#1"}}},{"from":[16.02675,1.51398,14.9],"to":[16.52675,2.01398,15],"rotation":{"angle":0,"axis":"z","origin":[16.27675,2.51398,14.95]},"faces":{"north":{"uv":[0,3,0.5,3.5],"texture":"#1"},"east":{"uv":[0,3,0.5,3.5],"texture":"#1"},"south":{"uv":[0,3,0.5,3.5],"texture":"#1"},"west":{"uv":[0,3,0.5,3.5],"texture":"#1"},"up":{"uv":[0,3,0.5,3.5],"texture":"#1"},"down":{"uv":[0,3,0.5,3.5],"texture":"#1"}}},{"from":[-0.62325,1.51398,14.9],"to":[-0.12325,2.01398,15],"rotation":{"angle":0,"axis":"z","origin":[-0.37325,2.51398,14.95]},"faces":{"north":{"uv":[0,3,0.5,3.5],"texture":"#1"},"east":{"uv":[0,3,0.5,3.5],"texture":"#1"},"south":{"uv":[0,3,0.5,3.5],"texture":"#1"},"west":{"uv":[0,3,0.5,3.5],"texture":"#1"},"up":{"uv":[0,3,0.5,3.5],"texture":"#1"},"down":{"uv":[0,3,0.5,3.5],"texture":"#1"}}}],"display":{"thirdperson_righthand":{"rotation":[68,13.5,0],"translation":[-1.75,3.25,-1.5],"scale":[0.51953,0.51953,0.51953]},"thirdperson_lefthand":{"rotation":[68,13.5,0],"translation":[-1.75,3.25,-1.5],"scale":[0.51953,0.51953,0.51953]},"firstperson_righthand":{"rotation":[0,137.25,0],"translation":[2,1.75,-3],"scale":[0.55859,0.55859,0.55859]},"firstperson_lefthand":{"rotation":[0,137.25,0],"translation":[2,1.75,-3],"scale":[0.55859,0.55859,0.55859]},"ground":{"translation":[0,5,-4.75],"scale":[0.5,0.5,0.5]},"gui":{"rotation":[30,-157,0],"translation":[2.5,-2.75,0],"scale":[0.7,0.7,0.7]},"head":{"rotation":[0,-180,0],"translation":[0,-27.75,-2.5],"scale":[1.3,1.28,1.28]},"fixed":{"translation":[0,0,-7.5],"scale":[0.88,0.88,0.88]}}}