{"credit":"Made with Blockbench","textures":{"texture":"3dfantasyweaponscit:item/nongfu/deathbludgeon"},"elements":[{"name":"zDeathBludgeon x128","from":[6,7.375,7.875],"to":[9.75,7.625,8.125],"faces":{"north":{"uv":[9.75,8.375,6,8.625],"texture":"#texture"},"east":{"uv":[9.75,8.375,9.625,8.625],"texture":"#texture"},"south":{"uv":[6,8.375,9.75,8.625],"texture":"#texture"},"west":{"uv":[6,8.375,6.125,8.625],"texture":"#texture"},"up":{"uv":[6,8.5,9.75,8.375],"texture":"#texture"},"down":{"uv":[6,8.5,9.75,8.625],"texture":"#texture"}}},{"name":"zDeathBludgeon x128","from":[6,6.625,7.875],"to":[6.5,6.75,8.125],"faces":{"north":{"uv":[6.5,9.25,6,9.375],"texture":"#texture"},"east":{"uv":[6.5,9.25,6.375,9.375],"texture":"#texture"},"south":{"uv":[6,9.25,6.5,9.375],"texture":"#texture"},"west":{"uv":[6,9.25,6.125,9.375],"texture":"#texture"},"down":{"uv":[6,9.25,6.5,9.375],"texture":"#texture"}}},{"name":"zDeathBludgeon x128","from":[6.125,13.375,7.875],"to":[9.625,13.5,8.125],"faces":{"north":{"uv":[9.625,2.5,6.125,2.625],"texture":"#texture"},"east":{"uv":[9.625,2.5,9.5,2.625],"texture":"#texture"},"south":{"uv":[6.125,2.5,9.625,2.625],"texture":"#texture"},"west":{"uv":[6.125,2.5,6.25,2.625],"texture":"#texture"},"up":{"uv":[6.125,2.5,9.625,2.625],"texture":"#texture"},"down":{"uv":[6.125,2.625,9.625,2.5],"texture":"#texture"}}},{"name":"zDeathBludgeon x128","from":[6.125,7.625,7.875],"to":[9.625,7.75,8.125],"faces":{"north":{"uv":[9.625,8.25,6.125,8.375],"texture":"#texture"},"east":{"uv":[9.625,8.25,9.5,8.375],"texture":"#texture"},"south":{"uv":[6.125,8.25,9.625,8.375],"texture":"#texture"},"west":{"uv":[6.125,8.25,6.25,8.375],"texture":"#texture"},"up":{"uv":[6.125,8.375,9.625,8.25],"texture":"#texture"}}},{"name":"zDeathBludgeon x128","from":[6.125,6.375,7.875],"to":[6.5,6.625,8.125],"faces":{"north":{"uv":[6.5,9.375,6.125,9.625],"texture":"#texture"},"east":{"uv":[6.5,9.375,6.375,9.625],"texture":"#texture"},"south":{"uv":[6.125,9.375,6.5,9.625],"texture":"#texture"},"west":{"uv":[6.125,9.375,6.25,9.625],"texture":"#texture"},"down":{"uv":[6.125,9.5,6.5,9.625],"texture":"#texture"}}},{"name":"zDeathBludgeon x128","from":[6.25,13.5,7.875],"to":[9.5,13.625,8.125],"faces":{"north":{"uv":[9.5,2.375,6.25,2.5],"texture":"#texture"},"east":{"uv":[9.5,2.375,9.375,2.5],"texture":"#texture"},"south":{"uv":[6.25,2.375,9.5,2.5],"texture":"#texture"},"west":{"uv":[6.25,2.375,6.375,2.5],"texture":"#texture"},"up":{"uv":[6.25,2.5,9.5,2.375],"texture":"#texture"}}},{"name":"zDeathBludgeon x128","from":[6.25,13.25,7.875],"to":[9.5,13.375,8.125],"faces":{"north":{"uv":[9.5,2.625,6.25,2.75],"texture":"#texture"},"east":{"uv":[9.5,2.625,9.375,2.75],"texture":"#texture"},"south":{"uv":[6.25,2.625,9.5,2.75],"texture":"#texture"},"west":{"uv":[6.25,2.625,6.375,2.75],"texture":"#texture"},"down":{"uv":[6.25,2.625,9.5,2.75],"texture":"#texture"}}},{"name":"zDeathBludgeon x128","from":[6.25,7.75,7.875],"to":[9.5,7.875,8.125],"faces":{"north":{"uv":[9.5,8.125,6.25,8.25],"texture":"#texture"},"east":{"uv":[9.5,8.125,9.375,8.25],"texture":"#texture"},"south":{"uv":[6.25,8.125,9.5,8.25],"texture":"#texture"},"west":{"uv":[6.25,8.125,6.375,8.25],"texture":"#texture"},"up":{"uv":[6.25,8.25,9.5,8.125],"texture":"#texture"}}},{"name":"zDeathBludgeon x128","from":[6.25,6.25,7.875],"to":[6.625,6.375,8.125],"faces":{"north":{"uv":[6.625,9.625,6.25,9.75],"texture":"#texture"},"east":{"uv":[6.625,9.625,6.5,9.75],"texture":"#texture"},"south":{"uv":[6.25,9.625,6.625,9.75],"texture":"#texture"},"west":{"uv":[6.25,9.625,6.375,9.75],"texture":"#texture"},"up":{"uv":[6.25,9.75,6.625,9.625],"texture":"#texture"},"down":{"uv":[6.25,9.625,6.625,9.75],"texture":"#texture"}}},{"name":"zDeathBludgeon x128","from":[6.375,13.625,7.875],"to":[9.375,13.75,8.125],"faces":{"north":{"uv":[9.375,2.25,6.375,2.375],"texture":"#texture"},"east":{"uv":[9.375,2.25,9.25,2.375],"texture":"#texture"},"south":{"uv":[6.375,2.25,9.375,2.375],"texture":"#texture"},"west":{"uv":[6.375,2.25,6.5,2.375],"texture":"#texture"},"up":{"uv":[6.375,2.375,9.375,2.25],"texture":"#texture"}}},{"name":"zDeathBludgeon x128","from":[6.375,13.125,7.875],"to":[9.375,13.25,8.125],"faces":{"north":{"uv":[9.375,2.75,6.375,2.875],"texture":"#texture"},"east":{"uv":[9.375,2.75,9.25,2.875],"texture":"#texture"},"south":{"uv":[6.375,2.75,9.375,2.875],"texture":"#texture"},"west":{"uv":[6.375,2.75,6.5,2.875],"texture":"#texture"},"down":{"uv":[6.375,2.75,9.375,2.875],"texture":"#texture"}}},{"name":"zDeathBludgeon x128","from":[6.375,6.125,7.875],"to":[6.75,6.25,8.125],"faces":{"north":{"uv":[6.75,9.75,6.375,9.875],"texture":"#texture"},"east":{"uv":[6.75,9.75,6.625,9.875],"texture":"#texture"},"south":{"uv":[6.375,9.75,6.75,9.875],"texture":"#texture"},"west":{"uv":[6.375,9.75,6.5,9.875],"texture":"#texture"},"up":{"uv":[6.375,9.875,6.75,9.75],"texture":"#texture"},"down":{"uv":[6.375,9.75,6.75,9.875],"texture":"#texture"}}},{"name":"zDeathBludgeon x128","from":[6.5,7.875,7.875],"to":[7,8,8.125],"faces":{"north":{"uv":[7,8,6.5,8.125],"texture":"#texture"},"east":{"uv":[7,8,6.875,8.125],"texture":"#texture"},"south":{"uv":[6.5,8,7,8.125],"texture":"#texture"},"west":{"uv":[6.5,8,6.625,8.125],"texture":"#texture"},"up":{"uv":[6.5,8.125,7,8],"texture":"#texture"}}},{"name":"zDeathBludgeon x128","from":[6.5,7,7.875],"to":[6.625,7.375,8.125],"faces":{"north":{"uv":[6.625,8.625,6.5,9],"texture":"#texture"},"east":{"uv":[6.625,8.625,6.5,9],"texture":"#texture"},"south":{"uv":[6.5,8.625,6.625,9],"texture":"#texture"},"down":{"uv":[6.5,8.875,6.625,9],"texture":"#texture"}}},{"name":"zDeathBludgeon x128","from":[6.5,6.375,7.875],"to":[6.625,6.5,8.125],"faces":{"north":{"uv":[6.625,9.5,6.5,9.625],"texture":"#texture"},"east":{"uv":[6.625,9.5,6.5,9.625],"texture":"#texture"},"south":{"uv":[6.5,9.5,6.625,9.625],"texture":"#texture"},"up":{"uv":[6.5,9.625,6.625,9.5],"texture":"#texture"}}},{"name":"zDeathBludgeon x128","from":[6.625,13.75,7.875],"to":[9.125,13.875,8.125],"faces":{"north":{"uv":[9.125,2.125,6.625,2.25],"texture":"#texture"},"east":{"uv":[9.125,2.125,9,2.25],"texture":"#texture"},"south":{"uv":[6.625,2.125,9.125,2.25],"texture":"#texture"},"west":{"uv":[6.625,2.125,6.75,2.25],"texture":"#texture"},"up":{"uv":[6.625,2.25,9.125,2.125],"texture":"#texture"}}},{"name":"zDeathBludgeon x128","from":[6.625,13,7.875],"to":[9.125,13.125,8.125],"faces":{"north":{"uv":[9.125,2.875,6.625,3],"texture":"#texture"},"east":{"uv":[9.125,2.875,9,3],"texture":"#texture"},"south":{"uv":[6.625,2.875,9.125,3],"texture":"#texture"},"west":{"uv":[6.625,2.875,6.75,3],"texture":"#texture"},"down":{"uv":[6.625,2.875,9.125,3],"texture":"#texture"}}},{"name":"zDeathBludgeon x128","from":[6.625,11.875,7.875],"to":[9.125,12,8.125],"faces":{"north":{"uv":[9.125,4,6.625,4.125],"texture":"#texture"},"east":{"uv":[9.125,4,9,4.125],"texture":"#texture"},"south":{"uv":[6.625,4,9.125,4.125],"texture":"#texture"},"west":{"uv":[6.625,4,6.75,4.125],"texture":"#texture"},"up":{"uv":[6.625,4.125,9.125,4],"texture":"#texture"},"down":{"uv":[6.625,4,9.125,4.125],"texture":"#texture"}}},{"name":"zDeathBludgeon x128","from":[6.625,7.125,7.875],"to":[9.875,7.375,8.125],"faces":{"north":{"uv":[9.875,8.625,6.625,8.875],"texture":"#texture"},"east":{"uv":[9.875,8.625,9.75,8.875],"texture":"#texture"},"south":{"uv":[6.625,8.625,9.875,8.875],"texture":"#texture"},"up":{"uv":[6.625,8.75,9.875,8.625],"texture":"#texture"},"down":{"uv":[6.625,8.75,9.875,8.875],"texture":"#texture"}}},{"name":"zDeathBludgeon x128","from":[6.625,6,7.875],"to":[6.875,6.125,8.125],"faces":{"north":{"uv":[6.875,9.875,6.625,10],"texture":"#texture"},"east":{"uv":[6.875,9.875,6.75,10],"texture":"#texture"},"south":{"uv":[6.625,9.875,6.875,10],"texture":"#texture"},"west":{"uv":[6.625,9.875,6.75,10],"texture":"#texture"},"up":{"uv":[6.625,10,6.875,9.875],"texture":"#texture"},"down":{"uv":[6.625,9.875,6.875,10],"texture":"#texture"}}},{"name":"zDeathBludgeon x128","from":[6.75,12,7.875],"to":[9,12.125,8.125],"faces":{"north":{"uv":[9,3.875,6.75,4],"texture":"#texture"},"east":{"uv":[9,3.875,8.875,4],"texture":"#texture"},"south":{"uv":[6.75,3.875,9,4],"texture":"#texture"},"west":{"uv":[6.75,3.875,6.875,4],"texture":"#texture"},"up":{"uv":[6.75,4,9,3.875],"texture":"#texture"}}},{"name":"zDeathBludgeon x128","from":[6.75,11.75,7.875],"to":[9,11.875,8.125],"faces":{"north":{"uv":[9,4.125,6.75,4.25],"texture":"#texture"},"east":{"uv":[9,4.125,8.875,4.25],"texture":"#texture"},"south":{"uv":[6.75,4.125,9,4.25],"texture":"#texture"},"west":{"uv":[6.75,4.125,6.875,4.25],"texture":"#texture"},"down":{"uv":[6.75,4.125,9,4.25],"texture":"#texture"}}},{"name":"zDeathBludgeon x128","from":[6.75,7,7.875],"to":[9,7.125,8.125],"faces":{"north":{"uv":[9,8.875,6.75,9],"texture":"#texture"},"east":{"uv":[9,8.875,8.875,9],"texture":"#texture"},"south":{"uv":[6.75,8.875,9,9],"texture":"#texture"},"west":{"uv":[6.75,8.875,6.875,9],"texture":"#texture"},"down":{"uv":[6.75,8.875,9,9],"texture":"#texture"}}},{"name":"zDeathBludgeon x128","from":[6.875,13.875,7.875],"to":[8.875,14.5,8.125],"faces":{"north":{"uv":[8.875,1.5,6.875,2.125],"texture":"#texture"},"east":{"uv":[8.875,1.5,8.75,2.125],"texture":"#texture"},"south":{"uv":[6.875,1.5,8.875,2.125],"texture":"#texture"},"west":{"uv":[6.875,1.5,7,2.125],"texture":"#texture"},"up":{"uv":[6.875,1.625,8.875,1.5],"texture":"#texture"}}},{"name":"zDeathBludgeon x128","from":[6.875,12.5,7.875],"to":[8.875,13,8.125],"faces":{"north":{"uv":[8.875,3,6.875,3.5],"texture":"#texture"},"east":{"uv":[8.875,3,8.75,3.5],"texture":"#texture"},"south":{"uv":[6.875,3,8.875,3.5],"texture":"#texture"},"west":{"uv":[6.875,3,7,3.5],"texture":"#texture"},"down":{"uv":[6.875,3.375,8.875,3.5],"texture":"#texture"}}},{"name":"zDeathBludgeon x128","from":[6.875,12.125,7.875],"to":[8.875,12.25,8.125],"faces":{"north":{"uv":[8.875,3.75,6.875,3.875],"texture":"#texture"},"east":{"uv":[8.875,3.75,8.75,3.875],"texture":"#texture"},"south":{"uv":[6.875,3.75,8.875,3.875],"texture":"#texture"},"west":{"uv":[6.875,3.75,7,3.875],"texture":"#texture"},"up":{"uv":[6.875,3.875,8.875,3.75],"texture":"#texture"}}},{"name":"zDeathBludgeon x128","from":[6.875,11.625,7.875],"to":[8.875,11.75,8.125],"faces":{"north":{"uv":[8.875,4.25,6.875,4.375],"texture":"#texture"},"east":{"uv":[8.875,4.25,8.75,4.375],"texture":"#texture"},"south":{"uv":[6.875,4.25,8.875,4.375],"texture":"#texture"},"west":{"uv":[6.875,4.25,7,4.375],"texture":"#texture"},"down":{"uv":[6.875,4.25,8.875,4.375],"texture":"#texture"}}},{"name":"zDeathBludgeon x128","from":[7,14.5,7.875],"to":[8.75,14.75,8.125],"faces":{"north":{"uv":[8.75,1.25,7,1.5],"texture":"#texture"},"east":{"uv":[8.75,1.25,8.625,1.5],"texture":"#texture"},"south":{"uv":[7,1.25,8.75,1.5],"texture":"#texture"},"west":{"uv":[7,1.25,7.125,1.5],"texture":"#texture"},"up":{"uv":[7,1.375,8.75,1.25],"texture":"#texture"}}},{"name":"zDeathBludgeon x128","from":[7,12.25,7.875],"to":[8.75,12.5,8.125],"faces":{"north":{"uv":[8.75,3.5,7,3.75],"texture":"#texture"},"east":{"uv":[8.75,3.5,8.625,3.75],"texture":"#texture"},"south":{"uv":[7,3.5,8.75,3.75],"texture":"#texture"},"west":{"uv":[7,3.5,7.125,3.75],"texture":"#texture"}}},{"name":"zDeathBludgeon x128","from":[7,11.25,7.875],"to":[8.75,11.625,8.125],"faces":{"north":{"uv":[8.75,4.375,7,4.75],"texture":"#texture"},"east":{"uv":[8.75,4.375,8.625,4.75],"texture":"#texture"},"south":{"uv":[7,4.375,8.75,4.75],"texture":"#texture"},"west":{"uv":[7,4.375,7.125,4.75],"texture":"#texture"},"down":{"uv":[7,4.625,8.75,4.75],"texture":"#texture"}}},{"name":"zDeathBludgeon x128","from":[7,6.5,7.875],"to":[8.75,7,8.125],"faces":{"north":{"uv":[8.75,9,7,9.5],"texture":"#texture"},"east":{"uv":[8.75,9,8.625,9.5],"texture":"#texture"},"south":{"uv":[7,9,8.75,9.5],"texture":"#texture"},"west":{"uv":[7,9,7.125,9.5],"texture":"#texture"},"down":{"uv":[7,9.375,8.75,9.5],"texture":"#texture"}}},{"name":"zDeathBludgeon x128","from":[7.125,14.75,7.875],"to":[8.625,15,8.125],"faces":{"north":{"uv":[8.625,1,7.125,1.25],"texture":"#texture"},"east":{"uv":[8.625,1,8.5,1.25],"texture":"#texture"},"south":{"uv":[7.125,1,8.625,1.25],"texture":"#texture"},"west":{"uv":[7.125,1,7.25,1.25],"texture":"#texture"},"up":{"uv":[7.125,1.125,8.625,1],"texture":"#texture"}}},{"name":"zDeathBludgeon x128","from":[7.125,9.75,7.875],"to":[8.625,11.25,8.125],"faces":{"north":{"uv":[8.625,4.75,7.125,6.25],"texture":"#texture"},"east":{"uv":[8.625,4.75,8.5,6.25],"texture":"#texture"},"south":{"uv":[7.125,4.75,8.625,6.25],"texture":"#texture"},"west":{"uv":[7.125,4.75,7.25,6.25],"texture":"#texture"},"down":{"uv":[7.125,6.125,8.625,6.25],"texture":"#texture"}}},{"name":"zDeathBludgeon x128","from":[7.125,6.375,7.875],"to":[8.625,6.5,8.125],"faces":{"north":{"uv":[8.625,9.5,7.125,9.625],"texture":"#texture"},"east":{"uv":[8.625,9.5,8.5,9.625],"texture":"#texture"},"south":{"uv":[7.125,9.5,8.625,9.625],"texture":"#texture"},"west":{"uv":[7.125,9.5,7.25,9.625],"texture":"#texture"},"down":{"uv":[7.125,9.5,8.625,9.625],"texture":"#texture"}}},{"name":"zDeathBludgeon x128","from":[7.25,15,7.875],"to":[8.5,15.125,8.125],"faces":{"north":{"uv":[8.5,0.875,7.25,1],"texture":"#texture"},"east":{"uv":[8.5,0.875,8.375,1],"texture":"#texture"},"south":{"uv":[7.25,0.875,8.5,1],"texture":"#texture"},"west":{"uv":[7.25,0.875,7.375,1],"texture":"#texture"},"up":{"uv":[7.25,1,8.5,0.875],"texture":"#texture"}}},{"name":"zDeathBludgeon x128","from":[7.25,8.75,7.875],"to":[8.5,9.75,8.125],"faces":{"north":{"uv":[8.5,6.25,7.25,7.25],"texture":"#texture"},"east":{"uv":[8.5,6.25,8.375,7.25],"texture":"#texture"},"south":{"uv":[7.25,6.25,8.5,7.25],"texture":"#texture"},"west":{"uv":[7.25,6.25,7.375,7.25],"texture":"#texture"},"down":{"uv":[7.25,7.125,8.5,7.25],"texture":"#texture"}}},{"name":"zDeathBludgeon x128","from":[7.25,6.25,7.875],"to":[8.5,6.375,8.125],"faces":{"north":{"uv":[8.5,9.625,7.25,9.75],"texture":"#texture"},"east":{"uv":[8.5,9.625,8.375,9.75],"texture":"#texture"},"south":{"uv":[7.25,9.625,8.5,9.75],"texture":"#texture"},"west":{"uv":[7.25,9.625,7.375,9.75],"texture":"#texture"},"down":{"uv":[7.25,9.625,8.5,9.75],"texture":"#texture"}}},{"name":"zDeathBludgeon x128","from":[7.25,5.25,7.875],"to":[8.5,5.5,8.125],"faces":{"north":{"uv":[8.5,10.5,7.25,10.75],"texture":"#texture"},"east":{"uv":[8.5,10.5,8.375,10.75],"texture":"#texture"},"south":{"uv":[7.25,10.5,8.5,10.75],"texture":"#texture"},"west":{"uv":[7.25,10.5,7.375,10.75],"texture":"#texture"},"up":{"uv":[7.25,10.625,8.5,10.5],"texture":"#texture"},"down":{"uv":[7.25,10.625,8.5,10.75],"texture":"#texture"}}},{"name":"zDeathBludgeon x128","from":[7.375,15.125,7.875],"to":[8.375,15.25,8.125],"faces":{"north":{"uv":[8.375,0.75,7.375,0.875],"texture":"#texture"},"east":{"uv":[8.375,0.75,8.25,0.875],"texture":"#texture"},"south":{"uv":[7.375,0.75,8.375,0.875],"texture":"#texture"},"west":{"uv":[7.375,0.75,7.5,0.875],"texture":"#texture"},"up":{"uv":[7.375,0.875,8.375,0.75],"texture":"#texture"}}},{"name":"zDeathBludgeon x128","from":[7.375,8,7.875],"to":[8.375,8.75,8.125],"faces":{"north":{"uv":[8.375,7.25,7.375,8],"texture":"#texture"},"east":{"uv":[8.375,7.25,8.25,8],"texture":"#texture"},"south":{"uv":[7.375,7.25,8.375,8],"texture":"#texture"},"west":{"uv":[7.375,7.25,7.5,8],"texture":"#texture"},"down":{"uv":[7.375,7.875,8.375,8],"texture":"#texture"}}},{"name":"zDeathBludgeon x128","from":[7.375,6,7.875],"to":[8.375,6.25,8.125],"faces":{"north":{"uv":[8.375,9.75,7.375,10],"texture":"#texture"},"east":{"uv":[8.375,9.75,8.25,10],"texture":"#texture"},"south":{"uv":[7.375,9.75,8.375,10],"texture":"#texture"},"west":{"uv":[7.375,9.75,7.5,10],"texture":"#texture"},"down":{"uv":[7.375,9.875,8.375,10],"texture":"#texture"}}},{"name":"zDeathBludgeon x128","from":[7.375,5.5,7.875],"to":[8.375,5.625,8.125],"faces":{"north":{"uv":[8.375,10.375,7.375,10.5],"texture":"#texture"},"east":{"uv":[8.375,10.375,8.25,10.5],"texture":"#texture"},"south":{"uv":[7.375,10.375,8.375,10.5],"texture":"#texture"},"west":{"uv":[7.375,10.375,7.5,10.5],"texture":"#texture"},"up":{"uv":[7.375,10.5,8.375,10.375],"texture":"#texture"}}},{"name":"zDeathBludgeon x128","from":[7.375,5.125,7.875],"to":[8.375,5.25,8.125],"faces":{"north":{"uv":[8.375,10.75,7.375,10.875],"texture":"#texture"},"east":{"uv":[8.375,10.75,8.25,10.875],"texture":"#texture"},"south":{"uv":[7.375,10.75,8.375,10.875],"texture":"#texture"},"west":{"uv":[7.375,10.75,7.5,10.875],"texture":"#texture"},"down":{"uv":[7.375,10.75,8.375,10.875],"texture":"#texture"}}},{"name":"zDeathBludgeon x128","from":[7.5,7.875,7.875],"to":[8.25,8,8.125],"faces":{"north":{"uv":[8.25,8,7.5,8.125],"texture":"#texture"},"east":{"uv":[8.25,8,8.125,8.125],"texture":"#texture"},"south":{"uv":[7.5,8,8.25,8.125],"texture":"#texture"},"west":{"uv":[7.5,8,7.625,8.125],"texture":"#texture"}}},{"name":"zDeathBludgeon x128","from":[7.5,1.375,7.875],"to":[8.25,2.375,8.125],"faces":{"north":{"uv":[8.25,13.625,7.5,14.625],"texture":"#texture"},"east":{"uv":[8.25,13.625,8.125,14.625],"texture":"#texture"},"south":{"uv":[7.5,13.625,8.25,14.625],"texture":"#texture"},"west":{"uv":[7.5,13.625,7.625,14.625],"texture":"#texture"},"up":{"uv":[7.5,13.75,8.25,13.625],"texture":"#texture"},"down":{"uv":[7.5,14.5,8.25,14.625],"texture":"#texture"}}},{"name":"zDeathBludgeon x128","from":[7.625,15.25,7.875],"to":[8.125,15.375,8.125],"faces":{"north":{"uv":[8.125,0.625,7.625,0.75],"texture":"#texture"},"east":{"uv":[8.125,0.625,8,0.75],"texture":"#texture"},"south":{"uv":[7.625,0.625,8.125,0.75],"texture":"#texture"},"west":{"uv":[7.625,0.625,7.75,0.75],"texture":"#texture"},"up":{"uv":[7.625,0.75,8.125,0.625],"texture":"#texture"}}},{"name":"zDeathBludgeon x128","from":[7.625,5.625,7.875],"to":[8.125,6,8.125],"faces":{"north":{"uv":[8.125,10,7.625,10.375],"texture":"#texture"},"east":{"uv":[8.125,10,8,10.375],"texture":"#texture"},"south":{"uv":[7.625,10,8.125,10.375],"texture":"#texture"},"west":{"uv":[7.625,10,7.75,10.375],"texture":"#texture"}}},{"name":"zDeathBludgeon x128","from":[7.625,2.375,7.875],"to":[8.125,5.125,8.125],"faces":{"north":{"uv":[8.125,10.875,7.625,13.625],"texture":"#texture"},"east":{"uv":[8.125,10.875,8,13.625],"texture":"#texture"},"south":{"uv":[7.625,10.875,8.125,13.625],"texture":"#texture"},"west":{"uv":[7.625,10.875,7.75,13.625],"texture":"#texture"}}},{"name":"zDeathBludgeon x128","from":[7.625,0.875,7.875],"to":[8.125,1.375,8.125],"faces":{"north":{"uv":[8.125,14.625,7.625,15.125],"texture":"#texture"},"east":{"uv":[8.125,14.625,8,15.125],"texture":"#texture"},"south":{"uv":[7.625,14.625,8.125,15.125],"texture":"#texture"},"west":{"uv":[7.625,14.625,7.75,15.125],"texture":"#texture"},"down":{"uv":[7.625,15,8.125,15.125],"texture":"#texture"}}},{"name":"zDeathBludgeon x128","from":[7.75,0,7.875],"to":[7.875,0.875,8.125],"faces":{"north":{"uv":[7.875,15.125,7.75,16],"texture":"#texture"},"east":{"uv":[7.875,15.125,7.75,16],"texture":"#texture"},"south":{"uv":[7.75,15.125,7.875,16],"texture":"#texture"},"west":{"uv":[7.75,15.125,7.875,16],"texture":"#texture"},"down":{"uv":[7.75,15.875,7.875,16],"texture":"#texture","cullface":"down"}}},{"name":"zDeathBludgeon x128","from":[7.875,0.25,7.875],"to":[8,0.875,8.125],"faces":{"north":{"uv":[8,15.125,7.875,15.75],"texture":"#texture"},"east":{"uv":[8,15.125,7.875,15.75],"texture":"#texture"},"south":{"uv":[7.875,15.125,8,15.75],"texture":"#texture"},"down":{"uv":[7.875,15.625,8,15.75],"texture":"#texture"}}},{"name":"zDeathBludgeon x128","from":[8.125,5.75,7.875],"to":[8.25,6,8.125],"faces":{"north":{"uv":[8.25,10,8.125,10.25],"texture":"#texture"},"east":{"uv":[8.25,10,8.125,10.25],"texture":"#texture"},"south":{"uv":[8.125,10,8.25,10.25],"texture":"#texture"},"down":{"uv":[8.125,10.125,8.25,10.25],"texture":"#texture"}}},{"name":"zDeathBludgeon x128","from":[8.75,7.875,7.875],"to":[9.25,8,8.125],"faces":{"north":{"uv":[9.25,8,8.75,8.125],"texture":"#texture"},"east":{"uv":[9.25,8,9.125,8.125],"texture":"#texture"},"south":{"uv":[8.75,8,9.25,8.125],"texture":"#texture"},"west":{"uv":[8.75,8,8.875,8.125],"texture":"#texture"},"up":{"uv":[8.75,8.125,9.25,8],"texture":"#texture"}}},{"name":"zDeathBludgeon x128","from":[9.125,7,7.875],"to":[9.875,7.125,8.125],"faces":{"north":{"uv":[9.875,8.875,9.125,9],"texture":"#texture"},"east":{"uv":[9.875,8.875,9.75,9],"texture":"#texture"},"south":{"uv":[9.125,8.875,9.875,9],"texture":"#texture"},"west":{"uv":[9.125,8.875,9.25,9],"texture":"#texture"},"down":{"uv":[9.125,8.875,9.875,9],"texture":"#texture"}}},{"name":"zDeathBludgeon x128","from":[9.25,6.875,7.875],"to":[9.75,7,8.125],"faces":{"north":{"uv":[9.75,9,9.25,9.125],"texture":"#texture"},"east":{"uv":[9.75,9,9.625,9.125],"texture":"#texture"},"south":{"uv":[9.25,9,9.75,9.125],"texture":"#texture"},"west":{"uv":[9.25,9,9.375,9.125],"texture":"#texture"},"down":{"uv":[9.25,9,9.75,9.125],"texture":"#texture"}}},{"name":"zDeathBludgeon x128","from":[9.375,6.75,7.875],"to":[9.625,6.875,8.125],"faces":{"north":{"uv":[9.625,9.125,9.375,9.25],"texture":"#texture"},"east":{"uv":[9.625,9.125,9.5,9.25],"texture":"#texture"},"south":{"uv":[9.375,9.125,9.625,9.25],"texture":"#texture"},"west":{"uv":[9.375,9.125,9.5,9.25],"texture":"#texture"},"down":{"uv":[9.375,9.125,9.625,9.25],"texture":"#texture"}}},{"name":"Element","from":[7.125,14.5,7.75],"to":[8.625,14.75,8.25],"faces":{"north":{"uv":[8.625,1.25,7.125,1.5],"texture":"#texture"},"east":{"uv":[8.625,1.25,8.5,1.5],"texture":"#texture"},"south":{"uv":[7.125,1.25,8.625,1.5],"texture":"#texture"},"west":{"uv":[7.125,1.25,7.25,1.5],"texture":"#texture"},"up":{"uv":[7.125,1.375,8.625,1.25],"texture":"#texture"}}},{"name":"Element","from":[7.25,14.75,7.75],"to":[8.5,15,8.25],"faces":{"north":{"uv":[8.5,1,7.25,1.25],"texture":"#texture"},"east":{"uv":[8.5,1,8.375,1.25],"texture":"#texture"},"south":{"uv":[7.25,1,8.5,1.25],"texture":"#texture"},"west":{"uv":[7.25,1,7.375,1.25],"texture":"#texture"},"up":{"uv":[7.25,1.125,8.5,1],"texture":"#texture"}}},{"name":"Element","from":[7.375,15,7.75],"to":[8.375,15.125,8.25],"faces":{"north":{"uv":[8.375,0.875,7.375,1],"texture":"#texture"},"east":{"uv":[8.375,0.875,8.25,1],"texture":"#texture"},"south":{"uv":[7.375,0.875,8.375,1],"texture":"#texture"},"west":{"uv":[7.375,0.875,7.5,1],"texture":"#texture"},"up":{"uv":[7.375,1,8.375,0.875],"texture":"#texture"}}},{"name":"Element","from":[7.625,15.125,7.75],"to":[8.125,15.25,8.25],"faces":{"north":{"uv":[8.125,0.75,7.625,0.875],"texture":"#texture"},"east":{"uv":[8.125,0.75,8,0.875],"texture":"#texture"},"south":{"uv":[7.625,0.75,8.125,0.875],"texture":"#texture"},"west":{"uv":[7.625,0.75,7.75,0.875],"texture":"#texture"},"up":{"uv":[7.625,0.875,8.125,0.75],"texture":"#texture"}}},{"name":"Element","from":[7.125,11.25,7.75],"to":[8.625,12.5,8.25],"faces":{"north":{"uv":[8.625,3.5,7.125,4.75],"texture":"#texture"},"east":{"uv":[8.625,3.5,8.5,4.75],"texture":"#texture"},"south":{"uv":[7.125,3.5,8.625,4.75],"texture":"#texture"},"west":{"uv":[7.125,3.5,7.25,4.75],"texture":"#texture"},"down":{"uv":[7.125,4.625,8.625,4.75],"texture":"#texture"}}},{"name":"Element","from":[7.25,9.75,7.75],"to":[8.5,11.25,8.25],"faces":{"north":{"uv":[8.5,4.75,7.25,6.25],"texture":"#texture"},"east":{"uv":[8.5,4.75,8.375,6.25],"texture":"#texture"},"south":{"uv":[7.25,4.75,8.5,6.25],"texture":"#texture"},"west":{"uv":[7.25,4.75,7.375,6.25],"texture":"#texture"},"down":{"uv":[7.25,6.125,8.5,6.25],"texture":"#texture"}}},{"name":"Element","from":[7.375,8.75,7.75],"to":[8.375,9.75,8.25],"faces":{"north":{"uv":[8.375,6.25,7.375,7.25],"texture":"#texture"},"east":{"uv":[8.375,6.25,8.25,7.25],"texture":"#texture"},"south":{"uv":[7.375,6.25,8.375,7.25],"texture":"#texture"},"west":{"uv":[7.375,6.25,7.5,7.25],"texture":"#texture"},"down":{"uv":[7.375,7.125,8.375,7.25],"texture":"#texture"}}},{"name":"Element","from":[7.5,8,7.75],"to":[8.25,8.75,8.25],"faces":{"north":{"uv":[8.25,7.25,7.5,8],"texture":"#texture"},"east":{"uv":[8.25,7.25,8.125,8],"texture":"#texture"},"south":{"uv":[7.5,7.25,8.25,8],"texture":"#texture"},"west":{"uv":[7.5,7.25,7.625,8],"texture":"#texture"}}},{"name":"Element","from":[7.125,12.125,7.625],"to":[8.625,14.5,8.375],"faces":{"north":{"uv":[8.625,1.5,7.125,3.875],"texture":"#texture"},"east":{"uv":[8.625,1.5,8.5,3.875],"texture":"#texture"},"south":{"uv":[7.125,1.5,8.625,3.875],"texture":"#texture"},"west":{"uv":[7.125,1.5,7.25,3.875],"texture":"#texture"},"up":{"uv":[7.125,1.625,8.625,1.5],"texture":"#texture"},"down":{"uv":[7.125,3.75,8.625,3.875],"texture":"#texture"}}},{"name":"Element","from":[7.375,14.75,7.625],"to":[8.375,15,8.375],"faces":{"north":{"uv":[8.375,1,7.375,1.25],"texture":"#texture"},"east":{"uv":[8.375,1,8.25,1.25],"texture":"#texture"},"south":{"uv":[7.375,1,8.375,1.25],"texture":"#texture"},"west":{"uv":[7.375,1,7.5,1.25],"texture":"#texture"},"up":{"uv":[7.375,1.125,8.375,1],"texture":"#texture"}}},{"name":"Element","from":[7.625,15,7.625],"to":[8.125,15.125,8.375],"faces":{"north":{"uv":[8.125,0.875,7.625,1],"texture":"#texture"},"east":{"uv":[8.125,0.875,8,1],"texture":"#texture"},"south":{"uv":[7.625,0.875,8.125,1],"texture":"#texture"},"west":{"uv":[7.625,0.875,7.75,1],"texture":"#texture"},"up":{"uv":[7.625,1,8.125,0.875],"texture":"#texture"}}},{"name":"Element","from":[7.25,10.625,7.625],"to":[8.5,12.125,8.375],"faces":{"north":{"uv":[8.5,3.875,7.25,5.375],"texture":"#texture"},"east":{"uv":[8.5,3.875,8.375,5.375],"texture":"#texture"},"south":{"uv":[7.25,3.875,8.5,5.375],"texture":"#texture"},"west":{"uv":[7.25,3.875,7.375,5.375],"texture":"#texture"},"down":{"uv":[7.25,5.25,8.5,5.375],"texture":"#texture"}}},{"name":"Element","from":[7.5,8.25,7.625],"to":[8.25,9.375,8.375],"faces":{"north":{"uv":[8.25,6.625,7.5,7.75],"texture":"#texture"},"east":{"uv":[8.25,6.625,8.125,7.75],"texture":"#texture"},"south":{"uv":[7.5,6.625,8.25,7.75],"texture":"#texture"},"west":{"uv":[7.5,6.625,7.625,7.75],"texture":"#texture"}}},{"name":"Element","from":[7.5,8,7.625],"to":[8.25,8.25,8.375],"faces":{"north":{"uv":[8.25,7.75,7.5,8],"texture":"#texture"},"east":{"uv":[8.25,7.75,8.125,8],"texture":"#texture"},"south":{"uv":[7.5,7.75,8.25,8],"texture":"#texture"},"west":{"uv":[7.5,7.75,7.625,8],"texture":"#texture"},"down":{"uv":[7.5,7.875,8.25,8],"texture":"#texture"}}},{"name":"Element","from":[7.25,11.875,7.5],"to":[8.5,14.75,8.5],"faces":{"north":{"uv":[8.5,1.25,7.25,4.125],"texture":"#texture"},"east":{"uv":[8.5,1.25,8.375,4.125],"texture":"#texture"},"south":{"uv":[7.25,1.25,8.5,4.125],"texture":"#texture"},"west":{"uv":[7.25,1.25,7.375,4.125],"texture":"#texture"},"up":{"uv":[7.25,1.375,8.5,1.25],"texture":"#texture"},"down":{"uv":[7.25,4,8.5,4.125],"texture":"#texture"}}},{"name":"Element","from":[7.375,9.25,7.5],"to":[8.375,11.875,8.5],"faces":{"north":{"uv":[8.375,4.125,7.375,6.75],"texture":"#texture"},"east":{"uv":[8.375,4.125,8.25,6.75],"texture":"#texture"},"south":{"uv":[7.375,4.125,8.375,6.75],"texture":"#texture"},"west":{"uv":[7.375,4.125,7.5,6.75],"texture":"#texture"},"down":{"uv":[7.375,6.625,8.375,6.75],"texture":"#texture"}}},{"name":"Element","from":[7.5,8.25,7.5],"to":[8.25,9.25,8.5],"faces":{"north":{"uv":[8.25,6.75,7.5,7.75],"texture":"#texture"},"east":{"uv":[8.25,6.75,8.125,7.75],"texture":"#texture"},"south":{"uv":[7.5,6.75,8.25,7.75],"texture":"#texture"},"west":{"uv":[7.5,6.75,7.625,7.75],"texture":"#texture"},"down":{"uv":[7.5,7.625,8.25,7.75],"texture":"#texture"}}},{"name":"Element","from":[7.625,8.125,7.5],"to":[8.125,8.25,8.5],"faces":{"north":{"uv":[8.125,7.75,7.625,7.875],"texture":"#texture"},"east":{"uv":[8.125,7.75,8,7.875],"texture":"#texture"},"south":{"uv":[7.625,7.75,8.125,7.875],"texture":"#texture"},"west":{"uv":[7.625,7.75,7.75,7.875],"texture":"#texture"},"down":{"uv":[7.625,7.75,8.125,7.875],"texture":"#texture"}}},{"name":"Element","from":[7.375,14.75,7.5],"to":[8.375,14.875,8.5],"faces":{"north":{"uv":[8.375,1.125,7.375,1.25],"texture":"#texture"},"east":{"uv":[8.375,1.125,8.25,1.25],"texture":"#texture"},"south":{"uv":[7.375,1.125,8.375,1.25],"texture":"#texture"},"west":{"uv":[7.375,1.125,7.5,1.25],"texture":"#texture"},"up":{"uv":[7.375,1.25,8.375,1.125],"texture":"#texture"}}},{"name":"Element","from":[7.625,14.875,7.5],"to":[8.125,15,8.5],"faces":{"north":{"uv":[8.125,1,7.625,1.125],"texture":"#texture"},"east":{"uv":[8.125,1,8,1.125],"texture":"#texture"},"south":{"uv":[7.625,1,8.125,1.125],"texture":"#texture"},"west":{"uv":[7.625,1,7.75,1.125],"texture":"#texture"},"up":{"uv":[7.625,1.125,8.125,1],"texture":"#texture"}}},{"name":"Element","from":[7.375,11.625,7.375],"to":[8.375,14.75,8.625],"faces":{"north":{"uv":[8.375,1.25,7.375,4.375],"texture":"#texture"},"east":{"uv":[8.375,1.25,8.25,4.375],"texture":"#texture"},"south":{"uv":[7.375,1.25,8.375,4.375],"texture":"#texture"},"west":{"uv":[7.375,1.25,7.5,4.375],"texture":"#texture"},"up":{"uv":[7.375,1.375,8.375,1.25],"texture":"#texture"},"down":{"uv":[7.375,4.25,8.375,4.375],"texture":"#texture"}}},{"name":"Element","from":[7.5,10.625,7.375],"to":[8.25,11.625,8.625],"faces":{"north":{"uv":[8.25,4.375,7.5,5.375],"texture":"#texture"},"east":{"uv":[8.25,4.375,8.125,5.375],"texture":"#texture"},"south":{"uv":[7.5,4.375,8.25,5.375],"texture":"#texture"},"west":{"uv":[7.5,4.375,7.625,5.375],"texture":"#texture"},"down":{"uv":[7.5,5.25,8.25,5.375],"texture":"#texture"}}},{"name":"Element","from":[7.625,9.625,7.375],"to":[8.125,10.625,8.625],"faces":{"north":{"uv":[8.125,5.375,7.625,6.375],"texture":"#texture"},"east":{"uv":[8.125,5.375,8,6.375],"texture":"#texture"},"south":{"uv":[7.625,5.375,8.125,6.375],"texture":"#texture"},"west":{"uv":[7.625,5.375,7.75,6.375],"texture":"#texture"},"down":{"uv":[7.625,6.25,8.125,6.375],"texture":"#texture"}}},{"name":"Element","from":[7.75,9.5,7.375],"to":[8,9.625,8.625],"faces":{"north":{"uv":[8,6.375,7.75,6.5],"texture":"#texture"},"east":{"uv":[8,6.375,7.875,6.5],"texture":"#texture"},"south":{"uv":[7.75,6.375,8,6.5],"texture":"#texture"},"west":{"uv":[7.75,6.375,7.875,6.5],"texture":"#texture"},"down":{"uv":[7.75,6.375,8,6.5],"texture":"#texture"}}},{"name":"Element","from":[7.5,14.75,7.375],"to":[8.25,14.875,8.625],"faces":{"north":{"uv":[8.25,1.125,7.5,1.25],"texture":"#texture"},"east":{"uv":[8.25,1.125,8.125,1.25],"texture":"#texture"},"south":{"uv":[7.5,1.125,8.25,1.25],"texture":"#texture"},"west":{"uv":[7.5,1.125,7.625,1.25],"texture":"#texture"},"up":{"uv":[7.5,1.25,8.25,1.125],"texture":"#texture"}}},{"name":"Element","from":[6.25,13.375,7.75],"to":[9.5,13.5,8.25],"faces":{"north":{"uv":[9.5,2.5,6.25,2.625],"texture":"#texture"},"east":{"uv":[9.5,2.5,9.375,2.625],"texture":"#texture"},"south":{"uv":[6.25,2.5,9.5,2.625],"texture":"#texture"},"west":{"uv":[6.25,2.5,6.375,2.625],"texture":"#texture"},"up":{"uv":[6.25,2.625,9.5,2.5],"texture":"#texture"},"down":{"uv":[6.25,2.5,9.5,2.625],"texture":"#texture"}}},{"name":"Element","from":[6.375,13.25,7.75],"to":[9.375,13.375,8.25],"faces":{"north":{"uv":[9.375,2.625,6.375,2.75],"texture":"#texture"},"east":{"uv":[9.375,2.625,9.25,2.75],"texture":"#texture"},"south":{"uv":[6.375,2.625,9.375,2.75],"texture":"#texture"},"west":{"uv":[6.375,2.625,6.5,2.75],"texture":"#texture"},"down":{"uv":[6.375,2.625,9.375,2.75],"texture":"#texture"}}},{"name":"Element","from":[6.625,13.125,7.75],"to":[9.125,13.25,8.25],"faces":{"north":{"uv":[9.125,2.75,6.625,2.875],"texture":"#texture"},"east":{"uv":[9.125,2.75,9,2.875],"texture":"#texture"},"south":{"uv":[6.625,2.75,9.125,2.875],"texture":"#texture"},"west":{"uv":[6.625,2.75,6.75,2.875],"texture":"#texture"},"down":{"uv":[6.625,2.75,9.125,2.875],"texture":"#texture"}}},{"name":"Element","from":[6.375,13.5,7.75],"to":[9.375,13.625,8.25],"faces":{"north":{"uv":[9.375,2.375,6.375,2.5],"texture":"#texture"},"east":{"uv":[9.375,2.375,9.25,2.5],"texture":"#texture"},"south":{"uv":[6.375,2.375,9.375,2.5],"texture":"#texture"},"west":{"uv":[6.375,2.375,6.5,2.5],"texture":"#texture"},"up":{"uv":[6.375,2.5,9.375,2.375],"texture":"#texture"}}},{"name":"Element","from":[6.625,13.625,7.75],"to":[9.125,13.75,8.25],"faces":{"north":{"uv":[9.125,2.25,6.625,2.375],"texture":"#texture"},"east":{"uv":[9.125,2.25,9,2.375],"texture":"#texture"},"south":{"uv":[6.625,2.25,9.125,2.375],"texture":"#texture"},"west":{"uv":[6.625,2.25,6.75,2.375],"texture":"#texture"},"up":{"uv":[6.625,2.375,9.125,2.25],"texture":"#texture"}}},{"name":"Element","from":[6.75,11.875,7.75],"to":[9,12,8.25],"faces":{"north":{"uv":[9,4,6.75,4.125],"texture":"#texture"},"east":{"uv":[9,4,8.875,4.125],"texture":"#texture"},"south":{"uv":[6.75,4,9,4.125],"texture":"#texture"},"west":{"uv":[6.75,4,6.875,4.125],"texture":"#texture"},"up":{"uv":[6.75,4.125,9,4],"texture":"#texture"},"down":{"uv":[6.75,4,9,4.125],"texture":"#texture"}}},{"name":"Element","from":[6.875,11.75,7.75],"to":[8.875,11.875,8.25],"faces":{"north":{"uv":[8.875,4.125,6.875,4.25],"texture":"#texture"},"east":{"uv":[8.875,4.125,8.75,4.25],"texture":"#texture"},"south":{"uv":[6.875,4.125,8.875,4.25],"texture":"#texture"},"west":{"uv":[6.875,4.125,7,4.25],"texture":"#texture"},"down":{"uv":[6.875,4.125,8.875,4.25],"texture":"#texture"}}},{"name":"Element","from":[6.875,12,7.75],"to":[8.875,12.125,8.25],"faces":{"north":{"uv":[8.875,3.875,6.875,4],"texture":"#texture"},"east":{"uv":[8.875,3.875,8.75,4],"texture":"#texture"},"south":{"uv":[6.875,3.875,8.875,4],"texture":"#texture"},"west":{"uv":[6.875,3.875,7,4],"texture":"#texture"},"up":{"uv":[6.875,4,8.875,3.875],"texture":"#texture"}}},{"name":"Element","from":[5.875,6.75,7.875],"to":[6.5,7.375,8.125],"faces":{"north":{"uv":[6.5,8.625,5.875,9.25],"texture":"#texture"},"east":{"uv":[6.5,8.625,6.375,9.25],"texture":"#texture"},"south":{"uv":[5.875,8.625,6.5,9.25],"texture":"#texture"},"west":{"uv":[5.875,8.625,6,9.25],"texture":"#texture"},"up":{"uv":[5.875,8.75,6.5,8.625],"texture":"#texture"},"down":{"uv":[5.875,9.125,6.5,9.25],"texture":"#texture"}}},{"name":"Element","from":[7.5,13.125,7.25],"to":[8.25,13.75,8.75],"faces":{"north":{"uv":[8.25,2.25,7.5,2.875],"texture":"#texture"},"east":{"uv":[8.25,2.25,8.125,2.875],"texture":"#texture"},"south":{"uv":[7.5,2.25,8.25,2.875],"texture":"#texture"},"west":{"uv":[7.5,2.25,7.625,2.875],"texture":"#texture"},"up":{"uv":[7.5,2.375,8.25,2.25],"texture":"#texture"},"down":{"uv":[7.5,2.75,8.25,2.875],"texture":"#texture"}}},{"name":"Element","from":[7.625,13,7.25],"to":[8.125,13.875,8.75],"faces":{"north":{"uv":[8.125,2.125,7.625,3],"texture":"#texture"},"east":{"uv":[8.125,2.125,8,3],"texture":"#texture"},"south":{"uv":[7.625,2.125,8.125,3],"texture":"#texture"},"west":{"uv":[7.625,2.125,7.75,3],"texture":"#texture"},"up":{"uv":[7.625,2.25,8.125,2.125],"texture":"#texture"},"down":{"uv":[7.625,2.875,8.125,3],"texture":"#texture"}}},{"name":"Element","from":[7.75,11.625,7.25],"to":[8,12.25,8.75],"faces":{"north":{"uv":[8,3.75,7.75,4.375],"texture":"#texture"},"east":{"uv":[8,3.75,7.875,4.375],"texture":"#texture"},"south":{"uv":[7.75,3.75,8,4.375],"texture":"#texture"},"west":{"uv":[7.75,3.75,7.875,4.375],"texture":"#texture"},"up":{"uv":[7.75,3.875,8,3.75],"texture":"#texture"},"down":{"uv":[7.75,4.25,8,4.375],"texture":"#texture"}}},{"name":"Element","from":[7.625,11.75,7.25],"to":[8.125,12.125,8.75],"faces":{"north":{"uv":[8.125,3.875,7.625,4.25],"texture":"#texture"},"east":{"uv":[8.125,3.875,8,4.25],"texture":"#texture"},"south":{"uv":[7.625,3.875,8.125,4.25],"texture":"#texture"},"west":{"uv":[7.625,3.875,7.75,4.25],"texture":"#texture"},"up":{"uv":[7.625,4,8.125,3.875],"texture":"#texture"},"down":{"uv":[7.625,4.125,8.125,4.25],"texture":"#texture"}}},{"name":"Element","from":[7.75,13.25,6.875],"to":[8,13.625,9.125],"faces":{"north":{"uv":[8,2.375,7.75,2.75],"texture":"#texture"},"east":{"uv":[8,2.375,7.875,2.75],"texture":"#texture"},"south":{"uv":[7.75,2.375,8,2.75],"texture":"#texture"},"west":{"uv":[7.75,2.375,7.875,2.75],"texture":"#texture"},"up":{"uv":[7.75,2.5,8,2.375],"texture":"#texture"},"down":{"uv":[7.75,2.625,8,2.75],"texture":"#texture"}}},{"name":"Element","from":[7.75,11.75,7.125],"to":[8,12.125,8.875],"faces":{"north":{"uv":[8,3.875,7.75,4.25],"texture":"#texture"},"east":{"uv":[8,3.875,7.875,4.25],"texture":"#texture"},"south":{"uv":[7.75,3.875,8,4.25],"texture":"#texture"},"west":{"uv":[7.75,3.875,7.875,4.25],"texture":"#texture"},"up":{"uv":[7.75,4,8,3.875],"texture":"#texture"},"down":{"uv":[7.75,4.125,8,4.25],"texture":"#texture"}}},{"name":"Element","from":[7.625,13.125,7.125],"to":[8.125,13.75,8.875],"faces":{"north":{"uv":[8.125,2.25,7.625,2.875],"texture":"#texture"},"east":{"uv":[8.125,2.25,8,2.875],"texture":"#texture"},"south":{"uv":[7.625,2.25,8.125,2.875],"texture":"#texture"},"west":{"uv":[7.625,2.25,7.75,2.875],"texture":"#texture"},"up":{"uv":[7.625,2.375,8.125,2.25],"texture":"#texture"},"down":{"uv":[7.625,2.75,8.125,2.875],"texture":"#texture"}}},{"name":"Element","from":[7.625,13.25,7],"to":[8.125,13.625,9],"faces":{"north":{"uv":[8.125,2.375,7.625,2.75],"texture":"#texture"},"east":{"uv":[8.125,2.375,8,2.75],"texture":"#texture"},"south":{"uv":[7.625,2.375,8.125,2.75],"texture":"#texture"},"west":{"uv":[7.625,2.375,7.75,2.75],"texture":"#texture"},"up":{"uv":[7.625,2.5,8.125,2.375],"texture":"#texture"},"down":{"uv":[7.625,2.625,8.125,2.75],"texture":"#texture"}}},{"name":"Element","from":[7.5,6.125,7.75],"to":[8.25,7.875,8.25],"faces":{"north":{"uv":[8.25,8.125,7.5,9.875],"texture":"#texture"},"east":{"uv":[8.25,8.125,8.125,9.875],"texture":"#texture"},"south":{"uv":[7.5,8.125,8.25,9.875],"texture":"#texture"},"west":{"uv":[7.5,8.125,7.625,9.875],"texture":"#texture"},"up":{"uv":[7.5,8.25,8.25,8.125],"texture":"#texture"},"down":{"uv":[7.5,9.75,8.25,9.875],"texture":"#texture"}}},{"name":"Element","from":[8,6,7.75],"to":[8.25,6.125,8.25],"faces":{"north":{"uv":[8.25,9.875,8,10],"texture":"#texture"},"east":{"uv":[8.25,9.875,8.125,10],"texture":"#texture"},"south":{"uv":[8,9.875,8.25,10],"texture":"#texture"},"west":{"uv":[8,9.875,8.125,10],"texture":"#texture"},"down":{"uv":[8,9.875,8.25,10],"texture":"#texture"}}},{"name":"Element","from":[7.875,5.75,7.75],"to":[8.125,6,8.25],"faces":{"north":{"uv":[8.125,10,7.875,10.25],"texture":"#texture"},"east":{"uv":[8.125,10,8,10.25],"texture":"#texture"},"south":{"uv":[7.875,10,8.125,10.25],"texture":"#texture"},"west":{"uv":[7.875,10,8,10.25],"texture":"#texture"},"up":{"uv":[7.875,10.125,8.125,10],"texture":"#texture"},"down":{"uv":[7.875,10.125,8.125,10.25],"texture":"#texture"}}},{"name":"Element","from":[7.75,5.625,7.75],"to":[8,5.875,8.25],"faces":{"north":{"uv":[8,10.125,7.75,10.375],"texture":"#texture"},"east":{"uv":[8,10.125,7.875,10.375],"texture":"#texture"},"south":{"uv":[7.75,10.125,8,10.375],"texture":"#texture"},"west":{"uv":[7.75,10.125,7.875,10.375],"texture":"#texture"},"up":{"uv":[7.75,10.25,8,10.125],"texture":"#texture"}}},{"name":"Element","from":[7.125,6.5,7.75],"to":[7.5,7.75,8.25],"faces":{"north":{"uv":[7.5,8.25,7.125,9.5],"texture":"#texture"},"south":{"uv":[7.125,8.25,7.5,9.5],"texture":"#texture"},"west":{"uv":[7.125,8.25,7.25,9.5],"texture":"#texture"},"up":{"uv":[7.125,8.375,7.5,8.25],"texture":"#texture"},"down":{"uv":[7.125,9.375,7.5,9.5],"texture":"#texture"}}},{"name":"Element","from":[8.25,6.5,7.75],"to":[8.625,7.75,8.25],"faces":{"north":{"uv":[8.625,8.25,8.25,9.5],"texture":"#texture"},"east":{"uv":[8.625,8.25,8.5,9.5],"texture":"#texture"},"south":{"uv":[8.25,8.25,8.625,9.5],"texture":"#texture"},"up":{"uv":[8.25,8.375,8.625,8.25],"texture":"#texture"},"down":{"uv":[8.25,9.375,8.625,9.5],"texture":"#texture"}}},{"name":"Element","from":[8.25,6.25,7.75],"to":[8.375,6.375,8.25],"faces":{"north":{"uv":[8.375,9.625,8.25,9.75],"texture":"#texture"},"east":{"uv":[8.375,9.625,8.25,9.75],"texture":"#texture"},"south":{"uv":[8.25,9.625,8.375,9.75],"texture":"#texture"},"down":{"uv":[8.25,9.625,8.375,9.75],"texture":"#texture"}}},{"name":"Element","from":[7,7,7.75],"to":[7.125,7.75,8.25],"faces":{"north":{"uv":[7.125,8.25,7,9],"texture":"#texture"},"south":{"uv":[7,8.25,7.125,9],"texture":"#texture"},"west":{"uv":[7,8.25,7.125,9],"texture":"#texture"},"up":{"uv":[7,8.375,7.125,8.25],"texture":"#texture"},"down":{"uv":[7,8.875,7.125,9],"texture":"#texture"}}},{"name":"Element","from":[6.75,7.125,7.75],"to":[7,7.875,8.25],"faces":{"north":{"uv":[7,8.125,6.75,8.875],"texture":"#texture"},"east":{"uv":[7,8.125,6.875,8.875],"texture":"#texture"},"south":{"uv":[6.75,8.125,7,8.875],"texture":"#texture"},"west":{"uv":[6.75,8.125,6.875,8.875],"texture":"#texture"},"up":{"uv":[6.75,8.25,7,8.125],"texture":"#texture"},"down":{"uv":[6.75,8.75,7,8.875],"texture":"#texture"}}},{"name":"Element","from":[6.5,7.25,7.75],"to":[6.75,7.875,8.25],"faces":{"north":{"uv":[6.75,8.125,6.5,8.75],"texture":"#texture"},"south":{"uv":[6.5,8.125,6.75,8.75],"texture":"#texture"},"west":{"uv":[6.5,8.125,6.625,8.75],"texture":"#texture"},"up":{"uv":[6.5,8.25,6.75,8.125],"texture":"#texture"},"down":{"uv":[6.5,8.625,6.75,8.75],"texture":"#texture"}}},{"name":"Element","from":[6.25,7,7.75],"to":[6.5,7.75,8.25],"faces":{"north":{"uv":[6.5,8.25,6.25,9],"texture":"#texture"},"east":{"uv":[6.5,8.25,6.375,9],"texture":"#texture"},"south":{"uv":[6.25,8.25,6.5,9],"texture":"#texture"},"west":{"uv":[6.25,8.25,6.375,9],"texture":"#texture"},"up":{"uv":[6.25,8.375,6.5,8.25],"texture":"#texture"},"down":{"uv":[6.25,8.875,6.5,9],"texture":"#texture"}}},{"name":"Element","from":[6.125,6.625,7.75],"to":[6.25,7.625,8.25],"faces":{"north":{"uv":[6.25,8.375,6.125,9.375],"texture":"#texture"},"east":{"uv":[6.25,8.375,6.125,9.375],"texture":"#texture"},"south":{"uv":[6.125,8.375,6.25,9.375],"texture":"#texture"},"west":{"uv":[6.125,8.375,6.25,9.375],"texture":"#texture"},"up":{"uv":[6.125,8.5,6.25,8.375],"texture":"#texture"},"down":{"uv":[6.125,9.25,6.25,9.375],"texture":"#texture"}}},{"name":"Element","from":[6,6.75,7.75],"to":[6.125,7.375,8.25],"faces":{"north":{"uv":[6.125,8.625,6,9.25],"texture":"#texture"},"south":{"uv":[6,8.625,6.125,9.25],"texture":"#texture"},"west":{"uv":[6,8.625,6.125,9.25],"texture":"#texture"},"up":{"uv":[6,8.75,6.125,8.625],"texture":"#texture"},"down":{"uv":[6,9.125,6.125,9.25],"texture":"#texture"}}},{"name":"Element","from":[6.25,6.375,7.75],"to":[6.375,7,8.25],"faces":{"north":{"uv":[6.375,9,6.25,9.625],"texture":"#texture"},"east":{"uv":[6.375,9,6.25,9.625],"texture":"#texture"},"south":{"uv":[6.25,9,6.375,9.625],"texture":"#texture"},"west":{"uv":[6.25,9,6.375,9.625],"texture":"#texture"},"down":{"uv":[6.25,9.5,6.375,9.625],"texture":"#texture"}}},{"name":"Element","from":[6.375,6.25,7.75],"to":[6.5,6.5,8.25],"faces":{"north":{"uv":[6.5,9.5,6.375,9.75],"texture":"#texture"},"east":{"uv":[6.5,9.5,6.375,9.75],"texture":"#texture"},"south":{"uv":[6.375,9.5,6.5,9.75],"texture":"#texture"},"west":{"uv":[6.375,9.5,6.5,9.75],"texture":"#texture"},"up":{"uv":[6.375,9.625,6.5,9.5],"texture":"#texture"},"down":{"uv":[6.375,9.625,6.5,9.75],"texture":"#texture"}}},{"name":"Element","from":[8.625,7,7.75],"to":[8.75,7.75,8.25],"faces":{"north":{"uv":[8.75,8.25,8.625,9],"texture":"#texture"},"east":{"uv":[8.75,8.25,8.625,9],"texture":"#texture"},"south":{"uv":[8.625,8.25,8.75,9],"texture":"#texture"},"up":{"uv":[8.625,8.375,8.75,8.25],"texture":"#texture"},"down":{"uv":[8.625,8.875,8.75,9],"texture":"#texture"}}},{"name":"Element","from":[8.75,7.125,7.75],"to":[9,7.875,8.25],"faces":{"north":{"uv":[9,8.125,8.75,8.875],"texture":"#texture"},"east":{"uv":[9,8.125,8.875,8.875],"texture":"#texture"},"south":{"uv":[8.75,8.125,9,8.875],"texture":"#texture"},"west":{"uv":[8.75,8.125,8.875,8.875],"texture":"#texture"},"up":{"uv":[8.75,8.25,9,8.125],"texture":"#texture"},"down":{"uv":[8.75,8.75,9,8.875],"texture":"#texture"}}},{"name":"Element","from":[9,7.25,7.75],"to":[9.25,7.875,8.25],"faces":{"north":{"uv":[9.25,8.125,9,8.75],"texture":"#texture"},"east":{"uv":[9.25,8.125,9.125,8.75],"texture":"#texture"},"south":{"uv":[9,8.125,9.25,8.75],"texture":"#texture"},"up":{"uv":[9,8.25,9.25,8.125],"texture":"#texture"},"down":{"uv":[9,8.625,9.25,8.75],"texture":"#texture"}}},{"name":"Element","from":[9.125,7.125,7.75],"to":[9.25,7.25,8.25],"faces":{"north":{"uv":[9.25,8.75,9.125,8.875],"texture":"#texture"},"south":{"uv":[9.125,8.75,9.25,8.875],"texture":"#texture"},"west":{"uv":[9.125,8.75,9.25,8.875],"texture":"#texture"},"down":{"uv":[9.125,8.75,9.25,8.875],"texture":"#texture"}}},{"name":"Element","from":[9.25,7.125,7.75],"to":[9.5,7.75,8.25],"faces":{"north":{"uv":[9.5,8.25,9.25,8.875],"texture":"#texture"},"east":{"uv":[9.5,8.25,9.375,8.875],"texture":"#texture"},"south":{"uv":[9.25,8.25,9.5,8.875],"texture":"#texture"},"west":{"uv":[9.25,8.25,9.375,8.875],"texture":"#texture"},"up":{"uv":[9.25,8.375,9.5,8.25],"texture":"#texture"},"down":{"uv":[9.25,8.75,9.5,8.875],"texture":"#texture"}}},{"name":"Element","from":[9.5,7.25,7.75],"to":[9.625,7.625,8.25],"faces":{"north":{"uv":[9.625,8.375,9.5,8.75],"texture":"#texture"},"east":{"uv":[9.625,8.375,9.5,8.75],"texture":"#texture"},"south":{"uv":[9.5,8.375,9.625,8.75],"texture":"#texture"},"up":{"uv":[9.5,8.5,9.625,8.375],"texture":"#texture"},"down":{"uv":[9.5,8.625,9.625,8.75],"texture":"#texture"}}},{"name":"Element","from":[9.625,7.25,7.75],"to":[9.75,7.375,8.25],"faces":{"north":{"uv":[9.75,8.625,9.625,8.75],"texture":"#texture"},"east":{"uv":[9.75,8.625,9.625,8.75],"texture":"#texture"},"south":{"uv":[9.625,8.625,9.75,8.75],"texture":"#texture"},"up":{"uv":[9.625,8.75,9.75,8.625],"texture":"#texture"},"down":{"uv":[9.625,8.625,9.75,8.75],"texture":"#texture"}}},{"name":"Element","from":[7.25,7.125,7.625],"to":[8.5,7.75,8.375],"faces":{"north":{"uv":[8.5,8.25,7.25,8.875],"texture":"#texture"},"east":{"uv":[8.5,8.25,8.375,8.875],"texture":"#texture"},"south":{"uv":[7.25,8.25,8.5,8.875],"texture":"#texture"},"west":{"uv":[7.25,8.25,7.375,8.875],"texture":"#texture"},"up":{"uv":[7.25,8.375,8.5,8.25],"texture":"#texture"}}},{"name":"Element","from":[7.125,6.625,7.625],"to":[8.625,7.125,8.375],"faces":{"north":{"uv":[8.625,8.875,8.5,9.375],"texture":"#texture"},"east":{"uv":[8.625,8.875,8.5,9.375],"texture":"#texture"},"south":{"uv":[7.125,8.875,8.625,9.375],"texture":"#texture"},"west":{"uv":[7.125,8.875,7.25,9.375],"texture":"#texture"},"up":{"uv":[7.125,9,8.625,8.875],"texture":"#texture"},"down":{"uv":[7.125,9.25,8.625,9.375],"texture":"#texture"}}},{"name":"Element","from":[7.25,6.375,7.625],"to":[8.5,6.625,8.375],"faces":{"north":{"uv":[8.5,9.375,8.375,9.625],"texture":"#texture"},"east":{"uv":[8.5,9.375,8.375,9.625],"texture":"#texture"},"south":{"uv":[7.25,9.375,8.5,9.625],"texture":"#texture"},"west":{"uv":[7.25,9.375,7.375,9.625],"texture":"#texture"},"down":{"uv":[7.25,9.5,8.5,9.625],"texture":"#texture"}}},{"name":"Element","from":[7.5,6.25,7.625],"to":[8.25,6.375,8.375],"faces":{"north":{"uv":[8.25,9.625,8.125,9.75],"texture":"#texture"},"east":{"uv":[8.25,9.625,8.125,9.75],"texture":"#texture"},"south":{"uv":[7.5,9.625,8.25,9.75],"texture":"#texture"},"west":{"uv":[7.5,9.625,7.625,9.75],"texture":"#texture"},"down":{"uv":[7.5,9.625,8.25,9.75],"texture":"#texture"}}},{"name":"Element","from":[7.75,2.625,7.75],"to":[8,5.625,8.25],"faces":{"north":{"uv":[8,10.375,7.75,13.375],"texture":"#texture"},"east":{"uv":[8,10.375,7.875,13.375],"texture":"#texture"},"south":{"uv":[7.75,10.375,8,13.375],"texture":"#texture"},"west":{"uv":[7.75,10.375,7.875,13.375],"texture":"#texture"}}},{"name":"Element","from":[7.625,5,7.625],"to":[8.125,5.25,8.375],"faces":{"north":{"uv":[8.125,10.75,7.625,11],"texture":"#texture"},"east":{"uv":[8.125,10.75,8,11],"texture":"#texture"},"south":{"uv":[7.625,10.75,8.125,11],"texture":"#texture"},"west":{"uv":[7.625,10.75,7.75,11],"texture":"#texture"},"up":{"uv":[7.625,10.875,8.125,10.75],"texture":"#texture"},"down":{"uv":[7.625,10.875,8.125,11],"texture":"#texture"}}},{"name":"Element","from":[7.75,4.875,7.625],"to":[8,5.375,8.375],"faces":{"north":{"uv":[8,10.625,7.75,11.125],"texture":"#texture"},"east":{"uv":[8,10.625,7.875,11.125],"texture":"#texture"},"south":{"uv":[7.75,10.625,8,11.125],"texture":"#texture"},"west":{"uv":[7.75,10.625,7.875,11.125],"texture":"#texture"},"up":{"uv":[7.75,10.75,8,10.625],"texture":"#texture"},"down":{"uv":[7.75,11,8,11.125],"texture":"#texture"}}},{"name":"Element","from":[7.75,5,7.5],"to":[8,5.25,8.5],"faces":{"north":{"uv":[8,10.75,7.75,11],"texture":"#texture"},"east":{"uv":[8,10.75,7.875,11],"texture":"#texture"},"south":{"uv":[7.75,10.75,8,11],"texture":"#texture"},"west":{"uv":[7.75,10.75,7.875,11],"texture":"#texture"},"up":{"uv":[7.75,10.875,8,10.75],"texture":"#texture"},"down":{"uv":[7.75,10.875,8,11],"texture":"#texture"}}},{"name":"Element","from":[7.375,5.25,7.75],"to":[7.625,5.5,8.25],"faces":{"north":{"uv":[7.625,10.5,7.375,10.75],"texture":"#texture"},"east":{"uv":[7.625,10.5,7.5,10.75],"texture":"#texture"},"south":{"uv":[7.375,10.5,7.625,10.75],"texture":"#texture"},"west":{"uv":[7.375,10.5,7.5,10.75],"texture":"#texture"},"up":{"uv":[7.375,10.625,7.625,10.5],"texture":"#texture"},"down":{"uv":[7.375,10.625,7.625,10.75],"texture":"#texture"}}},{"name":"Element","from":[8.125,5.25,7.75],"to":[8.375,5.5,8.25],"faces":{"north":{"uv":[8.375,10.5,8.125,10.75],"texture":"#texture"},"east":{"uv":[8.375,10.5,8.25,10.75],"texture":"#texture"},"south":{"uv":[8.125,10.5,8.375,10.75],"texture":"#texture"},"west":{"uv":[8.125,10.5,8.25,10.75],"texture":"#texture"},"up":{"uv":[8.125,10.625,8.375,10.5],"texture":"#texture"},"down":{"uv":[8.125,10.625,8.375,10.75],"texture":"#texture"}}},{"name":"Element","from":[7.625,1.375,7.75],"to":[8.125,2.375,8.25],"faces":{"north":{"uv":[8.125,13.625,7.625,14.625],"texture":"#texture"},"east":{"uv":[8.125,13.625,8,14.625],"texture":"#texture"},"south":{"uv":[7.625,13.625,8.125,14.625],"texture":"#texture"},"west":{"uv":[7.625,13.625,7.75,14.625],"texture":"#texture"},"up":{"uv":[7.625,13.75,8.125,13.625],"texture":"#texture"},"down":{"uv":[7.625,14.5,8.125,14.625],"texture":"#texture"}}},{"name":"Element","from":[7.75,0.875,7.75],"to":[8,1.375,8.25],"faces":{"north":{"uv":[8,14.625,7.75,15.125],"texture":"#texture"},"east":{"uv":[8,14.625,7.875,15.125],"texture":"#texture"},"south":{"uv":[7.75,14.625,8,15.125],"texture":"#texture"},"west":{"uv":[7.75,14.625,7.875,15.125],"texture":"#texture"},"down":{"uv":[7.75,15,8,15.125],"texture":"#texture"}}},{"name":"Element","from":[7.75,2.375,7.75],"to":[8,2.625,8.25],"faces":{"north":{"uv":[8,13.375,7.75,13.625],"texture":"#texture"},"east":{"uv":[8,13.375,7.875,13.625],"texture":"#texture"},"south":{"uv":[7.75,13.375,8,13.625],"texture":"#texture"},"west":{"uv":[7.75,13.375,7.875,13.625],"texture":"#texture"}}}],"display":{"thirdperson_righthand":{"rotation":[0,-90,0],"translation":[0,7,1],"scale":[2.4,2.4,2.4]},"thirdperson_lefthand":{"rotation":[0,-90,0],"translation":[0,7,1],"scale":[2.4,2.4,2.4]},"firstperson_righthand":{"rotation":[17,-90,0],"translation":[2.6,5,-0.008],"scale":[1.6,1.6,1.6]},"firstperson_lefthand":{"rotation":[17,-90,0],"translation":[2.6,5,-0.008],"scale":[1.6,1.6,1.6]},"ground":{"rotation":[0,0,-45],"translation":[0,3.3956,0]},"gui":{"rotation":[0,0,-45],"scale":[1.3,1.3,1.3]},"head":{"rotation":[0,0,45],"translation":[0,19,0],"scale":[2,2,2]},"fixed":{"rotation":[0,-180,-45],"translation":[0.5,0,-0.5],"scale":[1.6,1.6,2]}}}