{"credit":"Made with Blockbench","textures":{"main":"iamobs:mob/small_bee/flying"},"elements":[{"from":[4.5,0,3],"to":[11.5,7,13],"rotation":{"angle":0,"axis":"y","origin":[13.5,8,13]},"faces":{"north":{"uv":[1.249875,1.249875,2.11725,2.11725],"texture":"#main","tintindex":0},"east":{"uv":[0,1.249875,1.242,2.11725],"texture":"#main","tintindex":0},"south":{"uv":[3.375,1.249875,4.24209375,2.11725],"texture":"#main","tintindex":0},"west":{"uv":[2.125125,1.249875,3.3671249999999997,2.11725],"texture":"#main","tintindex":0},"up":{"uv":[1.249875,0,2.11696875,1.24228125],"rotation":180,"texture":"#main","tintindex":0},"down":{"uv":[2.125125,0,2.9922187499999997,1.24228125],"texture":"#main","tintindex":0}}},{"name":"wing_left","from":[9.5,7,5],"to":[16.5,7,12],"rotation":{"angle":0,"axis":"z","origin":[13,7,8.5]},"faces":{"north":{"uv":[0,2.3203125,1.0546875,2.7421875],"texture":"#main","tintindex":0},"east":{"uv":[0,2.3203125,1.0546875,2.7421875],"texture":"#main","tintindex":0},"south":{"uv":[0,2.3203125,1.0546875,2.7421875],"texture":"#main","tintindex":0},"west":{"uv":[0,2.3203125,1.0546875,2.7421875],"texture":"#main","tintindex":0},"up":{"uv":[1.87509375,3.00009375,2.7421875,3.796875],"rotation":90,"texture":"#main","tintindex":0},"down":{"uv":[1.000125,2.25,1.8672187500000001,3.04678125],"rotation":90,"texture":"#main","tintindex":0}}},{"name":"wing_left","from":[-0.5,7,5],"to":[6.5,7,12],"rotation":{"angle":0,"axis":"z","origin":[3,7,8.5]},"faces":{"north":{"uv":[0,2.3203125,1.0546875,2.7421875],"texture":"#main","tintindex":0},"east":{"uv":[0,2.3203125,1.0546875,2.7421875],"texture":"#main","tintindex":0},"south":{"uv":[0,2.3203125,1.0546875,2.7421875],"texture":"#main","tintindex":0},"west":{"uv":[0,2.3203125,1.0546875,2.7421875],"texture":"#main","tintindex":0},"up":{"uv":[1.000125,2.25,1.8672187500000001,3.04678125],"rotation":270,"texture":"#main","tintindex":0},"down":{"uv":[1.87509375,3.00009375,2.7421875,3.796875],"rotation":270,"texture":"#main","tintindex":0}}},{"from":[4.5,0,3],"to":[11.5,7,13],"rotation":{"angle":0,"axis":"y","origin":[13.5,8,13]},"faces":{"north":{"uv":[9.249875,1.249875,10.11725,2.11725],"texture":"#main","tintindex":0},"east":{"uv":[8,1.249875,9.242,2.11725],"texture":"#main","tintindex":0},"south":{"uv":[11.375,1.249875,12.24209375,2.11725],"texture":"#main","tintindex":0},"west":{"uv":[10.125125,1.249875,11.367125,2.11725],"texture":"#main","tintindex":0},"up":{"uv":[9.249875,0,10.11696875,1.24228125],"rotation":180,"texture":"#main","tintindex":0},"down":{"uv":[10.125125,0,10.99221875,1.24228125],"texture":"#main","tintindex":0}}},{"name":"wing_left","from":[9.5,8.3,5],"to":[16.5,8.3,12],"rotation":{"angle":22.5,"axis":"z","origin":[13,8.3,8.5]},"faces":{"north":{"uv":[8,2.3203125,9.0546875,2.7421875],"texture":"#main","tintindex":0},"east":{"uv":[8,2.3203125,9.0546875,2.7421875],"texture":"#main","tintindex":0},"south":{"uv":[8,2.3203125,9.0546875,2.7421875],"texture":"#main","tintindex":0},"west":{"uv":[8,2.3203125,9.0546875,2.7421875],"texture":"#main","tintindex":0},"up":{"uv":[9.87509375,3.00009375,10.7421875,3.796875],"rotation":90,"texture":"#main","tintindex":0},"down":{"uv":[9.000125,2.25,9.86721875,3.04678125],"rotation":90,"texture":"#main","tintindex":0}}},{"name":"wing_left","from":[-0.5,8.3,5],"to":[6.5,8.3,12],"rotation":{"angle":-22.5,"axis":"z","origin":[3,8.3,8.5]},"faces":{"north":{"uv":[8,2.3203125,9.0546875,2.7421875],"texture":"#main","tintindex":0},"east":{"uv":[8,2.3203125,9.0546875,2.7421875],"texture":"#main","tintindex":0},"south":{"uv":[8,2.3203125,9.0546875,2.7421875],"texture":"#main","tintindex":0},"west":{"uv":[8,2.3203125,9.0546875,2.7421875],"texture":"#main","tintindex":0},"up":{"uv":[9.000125,2.25,9.86721875,3.04678125],"rotation":270,"texture":"#main","tintindex":0},"down":{"uv":[9.87509375,3.00009375,10.7421875,3.796875],"rotation":270,"texture":"#main","tintindex":0}}},{"from":[4.5,0,3],"to":[11.5,7,13],"rotation":{"angle":0,"axis":"y","origin":[13.5,8,13]},"faces":{"north":{"uv":[1.249875,9.249875,2.11725,10.11725],"texture":"#main","tintindex":0},"east":{"uv":[0,9.249875,1.242,10.11725],"texture":"#main","tintindex":0},"south":{"uv":[3.375,9.249875,4.24209375,10.11725],"texture":"#main","tintindex":0},"west":{"uv":[2.125125,9.249875,3.3671249999999997,10.11725],"texture":"#main","tintindex":0},"up":{"uv":[1.249875,8,2.11696875,9.24228125],"rotation":180,"texture":"#main","tintindex":0},"down":{"uv":[2.125125,8,2.9922187499999997,9.24228125],"texture":"#main","tintindex":0}}},{"name":"wing_left","from":[9.5,9.5,5],"to":[16.5,9.5,12],"rotation":{"angle":45,"axis":"z","origin":[13,9.5,8.5]},"faces":{"north":{"uv":[0,10.3203125,1.0546875,10.7421875],"texture":"#main","tintindex":0},"east":{"uv":[0,10.3203125,1.0546875,10.7421875],"texture":"#main","tintindex":0},"south":{"uv":[0,10.3203125,1.0546875,10.7421875],"texture":"#main","tintindex":0},"west":{"uv":[0,10.3203125,1.0546875,10.7421875],"texture":"#main","tintindex":0},"up":{"uv":[1.87509375,11.00009375,2.7421875,11.796875],"rotation":90,"texture":"#main","tintindex":0},"down":{"uv":[1.000125,10.25,1.8672187500000001,11.04678125],"rotation":90,"texture":"#main","tintindex":0}}},{"name":"wing_left","from":[-0.5,9.5,5],"to":[6.5,9.5,12],"rotation":{"angle":-45,"axis":"z","origin":[3,9.5,8.5]},"faces":{"north":{"uv":[0,10.3203125,1.0546875,10.7421875],"texture":"#main","tintindex":0},"east":{"uv":[0,10.3203125,1.0546875,10.7421875],"texture":"#main","tintindex":0},"south":{"uv":[0,10.3203125,1.0546875,10.7421875],"texture":"#main","tintindex":0},"west":{"uv":[0,10.3203125,1.0546875,10.7421875],"texture":"#main","tintindex":0},"up":{"uv":[1.000125,10.25,1.8672187500000001,11.04678125],"rotation":270,"texture":"#main","tintindex":0},"down":{"uv":[1.87509375,11.00009375,2.7421875,11.796875],"rotation":270,"texture":"#main","tintindex":0}}}],"display":{"thirdperson_righthand":{"rotation":[75,45,0],"translation":[0,2.5,0],"scale":[0.375,0.375,0.375]},"thirdperson_lefthand":{"rotation":[75,45,0],"translation":[0,2.5,0],"scale":[0.375,0.375,0.375]},"firstperson_righthand":{"rotation":[0,111,0],"scale":[0.4,0.4,0.4]},"firstperson_lefthand":{"rotation":[0,132,0],"scale":[0.4,0.4,0.4]},"ground":{"translation":[0,3,0],"scale":[0.25,0.25,0.25]},"gui":{"rotation":[30,225,0],"translation":[0,-2,0],"scale":[0.5,0.5,0.5]},"head":{"translation":[0,-15,0],"scale":[1.1,1.1,1.1]},"fixed":{"scale":[0.75,0.75,0.75]}},"groups":[{"name":"group","origin":[8,8,8],"children":[0,1,2]}],"__comment":"Model animated using Fizzy\u0027s model animator - http://fizzy81.github.io/animated-models/"}